{
    "calllist.item": {
        "dateText.color": "#a8b0b2",
        "phoneIcon.tintcolor": {
            "normal": "#0098c3",
            "pressed": "#0a8aad"
        },
        "nameText.color": "#2b3a3e",
        "phoneIcon.background.tintcolor": {
            "normal": "#d9f2fa",
            "pressed": "#c7e7f0"
        },
        "dateIcon.tintcolor": "#a8b0b2"
    },
    "chathistory.attach.header": {
        "background.image": "header_bg.9.png",
        "text.color": "#ffffff"
    },
    "friendlist.category": {
        "textSeeAll.color": "#a8b0b2",
        "arrowClose.tintcolor": "#a8b0b2",
        "arrowOpen.tintcolor": "#a8b0b2",
        "textSeeAll.arrow.tintcolor": "#a8b0b2",
        "background.color": "#ffffff",
        "text.color": "#7e99a1"
    },
    "chathistory.file.recv.msg": {
        "file.icon.tintcolor": "#484d51",
        "expire.text.color": "#afafaf",
        "arrow.tintcolor": "#a9b5b7",
        "text.color": "#000000"
    },
    "tabBar.item.talk": {
        "normal.image": "gnb_ic_chats_normal.png",
        "selected.image": "gnb_ic_chats_selected.png"
    },
    "chathistory.text.send.msg": {"text.color": "#000000"},
    "grouphome.main": {
        "tab.text.color": "#618f9d",
        "moreTab.icon.tintcolor": {
            "normal": "#ffffff",
            "pressed": "#b6ddeb"
        },
        "albumCreateBtn.image": {
            "normal": "group_ic_postalbum.png",
            "pressed": "group_ic_postalbum_pressed.png"
        },
        "selectedTab.text.color": "#2b3a3e",
        "tab.background.color": "#85c7dd",
        "postWriteBtn.image": {
            "normal": "group_ic_writepost.png",
            "pressed": "group_ic_writepost_pressed.png"
        },
        "tabBottomLine.background.color": "#2b3a3e"
    },
    "chathistory.option.item.voip.video": {
        "background.color": {
            "normal": "#b8dce6",
            "pressed": "#a3cdd9"
        },
        "text.color": {
            "normal": "#2b3a3e",
            "dimmed": "#662b3a3e"
        }
    },
    "chathistory.text.recv.msg": {"text.color": "#000000"},
    "addFriend.tab.icon": {
        "idsearch.image": "gnb_ic_search.png",
        "invite.image": "gnb_ic_contacts.png",
        "qrcode.image": "gnb_ic_qrcode.png",
        "shakeit.image": "gnb_ic_shakeit.png"
    },
    "chathistory.balloon.text.send": {"background.image": {
        "normal": "chatroom_balloon_send_normal.9.png",
        "padding": "11 5.5 16 7.5",
        "pressed": "chatroom_balloon_send_pressed.9.png"
    }},
    "friendlist.common": {"noresult.text.color": "#a8b0b2"},
    "chatlist.item": {
        "messageText.color": "#a8b0b2",
        "nameText.color": "#2b3a3e",
        "newIcon.image": "list_category_chat_new.png",
        "timeText.color": "#abbbc0",
        "muteIcon.tintcolor": "#abbbc0",
        "messageCountText.color": "#ffffff",
        "messageCountText.background.image": "list_category_chat_num.9.png"
    },
    "chathistory.attach.item": {
        "icon.tintcolor": "#2b3a3e",
        "external.icon.tintcolor": "#9cbfc9",
        "background.color": {
            "normal": "#b8dce6",
            "pressed": "#a3cdd9"
        },
        "text.color": "#2b3a3e"
    },
    "chathistory.common": {
        "datebar.background.image": "chatroom_date.9.png",
        "soundsticker.icon.tintcolor": "#8bafba",
        "autoresend.icon.tintcolor": "#8bafba",
        "checkBox.image": {
            "normal": "list_checkbox_img_normal.png",
            "selected": "list_checkbox_img_selected.png"
        },
        "time.color": "#8bafba",
        "name.color": "#8bafba",
        "datebar.text.color": "#ffffff"
    },
    "bottom.button.common": {
        "button1.background.color": {
            "normal": "#eb6a46",
            "pressed": "#c75a3c",
            "dimmed": "#eb6a46"
        },
        "button2.background.color": {
            "normal": "#71b8d0",
            "pressed": "#609eb3",
            "dimmed": "#71b8d0"
        },
        "button1.text.color": {
            "normal": "#ffffff",
            "dimmed": "#66ffffff"
        },
        "button2.text.color": {
            "normal": "#ffffff",
            "dimmed": "#66ffffff"
        }
    },
    "invitemember.tab.item": {
        "icon.tintcolor": "#6a7578",
        "background.image": {
            "normal": "gnb_bg_addfriend_normal.9.png",
            "pressed": "gnb_bg_addfriend_pressed.9.png"
        },
        "text.color": "#2b3a3e"
    },
    "chathistory.music.recv.msg": {
        "title.text.color": "#000000",
        "playlist.default.image": "chatroom_ic_music_playlist.png",
        "playbtn.default.image": "chatroom_music_play_default.png",
        "playing.image": "chatroom_music_bar_playing.png",
        "playbtn.background.pressed.image": "chatroom_music_bar_pressed.png",
        "stopbtn.default.image": "chatroom_music_stop_default.png",
        "playbtn.pressed.image": "chatroom_music_play_pressed.png",
        "playbtn.background.default.image": "chatroom_music_bar_default.png",
        "typename.text.color": "#afafaf",
        "topic.default.image": "chatroom_ic_music_topic.png",
        "service.text.color": "#afafaf",
        "loading.image": "chatroom_music_loading.png",
        "artist.text.color": "#afafaf",
        "stopbtn.pressed.image": "chatroom_music_stop_pressed.png"
    },
    "myhome.post.bottom": {
        "commentText.color": "#65abbe",
        "commentIcon.image": {
            "normal": "timeline_ic_postcomment.png",
            "selected": "timeline_ic_postcomment.png"
        },
        "likeText.color": "#65abbe",
        "likeIcon.image": {
            "normal": "timeline_ic_postlike_off.png",
            "selected": "timeline_ic_postlike_on.png"
        },
        "likeCountText.color": "#65abbe",
        "commentCountText.color": "#65abbe"
    },
    "chathistory.balloon.recv": {"background.image": {
        "normal": "chatroom_balloon_rec_normal.9.png",
        "pressed": "chatroom_balloon_rec_pressed.9.png"
    }},
    "chathistory.memberlist.area": {"background.color": "#e5c4e6ef"},
    "chathistory.contact.send.msg": {
        "arrow.tintcolor": "#ad9d4f",
        "text.color": "#000000"
    },
    "tabBar.item.friend": {
        "normal.image": "gnb_ic_friends_normal.png",
        "selected.image": "gnb_ic_friends_selected.png"
    },
    "moreMenu.item": {
        "addfriend.image": "more_ic_addfriends.png",
        "newIcon.image": "more_ic_new.png",
        "setting.image": "more_ic_settings.png",
        "background.color": {
            "normal": "#ffffff",
            "pressed": "#f7fcfc"
        },
        "text.color": "#2b3a3e"
    },
    "myhome.list.header": {
        "updateTitleText.color": "#b0bcbf",
        "updateText.color": "#b0bcbf",
        "updateTimeText.color": "#b0bcbf"
    },
    "chathistory.file.send.msg": {
        "file.icon.tintcolor": "#5c5a47",
        "expire.text.color": "#afa86b",
        "arrow.tintcolor": "#ad9d4f",
        "text.color": "#000000"
    },
    "chathistory.privatechat.balloon.receive.text": {
        "background.image": {
            "normal": "chatroom_balloon_hidden.9.png",
            "pressed": "chatroom_balloon_hidden.9.png"
        },
        "icon.arrow.tintcolor": "#dde5e8",
        "text.color": "#000000"
    },
    "common.empty.page": {
        "zero.subtitle.color": "#b0bcbf",
        "zerobutton.text.color": "#ffffff",
        "call.name.text.color": "#2b3a3e",
        "zero.title.color": "#2b3a3e",
        "zero.image": "zero_img_empty.png",
        "error.subtitle.color": "#b0bcbf",
        "error.button.background.image": {
            "normal": "button_r07_normal.9.png",
            "pressed": "button_r07_pressed.9.png"
        },
        "call.link.text.color": "#b0bcbf",
        "error.button.text.color": "#ffffff",
        "zerobutton.background.image": {
            "normal": "button_r07_normal.9.png",
            "pressed": "button_r07_pressed.9.png"
        },
        "error.image": "zero_img_error.png"
    },
    "grouphome.friend.request": {
        "btn.background.color": {
            "normal": "#71b8d0",
            "pressed": "#609eb3"
        },
        "btn.text.color": "#ffffff",
        "background.color": "#2b3a3e",
        "message.text.color": "#ffffff",
        "message.icon.tintcolor": "#ffffff"
    },
    "notification.popup": {
        "setting.checkbox.background.image": {
            "normal": "list_checkbox_img_normal.png",
            "selected": "list_checkbox_img_selected.png"
        },
        "title.logo.tintcolor": "#ffffff",
        "title.username.text.color": "#ffffff",
        "title.groupname.text.color": "#ffffff",
        "title.count.background.image": "popup_noti_img_num_bg.9.png",
        "title.background.image": "popup_noti_bg_top.9.png",
        "title.setting.image.tintcolor": "#ffffff",
        "reply.input.bar.background.color": {
            "normal": "#d4d7dd",
            "selected": "#d4d7dd"
        },
        "title.count.text.color": "#ffffff",
        "reply.sendbutton.tintcolor": {
            "normal": "#d4d7dd",
            "pressed": "#609eb3",
            "selected": "#71b8d0"
        }
    },
    "tabBar.item.call": {
        "normal.image": "gnb_ic_call_normal.png",
        "selected.image": "gnb_ic_call_selected.png"
    },
    "tabBar": {
        "background.image.pattern": true,
        "background.image": "gnb_bg_pattern.png",
        "selectorBar.background.color": "#2b3a3e",
        "shadow.image": "gnb_gra.9.png"
    },
    "chathistory.attach.item.image": {
        "contact.image": {"normal": "chatroom_attach_ic_info.png"},
        "take.video.image": {"normal": "chatroom_attach_ic_takevideo.png"},
        "choose.video.image": {"normal": "chatroom_attach_ic_chooesvideo.png"},
        "take.photo.image": {"normal": "chatroom_attach_ic_takephoto.png"},
        "choose.photo.image": {"normal": "chatroom_attach_ic_photo.png"},
        "audio.image": {"normal": "chatroom_attach_ic_voicemessage.png"},
        "location.image": {"normal": "chatroom_attach_ic_location.png"}
    },
    "tabBar.item.more": {
        "normal.image": "gnb_ic_more_normal.png",
        "selected.image": "gnb_ic_more_selected.png"
    },
    "chathistory.groupboard.recv.msg": {
        "videoicon.tintcolor": "#afafaf",
        "more.text.color": "#afafaf",
        "photo.default.tintcolor": "#afafaf",
        "photoicon.tintcolor": "#afafaf",
        "bottom.background.image": "chatroom_gamemsg_line_rec.9.png",
        "sticker.default.tintcolor": "#afafaf",
        "video.default.tintcolor": "#afafaf",
        "location.text.color": "#000000",
        "arrow.tintcolor": "#a9b5b7",
        "text.color": "#000000",
        "bottom.text.color": "#afafaf"
    },
    "myhome.background": {"background.color": "#dbedf2"},
    "navigationBar.tab": {"text.color": {
        "normal": "#ffffff",
        "selected": "#66ffffff"
    }},
    "grouphome.member.category": {
        "edit.btn.background.image": {
            "normal": "button_r10_normal.9.png",
            "pressed": "button_r10_pressed.9.png"
        },
        "category.text.color": "#7e99a1",
        "category.divider.background.color": "#cadce0",
        "category.count.text.color": "#7e99a1",
        "edit.btn.text.color": "#ffffff"
    },
    "chathistory.balloon.video.default.send": {"background.color": "#fff497"},
    "moreMenu.topbanner.item": {
        "subtext.color": "#c2c8c9",
        "arrowIcon.tintcolor": "#cdd6d9",
        "background.color": "#ffffff",
        "topDivider.background.color": "#e6eced",
        "text.color": "#2b3a3e"
    },
    "chathistory.music.send.msg": {
        "title.text.color": "#000000",
        "playlist.default.image": "chatroom_ic_music_playlist.png",
        "playbtn.default.image": "chatroom_music_play_default.png",
        "playing.image": "chatroom_music_bar_playing.png",
        "playbtn.background.pressed.image": "chatroom_music_bar_pressed.png",
        "stopbtn.default.image": "chatroom_music_stop_default.png",
        "playbtn.pressed.image": "chatroom_music_play_pressed.png",
        "playbtn.background.default.image": "chatroom_music_bar_default.png",
        "typename.text.color": "#afa86b",
        "topic.default.image": "chatroom_ic_music_topic.png",
        "service.text.color": "#afa86b",
        "loading.image": "chatroom_music_loading.png",
        "artist.text.color": "#afa86b",
        "stopbtn.pressed.image": "chatroom_music_stop_pressed.png"
    },
    "grouphome.error": {
        "btn.text.color": "#ffffff",
        "sticker.image": "zero_img_error.png",
        "icon.tintcolor": "#b0bcbf",
        "msg.text.color": "#b0bcbf",
        "btn.text.background.image": {
            "normal": "button_r07_normal.9.png",
            "pressed": "button_r07_pressed.9.png"
        },
        "msg.text.shadow": "#00000000"
    },
    "select.chat.bottom": {
        "button.background.color": {
            "normal": "#71b8d0",
            "pressed": "#609eb3"
        },
        "button.icon.tintcolor": "#ffffff",
        "button.text.color": {
            "normal": "#ffffff",
            "dimmed": "#7fffffff"
        }
    },
    "chathistory.option.item.voip.voice": {
        "background.color": {
            "normal": "#b8dce6",
            "pressed": "#a3cdd9"
        },
        "text.color": {
            "normal": "#2b3a3e",
            "dimmed": "#662b3a3e"
        }
    },
    "chathistory.view.common": {
        "background.image.pattern": false,
        "background.image": {
            "normal": "chatroom_bg.9.png",
            "top": "chatroom_img.png",
            "gravity": "right bottom"
        },
        "background.color": "#dff2f7"
    },
    "chathistory.input": {
        "inputText.color": "#2b3a3e",
        "photoButton.icon.image": "chatroom_ic_photo.png",
        "inputText.hint": "#bfc4c5",
        "attachButton.icon.image": "chatroom_ic_add.png",
        "background.image": "chatroom_input_bg.9.png",
        "sendButton.background.color": {
            "normal": "#71b8d0",
            "pressed": "#609eb3"
        },
        "sendButton.tintcolor": "#ffffff",
        "eskButton.icon.image": "chatroom_ic_stickers.png"
    },
    "friendlist.item.common": {
        "new.background.color": {
            "normal": "#ebfbfc",
            "pressed": "#e4f4f5"
        },
        "checked.background.color": {
            "normal": "#f7fcfc",
            "pressed": "#f7fcfc"
        },
        "background.color": {
            "normal": "#ffffff",
            "pressed": "#f7fcfc"
        }
    },
    "chathistory.privatechat.tooltip": {"text.color": "#2b3a3e"},
    "chathistory.option.item.image": {
        "block.image": "chatroom_option_ic_block.png",
        "timer.image": "chatroom_option_ic_timer_normal.png",
        "recommend.dimmed.image": "chatroom_option_ic_recom_disable.png",
        "edit.group.image": "chatroom_option_ic_editgroup_normal.png",
        "invite.image": "chatroom_option_ic_invite_normal.png",
        "leave.dimmed.image": "chatroom_option_ic_leave_disable.png",
        "leave.image": "chatroom_option_ic_leave_normal.png",
        "line.call.dimmed.image": "chatroom_option_ic_linecall_disable.png",
        "album.image": "chatroom_option_ic_albums_normal.png",
        "recommend.image": "chatroom_option_ic_recom_normal.png",
        "create.group.dimmed.image": "chatroom_option_ic_creategroup_disable.png",
        "timer.dimmed.image": "chatroom_option_ic_timer_disable.png",
        "create.group.image": "chatroom_option_ic_creategroup_normal.png",
        "edit.image": "chatroom_option_ic_edit_normal.png",
        "edit.group.dimmed.image": "chatroom_option_ic_editgroup_disable.png",
        "photo.video.dimmed.image": "chatroom_option_ic_pv_disable.png",
        "notification.on.image": "chatroom_option_ic_noti_on.png",
        "album.dimmed.image": "chatroom_option_ic_albums_disable.png",
        "setting.dimmed.image": "chatroom_option_ic_setting_disable.png",
        "invite.dimmed.image": "chatroom_option_ic_invite_disable.png",
        "notification.off.image": "chatroom_option_ic_noti_off.png",
        "setting.image": "chatroom_option_ic_setting_normal.png",
        "unblock.image": "chatroom_option_ic_unblock.png",
        "photo.video.image": "chatroom_option_ic_pv_normal.png",
        "edit.dimmed.image": "chatroom_option_ic_edit_disable.png",
        "line.call.image": "chatroom_option_ic_linecall_normal.png",
        "photo.image": "chatroom_option_ic_pv_normal.png",
        "send.gift.dimmed.image": "chatroom_option_ic_gift_disable.png",
        "send.gift.image": "chatroom_option_ic_gift_normal.png"
    },
    "myhome.write.post": {
        "icon.tintcolor": "#3cadcb",
        "text.color": "#18a9cf"
    },
    "chathistory.gift.send.msg": {
        "background.image": "chatroom_balloon_gift_send.9.png",
        "text.color": "#000000"
    },
    "chathistory.voip.send.msg": {
        "icon.tintcolor": "#484b3d",
        "linecall.text.color": "#000000",
        "text.color": "#000000"
    },
    "chathistory.privatechat.header.banner.item": {
        "icon.tintcolor": "#2b3a3e",
        "text.color": "#2b3a3e"
    },
    "view.common": {"background.color": "#ffffff"},
    "chathistory.groupboard.tip": {"text.color": "#2b3a3e"},
    "search.chat.highlightColor": {
        "chatList.text.color": "#e34c22",
        "receiveMessage.text.color": "#76e7ff",
        "sendMessage.text.color": "#76e7ff"
    },
    "myhome.cover": {
        "officialHomeProfileText.color": "#131313",
        "officialHomeProfileArrow.tintcolor": {
            "normal": "#abbbc0",
            "pressed": "#abbbc0"
        }
    },
    "navigationBar": {
        "title.text.color": "#ffffff",
        "button.background.color": {
            "normal": "#00000000",
            "pressed": "#00000000"
        },
        "badge.text.color": "#ffffff",
        "button.tintcolor": {
            "normal": "#ffffff",
            "pressed": "#b6ddeb",
            "dimmed": "#b6ddeb",
            "selected": "#ffffff"
        },
        "background.image": "header_bg.9.png",
        "badge.new.image": "header_ic_new.png",
        "button.text.color": {
            "normal": "#ffffff",
            "pressed": "#b6ddeb",
            "dimmed": "#b6ddeb",
            "selected": "#ffffff"
        },
        "title.button.tintcolor": "#ffffff",
        "status.background.color": "#55a2bc",
        "badge.count.background.image": "header_num_bg.9.png"
    },
    "chathistory.voice.recv.msg": {
        "speak.expire.image": "chatroom_ic_voicemsg_rec_x.png",
        "bottom.background.image": "chatroom_voicemsg_line_w_rec.9.png",
        "colon.tintcolor": {
            "normal": "#000000",
            "selected": "#000000"
        },
        "seperator.image": "chatroom_voicemsg_line_h_rec.9.png",
        "speak3.image": "chatroom_ic_voicemsg_rec_03.png",
        "speak1.image": "chatroom_ic_voicemsg_rec_01.png",
        "share.image": {
            "normal": "chatroom_ic_voicemsg_rec_share.png",
            "selected": "chatroom_ic_voicemsg_rec_share_pressed.png"
        },
        "play.image": {
            "normal": "chatroom_ic_voicemsg_rec_play.png",
            "selected": "chatroom_ic_voicemsg_rec_play_pressed.png"
        },
        "speak.image": "chatroom_ic_voicemsg_rec_00.png",
        "pause.image": {
            "normal": "chatroom_ic_voicemsg_rec_pause.png",
            "selected": "chatroom_ic_voicemsg_rec_pause_pressed.png"
        },
        "speak2.image": "chatroom_ic_voicemsg_rec_02.png",
        "text.color": {
            "normal": "#000000",
            "selected": "#000000"
        }
    },
    "tabBar.item.timeline": {
        "highlight.image": "gnb_ic_timeline_new.png",
        "normal.image": "gnb_ic_timeline_normal.png",
        "selected.image": "gnb_ic_timeline_selected.png"
    },
    "grouphome.member.profile": {
        "add.btn.icon.tintcolor": "#6a7578",
        "profile.name.text.color": "#131313"
    },
    "addFriend.tab.item": {
        "background.image": {
            "normal": "gnb_bg_addfriend_normal.9.png",
            "pressed": "gnb_bg_addfriend_pressed.9.png"
        },
        "text.color": "#2b3a3e"
    },
    "chathistory.voice.send.msg": {
        "speak.expire.image": "chatroom_ic_voicemsg_send_x.png",
        "bottom.background.image": "chatroom_voicemsg_line_w_send.9.png",
        "colon.tintcolor": {
            "normal": "#000000",
            "selected": "#000000"
        },
        "seperator.image": "chatroom_voicemsg_line_h_send.9.png",
        "speak3.image": "chatroom_ic_voicemsg_send_03.png",
        "speak1.image": "chatroom_ic_voicemsg_send_01.png",
        "share.image": {
            "normal": "chatroom_ic_voicemsg_send_share.png",
            "selected": "chatroom_ic_voicemsg_send_share_pressed.png"
        },
        "play.image": {
            "normal": "chatroom_ic_voicemsg_send_play.png",
            "selected": "chatroom_ic_voicemsg_send_play_pressed.png"
        },
        "speak.image": "chatroom_ic_voicemsg_send_00.png",
        "pause.image": {
            "normal": "chatroom_ic_voicemsg_send_pause.png",
            "selected": "chatroom_ic_voicemsg_send_pause_pressed.png"
        },
        "speak2.image": "chatroom_ic_voicemsg_send_02.png",
        "text.color": {
            "normal": "#000000",
            "selected": "#000000"
        }
    },
    "chathistory.option.item.voip.voice.image": {
        "voice.call.dimmed.image": "chatroom_option_ic_freecall_disable.png",
        "voice.call.image": "chatroom_option_ic_freecall_normal.png"
    },
    "chathistory.onair": {
        "background.image": "chatroom_onair_bg.9.png",
        "subtext.color": "#2b3a3e",
        "text.color": "#2b3a3e"
    },
    "chathistory.voip.recv.msg": {
        "icon.tintcolor": "#484d51",
        "linecall.text.color": "#000000",
        "text.color": "#000000"
    },
    "moreMenu.view": {"background.color": "#ffffff"},
    "myhome.post.header": {
        "groupBtn.popup.arrow.tintcolor": "#bfdbe6",
        "nameText.color": "#131313",
        "groupBtn.background.image": {
            "normal": "button_r09_normal.9.png",
            "pressed": "button_r09_pressed.9.png"
        },
        "groupBtn.text.color": "#556165",
        "groupBtn.popup.background.image": "timeline_img_bg_see_bg01.9.png",
        "sharePostMessage.color": "#131313",
        "groupBtn.popup.pressed.reverse.background.image": {
            "normal": "",
            "pressed": "timeline_img_bg_see_bg02_pressed.9.png"
        },
        "groupBtn.popup.divider.background.color": "#609eb3",
        "groupBtn.icon.tintcolor": "#556165",
        "groupBtn.popup.reverse.background.image": "timeline_img_bg_see_bg02.9.png",
        "timeText.color": "#888888",
        "groupBtn.popup.detail.text.color": "#dfedf2",
        "groupBtn.popup.pressed.background.image": {
            "normal": "",
            "pressed": "timeline_img_bg_see_bg01_pressed.9.png"
        },
        "groupBtn.popup.text.color": "#ffffff"
    },
    "chathistory.balloon.text.recv": {"background.image": {
        "normal": "chatroom_balloon_rec_normal.9.png",
        "padding": "16.5 5 10.5 7.5",
        "pressed": "chatroom_balloon_rec_pressed.9.png"
    }},
    "timeline.list.newpost": {
        "background.image": {
            "normal": "timeline_newpost_btn.9.png",
            "pressed": "timeline_newpost_btn.9.png"
        },
        "text.color": "#2b3a3e"
    },
    "chathistory.gift.recv.msg": {
        "button.background.image": {
            "normal": "button_r07_normal.9.png",
            "pressed": "button_r07_pressed.9.png"
        },
        "background.image": "chatroom_balloon_gift_rec.9.png",
        "button.text.color": "#ffffff",
        "button.text.shadow": "#00000000",
        "text.color": "#000000"
    },
    "grouphome.empty": {
        "empty.album.icon.image.tintcolor": "#b0bcbf",
        "empty.btn.text.color": "#ffffff",
        "empty.note.icon.image.tintcolor": "#b0bcbf",
        "empty.btn.background.image": {
            "normal": "button_r07_normal.9.png",
            "pressed": "button_r07_pressed.9.png"
        },
        "empty.text.color": "#b0bcbf"
    },
    "multi.userselect": {
        "name.text.color": "#2b3a3e",
        "background.color": "#c4e6ef"
    },
    "chathistory.link.recv.msg": {
        "bottom.background.image": "chatroom_gamemsg_line_rec.9.png",
        "detail.text.color": "#afafaf",
        "arrow.tintcolor": "#a9b5b7",
        "text.color": "#000000"
    },
    "timeline.userrecall": {
        "recalled.user.text.color": "#e22337",
        "recall.user.text.color": "#000000",
        "suggest.dialog.text.color": "#eb4e23",
        "recall.user.text.background.color": "#76e7ff"
    },
    "searchBar": {
        "underbar.background.color": {
            "normal": "#cadce0",
            "selected": "#cadce0"
        },
        "text.hint": "#99a1a2",
        "search.icon.image": "list_ic_search.png",
        "cancel.icon.tintcolor": "#8dc6d9",
        "text.color": "#556165"
    },
    "chathistory.groupboard.send.msg": {
        "videoicon.tintcolor": "#afa86b",
        "more.text.color": "#afa86b",
        "photo.default.tintcolor": "#afa86b",
        "photoicon.tintcolor": "#afa86b",
        "bottom.background.image": "chatroom_gamemsg_line_send.9.png",
        "sticker.default.tintcolor": "#afa86b",
        "video.default.tintcolor": "#afa86b",
        "location.text.color": "#000000",
        "arrow.tintcolor": "#ad9d4f",
        "text.color": "#000000",
        "bottom.text.color": "#afa86b"
    },
    "chathistory.privatechat.common": {
        "name.text.color": "#8bafba",
        "timer.text.color": "#8bafba",
        "autoresend.icon.tintcolor": "#8bafba",
        "time.text.color": "#8bafba"
    },
    "select.chat.tab": {
        "background.image": "gnb_bg_select.9.png",
        "selectorBar.background.color": "#2b3a3e",
        "text.shadow": "#00000000",
        "text.color": {
            "normal": "#809ba3",
            "selected": "#2b3a3e"
        }
    },
    "chathistory.input.sendButton.selectType": {
        "icon.tintcolor": {
            "normal": "#2b3a3e",
            "selected": "#14adcc"
        },
        "text.color": {
            "normal": "#2b3a3e",
            "selected": "#14adcc"
        }
    },
    "chathistory.option.item.voip.video.image": {
        "video.call.image": "chatroom_option_ic_videocall_normal.png",
        "video.call.dimmed.image": "chatroom_option_ic_videocall_disable.png"
    },
    "moreMenu.lower.item": {
        "newIcon.image": "more_ic_new.png",
        "icon.tintcolor": "#2b3a3e",
        "background.color": {
            "normal": "#ffffff",
            "pressed": "#f7fcfc"
        },
        "text.color": "#2b3a3e"
    },
    "list.common": {"divider.background.color": "#d6dfe1"},
    "chathistory.balloon.send": {"background.image": {
        "normal": "chatroom_balloon_send_normal.9.png",
        "pressed": "chatroom_balloon_send_pressed.9.png"
    }},
    "navigationBar.search": {
        "back.icon.tintcolor": {
            "normal": "#ffffff",
            "pressed": "#b6ddeb"
        },
        "underbar.background.color": "#b6ddeb",
        "background.image": "header_bg.9.png",
        "text.hint": "#b6ddeb",
        "cancel.icon.tintcolor": "#ffffff",
        "text.color": "#ffffff"
    },
    "album.detail.menu": {
        "checked.icon.tintcolor": "#2b3a3e",
        "item.color": {
            "normal": "#aab0b2",
            "selected": "#2b3a3e"
        }
    },
    "friendlist.item": {
        "phoneIcon.tintcolor": {
            "normal": "#0098c3",
            "pressed": "#0a8aad"
        },
        "phoneNumberText.color": "#a8b0b2",
        "nameText.color": "#2b3a3e",
        "phoneIcon.background.tintcolor": {
            "normal": "#d9f2fa",
            "pressed": "#c7e7f0"
        },
        "addFriend.background.tintcolor": {
            "normal": "#d9f2fa",
            "pressed": "#d3e8f5"
        },
        "arrowIcon.tintcolor": "#a8b0b2",
        "moreButton.text.color": "#ffffff",
        "updateIcon.tintcolor": "#eb491c",
        "addInviteButton.background.image": {
            "normal": "button_r09_normal.9.png",
            "pressed": "button_r09_pressed.9.png"
        },
        "addFriend.icon.tintcolor": "#0098c3",
        "descriptionText.color": "#a8b0b2",
        "statusText.color": "#a8b0b2",
        "checkboxOff.image": "list_checkbox_img_normal.png",
        "checkboxOn.image": "list_checkbox_img_selected.png",
        "addInviteButton.color": "#6cafe7",
        "moreButton.background.image": {
            "normal": "button_r01_normal.9.png",
            "pressed": "button_r01_pressed.9.png"
        }
    },
    "chathistory.option.item": {
        "button.background.color": {
            "normal": "#b8dce6",
            "pressed": "#a3cdd9"
        },
        "bottom.divider.background.color": "#b8dce6",
        "text.color": {
            "normal": "#2b3a3e",
            "dimmed": "#662b3a3e"
        }
    },
    "profile.thumbnail": {
        "group.small.image": "group_thumbnail_small.png",
        "single.big.image": "user_thumbnail_large_00.png",
        "group.big.image": "group_thumbnail_large.png",
        "single.small.image": "user_thumbnail_small_00.png"
    },
    "chathistory.privatechat.view.common": {"background.image": "chatroom_bg_hidden.9.png"},
    "main.view.common": {"background.color": "#ffffff"},
    "chathistory.input.voice": {
        "voip.background.color": {
            "normal": "#71b8d0",
            "pressed": "#609eb3"
        },
        "voip.icon.tintcolor": "#ffffff",
        "voip.text.color": "#ffffff",
        "close.background.color": {
            "normal": "#67a9bf",
            "pressed": "#5a93a6"
        },
        "close.icon.tintcolor": "#ffffff"
    },
    "manifest": {
        "schemaVersion": 1,
        "provider": {
            "name": "LINE Corporation",
            "url": "http://www.linecorp.com"
        },
        "themeVersion": "5.10.0",
        "name": "Moomin",
        "platform": "Android",
        "revision": 11,
        "quality": 85
    },
    "noticenter2": {
        "title.text.color": "#2b3a3e",
        "arrow.icon.image": "timeline_img_tabarrow.png",
        "background.color": "#ffffff",
        "more.icon.tintcolor": "#80898b"
    },
    "chathistory.link.send.msg": {
        "bottom.background.image": "chatroom_gamemsg_line_send.9.png",
        "detail.text.color": "#afa86b",
        "arrow.tintcolor": "#ad9d4f",
        "text.color": "#000000"
    },
    "chathistory.spammer": {
        "name.text.color": "#2b3a3e",
        "button.background.image": {
            "normal": "button_r06_normal.9.png",
            "pressed": "button_r06_pressed.9.png"
        },
        "background.image": "chatroom_onair_bg.9.png",
        "button.text.color": "#ffffff",
        "text.color": "#2b3a3e"
    },
    "navigationBar.moreMenu": {"item.text.color": "#2b3a3e"},
    "tabBar.item": {"badge.background.image": "gnb_num_bg.9.png"},
    "chathistory.balloon.video.default.recv": {"background.color": "#ffffff"},
    "addFriend.tab.addGroup": {
        "icon.background.tintcolor": "#d9f2fa",
        "icon.tintcolor": "#2b3a3e",
        "subtext.color": "#a8b0b2",
        "updateButton.tintcolor": {
            "normal": "#71b8d0",
            "pressed": "#609eb3"
        },
        "background.color": {
            "normal": "#ffffff",
            "pressed": "#f7fcfc"
        },
        "addButton.text.color": "#ffffff",
        "addButton.background.tintcolor": {
            "normal": "#71b8d0",
            "pressed": "#609eb3"
        },
        "arrow.tintcolor": "#abbbc0",
        "text.color": "#2b3a3e"
    },
    "chathistory.contact.recv.msg": {
        "arrow.tintcolor": "#a9b5b7",
        "text.color": "#000000"
    },
    "myhome.lineend.smiley": {"smiley.tintcolor": "#ffffff"},
    "splash": {
        "splash.background.image": {
            "normal": "",
            "top": [
                "splash_img.png",
                "splash_logo.png"
            ],
            "gravity": [
                "bottom",
                "center"
            ]
        },
        "background.color": "#d9eef4"
    },
    "passcode": {
        "number.background.tintcolor": {
            "normal": "#ffffff",
            "pressed": "#f1f6f8"
        },
        "passcode3.input.image": "password_ic_03_on.png",
        "passcode2.background.image": "password_ic_02_off.png",
        "passcode1.input.image": "password_ic_01_on.png",
        "number.text.tintcolor": "#67aec6",
        "passcode2.input.image": "password_ic_02_on.png",
        "passcode4.background.image": "password_ic_04_off.png",
        "background.color": "#ffffff",
        "top.background.color": "#85c7dd",
        "text.color": "#ffffff",
        "infotext.color": "#ffffff",
        "passcode1.background.image": "password_ic_01_off.png",
        "number.delete.tintcolor": {
            "normal": "#67aec6",
            "pressed": "#67aec6"
        },
        "passcode3.background.image": "password_ic_03_off.png",
        "number.cancel.text.color": {
            "normal": "#67aec6",
            "pressed": "#6667aec6"
        },
        "passcode4.input.image": "password_ic_04_on.png"
    },
    "myhome.post.body": {"text.color": "#323232"}
}