{
    "calllist.item": {
        "dateText.color": "#ae8bae",
        "phoneIcon.tintcolor": {
            "normal": "#784d77",
            "pressed": "#aa8daa"
        },
        "nameText.color": "#784d77",
        "phoneIcon.background.tintcolor": {
            "normal": "#e3d7e4",
            "pressed": "#d5c6d6"
        },
        "dateIcon.tintcolor": "#ae8bae"
    },
    "chathistory.attach.header": {
        "background.image": "header_bg.9.png",
        "text.color": "#ffffff"
    },
    "friendlist.category": {
        "textSeeAll.color": "#744973",
        "arrowClose.tintcolor": "#d4acd4",
        "arrowOpen.tintcolor": "#d4acd4",
        "textSeeAll.arrow.tintcolor": "#744973",
        "background.color": "#f5eef6",
        "text.color": "#ab75a9"
    },
    "chathistory.file.recv.msg": {
        "file.icon.tintcolor": "#794f78",
        "expire.text.color": "#a68aa5",
        "arrow.tintcolor": "#a68aa5",
        "text.color": "#6a3c69"
    },
    "tabBar.item.talk": {
        "normal.image": "gnb_ic_chats_normal.png",
        "selected.image": "gnb_ic_chats_selected.png"
    },
    "chathistory.text.send.msg": {"text.color": "#6a3c69"},
    "grouphome.main": {
        "tab.text.color": "#c59dc5",
        "moreTab.icon.tintcolor": {
            "normal": "#d1b1d1",
            "pressed": "#9970a1"
        },
        "albumCreateBtn.image": {
            "normal": "group_ic_postalbum.png",
            "pressed": "group_ic_postalbum_pressed.png"
        },
        "selectedTab.text.color": "#9970a1",
        "tab.background.color": "#ffffff",
        "postWriteBtn.image": {
            "normal": "group_ic_writepost.png",
            "pressed": "group_ic_writepost_pressed.png"
        },
        "tabBottomLine.background.color": "#9970a1"
    },
    "chathistory.option.item.voip.video": {
        "background.color": {
            "normal": "#f9f5f9",
            "pressed": "#f0e9f0"
        },
        "text.color": {
            "normal": "#744973",
            "dimmed": "#66744973"
        }
    },
    "chathistory.text.recv.msg": {"text.color": "#6a3c69"},
    "addFriend.tab.icon": {
        "idsearch.image": "gnb_ic_search.png",
        "invite.image": "gnb_ic_contacts.png",
        "qrcode.image": "gnb_ic_qrcode.png",
        "shakeit.image": "gnb_ic_shakeit.png"
    },
    "chathistory.balloon.text.send": {"background.image": {
        "normal": "chatroom_balloon_send_normal.9.png",
        "padding": "11 5 16 8",
        "pressed": "chatroom_balloon_send_pressed.9.png"
    }},
    "friendlist.common": {"noresult.text.color": "#8e6a8d"},
    "chatlist.item": {
        "messageText.color": "#ae8bae",
        "nameText.color": "#784d77",
        "newIcon.image": "list_category_chat_new.png",
        "timeText.color": "#c59dc5",
        "muteIcon.tintcolor": "#866085",
        "messageCountText.color": "#ffffff",
        "messageCountText.background.image": "list_category_chat_num.9.png"
    },
    "chathistory.attach.item": {
        "icon.tintcolor": "#845983",
        "external.icon.tintcolor": "#bea7be",
        "background.color": {
            "normal": "#f9f5f9",
            "pressed": "#f0e9f0"
        },
        "text.color": "#744973"
    },
    "chathistory.common": {
        "datebar.background.image": "chatroom_date.9.png",
        "soundsticker.icon.tintcolor": "#d3b4d3",
        "autoresend.icon.tintcolor": "#d3b4d3",
        "checkBox.image": {
            "normal": "list_checkbox_img_normal.png",
            "selected": "list_checkbox_img_selected.png"
        },
        "time.color": "#d3b4d3",
        "name.color": "#855d84",
        "datebar.text.color": "#ffffff"
    },
    "bottom.button.common": {
        "button1.background.color": {
            "normal": "#744973",
            "pressed": "#674366",
            "dimmed": "#744973"
        },
        "button2.background.color": {
            "normal": "#9970a1",
            "pressed": "#8b6591",
            "dimmed": "#9970a1"
        },
        "button1.text.color": {
            "normal": "#ffffff",
            "dimmed": "#66ffffff"
        },
        "button2.text.color": {
            "normal": "#ffffff",
            "dimmed": "#66ffffff"
        }
    },
    "invitemember.tab.item": {
        "icon.tintcolor": "#744973",
        "background.image": {
            "normal": "gnb_bg_addfriend_normal.9.png",
            "pressed": "gnb_bg_addfriend_pressed.9.png"
        },
        "text.color": "#744973"
    },
    "chathistory.music.recv.msg": {
        "title.text.color": "#6a3c69",
        "playlist.default.image": "chatroom_ic_music_playlist.png",
        "playbtn.default.image": "chatroom_music_play_default.png",
        "playing.image": "chatroom_music_bar_playing.png",
        "playbtn.background.pressed.image": "chatroom_music_bar_pressed.png",
        "stopbtn.default.image": "chatroom_music_stop_default.png",
        "playbtn.pressed.image": "chatroom_music_play_pressed.png",
        "playbtn.background.default.image": "chatroom_music_bar_default.png",
        "typename.text.color": "#6a3c69",
        "topic.default.image": "chatroom_ic_music_topic.png",
        "service.text.color": "#6a3c69",
        "loading.image": "chatroom_music_loading.png",
        "artist.text.color": "#6a3c69",
        "stopbtn.pressed.image": "chatroom_music_stop_pressed.png"
    },
    "myhome.post.bottom": {
        "commentText.color": "#9970a1",
        "commentIcon.image": {
            "normal": "timeline_ic_postcomment.png",
            "selected": "timeline_ic_postcomment.png"
        },
        "likeText.color": "#9970a1",
        "likeIcon.image": {
            "normal": "timeline_ic_postlike_off.png",
            "selected": "timeline_ic_postlike_on.png"
        },
        "likeCountText.color": "#9970a1",
        "commentCountText.color": "#9970a1"
    },
    "chathistory.balloon.recv": {"background.image": {
        "normal": "chatroom_balloon_rec_normal.9.png",
        "pressed": "chatroom_balloon_rec_pressed.9.png"
    }},
    "chathistory.memberlist.area": {"background.color": "#99f0e4f1"},
    "chathistory.contact.send.msg": {
        "arrow.tintcolor": "#9d789c",
        "text.color": "#6a3c69"
    },
    "tabBar.item.friend": {
        "normal.image": "gnb_ic_friends_normal.png",
        "selected.image": "gnb_ic_friends_selected.png"
    },
    "moreMenu.item": {
        "newIcon.image": "more_ic_new.png",
        "background.color": {
            "normal": "#f5eef6",
            "pressed": "#ece1ed"
        },
        "text.color": "#9970a1"
    },
    "myhome.list.header": {
        "updateTitleText.color": "#cab5cc",
        "updateText.color": "#bfa7c1",
        "updateTimeText.color": "#cab5cc"
    },
    "chathistory.file.send.msg": {
        "file.icon.tintcolor": "#774b76",
        "expire.text.color": "#9d789c",
        "arrow.tintcolor": "#9d789c",
        "text.color": "#6a3c69"
    },
    "chathistory.privatechat.balloon.receive.text": {
        "background.image": {
            "normal": "chatroom_balloon_hidden.9.png",
            "pressed": "chatroom_balloon_hidden.9.png"
        },
        "icon.arrow.tintcolor": "#b49db4",
        "text.color": "#6a3c69"
    },
    "common.empty.page": {
        "zero.subtitle.color": "#836583",
        "zerobutton.text.color": "#ffffff",
        "call.name.text.color": "#784d77",
        "zero.title.color": "#674366",
        "zero.image": "zero_img_empty.png",
        "error.subtitle.color": "#856985",
        "error.button.background.image": {
            "normal": "button_r07_normal.9.png",
            "pressed": "button_r07_pressed.9.png"
        },
        "call.link.text.color": "#836583",
        "error.button.text.color": "#ffffff",
        "zerobutton.background.image": {
            "normal": "button_r07_normal.9.png",
            "pressed": "button_r07_pressed.9.png"
        },
        "error.image": "zero_img_error.png"
    },
    "grouphome.friend.request": {
        "btn.background.color": {
            "normal": "#9b6499",
            "pressed": "#915c8f"
        },
        "btn.text.color": "#ffffff",
        "background.color": "#f2ffffff",
        "message.text.color": "#744973",
        "message.icon.tintcolor": "#744973"
    },
    "notification.popup": {
        "setting.checkbox.background.image": {
            "normal": "list_checkbox_img_normal.png",
            "selected": "list_checkbox_img_selected.png"
        },
        "title.logo.tintcolor": "#ffffff",
        "title.username.text.color": "#ffffff",
        "title.groupname.text.color": "#ffffff",
        "title.count.background.image": "popup_noti_img_num_bg.9.png",
        "title.background.image": "popup_noti_bg_top.9.png",
        "title.setting.image.tintcolor": "#ffffff",
        "reply.input.bar.background.color": {
            "normal": "#d4d7dd",
            "selected": "#9970a1"
        },
        "title.count.text.color": "#ffffff",
        "reply.sendbutton.tintcolor": {
            "normal": "#d4d7dd",
            "pressed": "#9970a1",
            "selected": "#9970a1"
        }
    },
    "tabBar.item.call": {
        "normal.image": "gnb_ic_call_normal.png",
        "selected.image": "gnb_ic_call_selected.png"
    },
    "tabBar": {
        "background.image.pattern": true,
        "background.image": "gnb_bg_pattern.png",
        "selectorBar.background.color": "#9970a1",
        "shadow.image": "gnb_gra.9.png"
    },
    "chathistory.attach.item.image": {
        "contact.image": {"normal": "chatroom_attach_ic_info.png"},
        "take.video.image": {"normal": "chatroom_attach_ic_takevideo.png"},
        "choose.video.image": {"normal": "chatroom_attach_ic_chooesvideo.png"},
        "take.photo.image": {"normal": "chatroom_attach_ic_takephoto.png"},
        "choose.photo.image": {"normal": "chatroom_attach_ic_photo.png"},
        "audio.image": {"normal": "chatroom_attach_ic_voicemessage.png"},
        "location.image": {"normal": "chatroom_attach_ic_location.png"}
    },
    "tabBar.item.more": {
        "normal.image": "gnb_ic_more_normal.png",
        "selected.image": "gnb_ic_more_selected.png"
    },
    "chathistory.groupboard.recv.msg": {
        "videoicon.tintcolor": "#a68aa5",
        "more.text.color": "#a68aa5",
        "photo.default.tintcolor": "#a68aa5",
        "photoicon.tintcolor": "#a68aa5",
        "bottom.background.image": "chatroom_gamemsg_line_rec.9.png",
        "sticker.default.tintcolor": "#a68aa5",
        "video.default.tintcolor": "#a68aa5",
        "location.text.color": "#6a3c69",
        "arrow.tintcolor": "#a68aa5",
        "text.color": "#6a3c69",
        "bottom.text.color": "#a68aa5"
    },
    "myhome.background": {"background.color": "#f5eef6"},
    "navigationBar.tab": {"text.color": {
        "normal": "#744973",
        "selected": "#66744973"
    }},
    "grouphome.member.category": {
        "edit.btn.background.image": {
            "normal": "button_r10_normal.9.png",
            "pressed": "button_r10_pressed.9.png"
        },
        "category.text.color": "#744973",
        "category.divider.background.color": "#e2e1ce",
        "category.count.text.color": "#744973",
        "edit.btn.text.color": "#bca2c2"
    },
    "chathistory.balloon.video.default.send": {"background.color": "#edd9ec"},
    "moreMenu.topbanner.item": {
        "subtext.color": "#9970a1",
        "arrowIcon.tintcolor": "#9970a1",
        "background.color": "#f5eef6",
        "topDivider.background.color": "#e6d1e3",
        "text.color": "#9970a1"
    },
    "chathistory.music.send.msg": {
        "title.text.color": "#6a3c69",
        "playlist.default.image": "chatroom_ic_music_playlist.png",
        "playbtn.default.image": "chatroom_music_play_default.png",
        "playing.image": "chatroom_music_bar_playing.png",
        "playbtn.background.pressed.image": "chatroom_music_bar_pressed.png",
        "stopbtn.default.image": "chatroom_music_stop_default.png",
        "playbtn.pressed.image": "chatroom_music_play_pressed.png",
        "playbtn.background.default.image": "chatroom_music_bar_default.png",
        "typename.text.color": "#6a3c69",
        "topic.default.image": "chatroom_ic_music_topic.png",
        "service.text.color": "#6a3c69",
        "loading.image": "chatroom_music_loading.png",
        "artist.text.color": "#6a3c69",
        "stopbtn.pressed.image": "chatroom_music_stop_pressed.png"
    },
    "grouphome.error": {
        "btn.text.color": "#ffffff",
        "sticker.image": "zero_img_error.png",
        "icon.tintcolor": "#b496ba",
        "msg.text.color": "#b496ba",
        "btn.text.background.image": {
            "normal": "button_r07_normal.9.png",
            "pressed": "button_r07_pressed.9.png"
        },
        "msg.text.shadow": "#00000000"
    },
    "select.chat.bottom": {
        "button.background.color": {
            "normal": "#9970a1",
            "pressed": "#8b6591"
        },
        "button.icon.tintcolor": "#ffffff",
        "button.text.color": {
            "normal": "#ffffff",
            "dimmed": "#7fffffff"
        }
    },
    "chathistory.option.item.voip.voice": {
        "background.color": {
            "normal": "#f9f5f9",
            "pressed": "#f0e9f0"
        },
        "text.color": {
            "normal": "#744973",
            "dimmed": "#66744973"
        }
    },
    "chathistory.view.common": {
        "background.image.pattern": true,
        "background.image": {"normal": "chatroom_bg_pattern.png"},
        "background.color": "#f9f5f9"
    },
    "chathistory.input": {
        "inputText.color": "#222222",
        "photoButton.icon.image": "chatroom_ic_photo.png",
        "inputText.hint": "#66222222",
        "attachButton.icon.image": "chatroom_ic_add.png",
        "background.image": "chatroom_input_bg.9.png",
        "sendButton.background.color": {
            "normal": "#9970a1",
            "pressed": "#8b6591"
        },
        "sendButton.tintcolor": "#ffffff",
        "eskButton.icon.image": "chatroom_ic_stickers.png"
    },
    "friendlist.item.common": {
        "new.background.color": {
            "normal": "#fefde7",
            "pressed": "#fafadf"
        },
        "checked.background.color": {
            "normal": "#ece3ed",
            "pressed": "#ece3ed"
        },
        "background.color": {
            "normal": "#f5eef6",
            "pressed": "#ece3ed"
        }
    },
    "chathistory.privatechat.tooltip": {"text.color": "#6a3c69"},
    "chathistory.option.item.image": {
        "block.image": "chatroom_option_ic_block.png",
        "timer.image": "chatroom_option_ic_timer_normal.png",
        "recommend.dimmed.image": "chatroom_option_ic_recom_disable.png",
        "edit.group.image": "chatroom_option_ic_editgroup_normal.png",
        "invite.image": "chatroom_option_ic_invite_normal.png",
        "leave.dimmed.image": "chatroom_option_ic_leave_disable.png",
        "leave.image": "chatroom_option_ic_leave_normal.png",
        "line.call.dimmed.image": "chatroom_option_ic_linecall_disable.png",
        "album.image": "chatroom_option_ic_albums_normal.png",
        "recommend.image": "chatroom_option_ic_recom_normal.png",
        "create.group.dimmed.image": "chatroom_option_ic_creategroup_disable.png",
        "timer.dimmed.image": "chatroom_option_ic_timer_disable.png",
        "create.group.image": "chatroom_option_ic_creategroup_normal.png",
        "edit.image": "chatroom_option_ic_edit_normal.png",
        "edit.group.dimmed.image": "chatroom_option_ic_editgroup_disable.png",
        "photo.video.dimmed.image": "chatroom_option_ic_pv_disable.png",
        "notification.on.image": "chatroom_option_ic_noti_off.png",
        "album.dimmed.image": "chatroom_option_ic_albums_disable.png",
        "setting.dimmed.image": "chatroom_option_ic_setting_disable.png",
        "invite.dimmed.image": "chatroom_option_ic_invite_disable.png",
        "notification.off.image": "chatroom_option_ic_noti_on.png",
        "setting.image": "chatroom_option_ic_setting_normal.png",
        "unblock.image": "chatroom_option_ic_unblock.png",
        "photo.video.image": "chatroom_option_ic_pv_normal.png",
        "edit.dimmed.image": "chatroom_option_ic_edit_disable.png",
        "line.call.image": "chatroom_option_ic_linecall_normal.png",
        "photo.image": "chatroom_option_ic_pv_normal.png",
        "send.gift.dimmed.image": "chatroom_option_ic_gift_disable.png",
        "send.gift.image": "chatroom_option_ic_gift_normal.png"
    },
    "myhome.write.post": {
        "icon.tintcolor": "#9970a1",
        "text.color": "#744973"
    },
    "chathistory.gift.send.msg": {
        "background.image": "chatroom_balloon_gift_send.9.png",
        "text.color": "#6a3c69"
    },
    "chathistory.voip.send.msg": {
        "icon.tintcolor": "#774b76",
        "linecall.text.color": "#774b76",
        "text.color": "#6a3c69"
    },
    "chathistory.privatechat.header.banner.item": {
        "icon.tintcolor": "#9970a1",
        "text.color": "#444444"
    },
    "view.common": {"background.color": "#f5eef6"},
    "chathistory.groupboard.tip": {"text.color": "#6a3c69"},
    "search.chat.highlightColor": {
        "chatList.text.color": "#da689f",
        "receiveMessage.text.color": "#ffe5fe",
        "sendMessage.text.color": "#ffe5fe"
    },
    "myhome.cover": {
        "officialHomeProfileText.color": "#6a3c69",
        "officialHomeProfileArrow.tintcolor": {
            "normal": "#a68aa5",
            "pressed": "#a68aa5"
        }
    },
    "navigationBar": {
        "title.text.color": "#744973",
        "button.background.color": {
            "normal": "#00000000",
            "pressed": "#00000000"
        },
        "badge.text.color": "#ffffff",
        "button.tintcolor": {
            "normal": "#744973",
            "pressed": "#997899",
            "dimmed": "#997899",
            "selected": "#744973"
        },
        "background.image": "header_bg.9.png",
        "badge.new.image": "header_ic_new.png",
        "button.text.color": {
            "normal": "#744973",
            "pressed": "#997899",
            "dimmed": "#997899",
            "selected": "#744973"
        },
        "title.button.tintcolor": "#744973",
        "status.background.color": "#cbbbcc",
        "badge.count.background.image": "header_num_bg.9.png"
    },
    "chathistory.voice.recv.msg": {
        "speak.expire.image": "chatroom_ic_voicemsg_rec_x.png",
        "bottom.background.image": "chatroom_voicemsg_line_w_rec.9.png",
        "colon.tintcolor": {
            "normal": "#d2c4d2",
            "selected": "#794f78"
        },
        "seperator.image": "chatroom_voicemsg_line_h_rec.9.png",
        "speak3.image": "chatroom_ic_voicemsg_rec_03.png",
        "speak1.image": "chatroom_ic_voicemsg_rec_01.png",
        "share.image": {
            "normal": "chatroom_ic_voicemsg_rec_share.png",
            "selected": "chatroom_ic_voicemsg_rec_share_pressed.png"
        },
        "play.image": {
            "normal": "chatroom_ic_voicemsg_rec_play.png",
            "selected": "chatroom_ic_voicemsg_rec_play_pressed.png"
        },
        "speak.image": "chatroom_ic_voicemsg_rec_00.png",
        "pause.image": {
            "normal": "chatroom_ic_voicemsg_rec_pause.png",
            "selected": "chatroom_ic_voicemsg_rec_pause_pressed.png"
        },
        "speak2.image": "chatroom_ic_voicemsg_rec_02.png",
        "text.color": {
            "normal": "#d2c4d2",
            "selected": "#794f78"
        }
    },
    "tabBar.item.timeline": {
        "highlight.image": "gnb_ic_timeline_new.png",
        "normal.image": "gnb_ic_timeline_normal.png",
        "selected.image": "gnb_ic_timeline_selected.png"
    },
    "grouphome.member.profile": {
        "add.btn.icon.tintcolor": "#ac8ab2",
        "profile.name.text.color": "#744973"
    },
    "addFriend.tab.item": {
        "background.image": {
            "normal": "gnb_bg_addfriend_normal.9.png",
            "pressed": "gnb_bg_addfriend_pressed.9.png"
        },
        "text.color": "#744973"
    },
    "chathistory.voice.send.msg": {
        "speak.expire.image": "chatroom_ic_voicemsg_send_x.png",
        "bottom.background.image": "chatroom_voicemsg_line_w_send.9.png",
        "colon.tintcolor": {
            "normal": "#c3a5c2",
            "selected": "#774b76"
        },
        "seperator.image": "chatroom_voicemsg_line_h_send.9.png",
        "speak3.image": "chatroom_ic_voicemsg_send_03.png",
        "speak1.image": "chatroom_ic_voicemsg_send_01.png",
        "share.image": {
            "normal": "chatroom_ic_voicemsg_send_share.png",
            "selected": "chatroom_ic_voicemsg_send_share_pressed.png"
        },
        "play.image": {
            "normal": "chatroom_ic_voicemsg_send_play.png",
            "selected": "chatroom_ic_voicemsg_send_play_pressed.png"
        },
        "speak.image": "chatroom_ic_voicemsg_send_00.png",
        "pause.image": {
            "normal": "chatroom_ic_voicemsg_send_pause.png",
            "selected": "chatroom_ic_voicemsg_send_pause_pressed.png"
        },
        "speak2.image": "chatroom_ic_voicemsg_send_02.png",
        "text.color": {
            "normal": "#c3a5c2",
            "selected": "#774b76"
        }
    },
    "chathistory.option.item.voip.voice.image": {
        "voice.call.dimmed.image": "chatroom_option_ic_freecall_disable.png",
        "voice.call.image": "chatroom_option_ic_freecall_normal.png"
    },
    "chathistory.onair": {
        "background.image": "chatroom_onair_bg.9.png",
        "subtext.color": "#a182a1",
        "text.color": "#6a3c69"
    },
    "chathistory.voip.recv.msg": {
        "icon.tintcolor": "#794f78",
        "linecall.text.color": "#6a3c69",
        "text.color": "#6a3c69"
    },
    "moreMenu.view": {"background.color": "#f5eef6"},
    "myhome.post.header": {
        "groupBtn.popup.arrow.tintcolor": "#d0c1d3",
        "nameText.color": "#784d77",
        "groupBtn.background.image": {
            "normal": "button_r09_normal.9.png",
            "pressed": "button_r09_pressed.9.png"
        },
        "groupBtn.text.color": "#bfa7c1",
        "groupBtn.popup.background.image": "timeline_img_bg_see_bg01.9.png",
        "sharePostMessage.color": "#784d77",
        "groupBtn.popup.pressed.reverse.background.image": {
            "normal": "",
            "pressed": "timeline_img_bg_see_bg02_pressed.9.png"
        },
        "groupBtn.popup.divider.background.color": "#825f89",
        "groupBtn.icon.tintcolor": "#bfa7c1",
        "groupBtn.popup.reverse.background.image": "timeline_img_bg_see_bg02.9.png",
        "timeText.color": "#888888",
        "groupBtn.popup.detail.text.color": "#e7e0e9",
        "groupBtn.popup.pressed.background.image": {
            "normal": "",
            "pressed": "timeline_img_bg_see_bg01_pressed.9.png"
        },
        "groupBtn.popup.text.color": "#ffffff"
    },
    "chathistory.balloon.text.recv": {"background.image": {
        "normal": "chatroom_balloon_rec_normal.9.png",
        "padding": "16 5 11 8",
        "pressed": "chatroom_balloon_rec_pressed.9.png"
    }},
    "timeline.list.newpost": {
        "background.image": {
            "normal": "timeline_newpost_btn.9.png",
            "pressed": "timeline_newpost_btn.9.png"
        },
        "text.color": "#744973"
    },
    "chathistory.gift.recv.msg": {
        "button.background.image": {
            "normal": "button_r07_normal.9.png",
            "pressed": "button_r07_pressed.9.png"
        },
        "background.image": "chatroom_balloon_gift_rec.9.png",
        "button.text.color": "#ffffff",
        "button.text.shadow": "#00000000",
        "text.color": "#6a3c69"
    },
    "grouphome.empty": {
        "empty.album.icon.image.tintcolor": "#b496ba",
        "empty.btn.text.color": "#ffffff",
        "empty.note.icon.image.tintcolor": "#b496ba",
        "empty.btn.background.image": {
            "normal": "button_r07_normal.9.png",
            "pressed": "button_r07_pressed.9.png"
        },
        "empty.text.color": "#b496ba"
    },
    "multi.userselect": {
        "name.text.color": "#784d77",
        "background.color": "#f5eef6"
    },
    "chathistory.link.recv.msg": {
        "bottom.background.image": "chatroom_gamemsg_line_rec.9.png",
        "detail.text.color": "#a68aa5",
        "arrow.tintcolor": "#a68aa5",
        "text.color": "#6a3c69"
    },
    "timeline.userrecall": {
        "recalled.user.text.color": "#9970a1",
        "recall.user.text.color": "#ffffff",
        "suggest.dialog.text.color": "#9970a1",
        "recall.user.text.background.color": "#9970a1"
    },
    "searchBar": {
        "underbar.background.color": {
            "normal": "#e9ddeb",
            "selected": "#c49cc4"
        },
        "text.hint": "#cdb6d1",
        "search.icon.image": "list_ic_search.png",
        "cancel.icon.tintcolor": "#b887b8",
        "text.color": "#674366"
    },
    "chathistory.groupboard.send.msg": {
        "videoicon.tintcolor": "#9d789c",
        "more.text.color": "#9d789c",
        "photo.default.tintcolor": "#9d789c",
        "photoicon.tintcolor": "#9d789c",
        "bottom.background.image": "chatroom_gamemsg_line_send.9.png",
        "sticker.default.tintcolor": "#9d789c",
        "video.default.tintcolor": "#9d789c",
        "location.text.color": "#6a3c69",
        "arrow.tintcolor": "#9d789c",
        "text.color": "#6a3c69",
        "bottom.text.color": "#9d789c"
    },
    "chathistory.privatechat.common": {
        "name.text.color": "#855d84",
        "timer.text.color": "#d3b4d3",
        "autoresend.icon.tintcolor": "#d3b4d3",
        "time.text.color": "#d3b4d3"
    },
    "select.chat.tab": {
        "background.image": "gnb_bg.9.png",
        "selectorBar.background.color": "#9970a1",
        "text.shadow": "#00000000",
        "text.color": {
            "normal": "#cdb6d1",
            "selected": "#9970a1"
        }
    },
    "chathistory.input.sendButton.selectType": {
        "icon.tintcolor": {
            "normal": "#9970a1",
            "selected": "#9970a1"
        },
        "text.color": {
            "normal": "#444444",
            "selected": "#9970a1"
        }
    },
    "chathistory.option.item.voip.video.image": {
        "video.call.image": "chatroom_option_ic_videocall_normal.png",
        "video.call.dimmed.image": "chatroom_option_ic_videocall_disable.png"
    },
    "moreMenu.lower.item": {
        "newIcon.image": "more_ic_new.png",
        "icon.tintcolor": "#a17ba8",
        "background.color": {
            "normal": "#f5eef6",
            "pressed": "#ece1ed"
        },
        "text.color": "#9970a1"
    },
    "list.common": {"divider.background.color": "#e6d1e3"},
    "chathistory.balloon.send": {"background.image": {
        "normal": "chatroom_balloon_send_normal.9.png",
        "pressed": "chatroom_balloon_send_pressed.9.png"
    }},
    "navigationBar.search": {
        "back.icon.tintcolor": {
            "normal": "#744973",
            "pressed": "#997899"
        },
        "underbar.background.color": "#744973",
        "background.image": "header_bg.9.png",
        "text.hint": "#997899",
        "cancel.icon.tintcolor": "#744973",
        "text.color": "#744973"
    },
    "album.detail.menu": {
        "checked.icon.tintcolor": "#9970a1",
        "item.color": {
            "normal": "#c59dc5",
            "selected": "#9970a1"
        }
    },
    "friendlist.item": {
        "phoneIcon.tintcolor": {
            "normal": "#784d77",
            "pressed": "#aa8daa"
        },
        "nameText.color": "#784d77",
        "phoneIcon.background.tintcolor": {
            "normal": "#e3d7e4",
            "pressed": "#d5c6d6"
        },
        "addFriend.background.tintcolor": {
            "normal": "#e3d7e4",
            "pressed": "#d5c6d6"
        },
        "arrowIcon.tintcolor": "#cc9bcc",
        "updateIcon.tintcolor": "#a075a8",
        "addInviteButton.background.image": {
            "normal": "button_r10_normal.9.png",
            "pressed": "button_r10_pressed.9.png"
        },
        "addFriend.icon.tintcolor": "#9a7a9a",
        "descriptionText.color": "#b887b8",
        "statusText.color": "#b887b8",
        "checkboxOff.image": "list_checkbox_img_normal.png",
        "checkboxOn.image": "list_checkbox_img_selected.png",
        "addInviteButton.color": "#bca2c2"
    },
    "chathistory.option.item": {
        "button.background.color": {
            "normal": "#f9f5f9",
            "pressed": "#f0e9f0"
        },
        "bottom.divider.background.color": "#ded3de",
        "text.color": {
            "normal": "#744973",
            "dimmed": "#66744973"
        }
    },
    "profile.thumbnail": {
        "group.small.image": "group_thumbnail_small.png",
        "single.big.image": "user_thumbnail_large_00.png",
        "group.big.image": "group_thumbnail_large.png",
        "single.small.image": "user_thumbnail_small_00.png"
    },
    "chathistory.privatechat.view.common": {"background.image": "chatroom_bg.png"},
    "main.view.common": {"background.color": "#f5eef6"},
    "chathistory.input.voice": {
        "voip.background.color": {
            "normal": "#674366",
            "pressed": "#5d3c5c"
        },
        "voip.icon.tintcolor": "#ffffff",
        "voip.text.color": "#ffffff",
        "close.background.color": {
            "normal": "#9970a1",
            "pressed": "#8b6591"
        },
        "close.icon.tintcolor": "#ffffff"
    },
    "manifest": {
        "schemaVersion": 1,
        "provider": {
            "name": "LINE Corporation",
            "url": "http://www.linecorp.com"
        },
        "themeVersion": "5.10.0",
        "name": "Marie",
        "platform": "Android",
        "revision": 11,
        "quality": 85
    },
    "noticenter2": {
        "title.text.color": "#674366",
        "arrow.icon.image": "timeline_img_tabarrow.png",
        "background.color": "#ffffff",
        "more.icon.tintcolor": "#674366"
    },
    "chathistory.link.send.msg": {
        "bottom.background.image": "chatroom_gamemsg_line_send.9.png",
        "detail.text.color": "#9d789c",
        "arrow.tintcolor": "#9d789c",
        "text.color": "#6a3c69"
    },
    "chathistory.spammer": {
        "name.text.color": "#a182a1",
        "button.background.image": {
            "normal": "button_r06_normal.9.png",
            "pressed": "button_r06_pressed.9.png"
        },
        "background.image": "chatroom_onair_bg.9.png",
        "button.text.color": "#744973",
        "text.color": "#6a3c69"
    },
    "navigationBar.moreMenu": {"item.text.color": "#9970a1"},
    "tabBar.item": {"badge.background.image": "gnb_num_bg.9.png"},
    "chathistory.balloon.video.default.recv": {"background.color": "#ffffff"},
    "addFriend.tab.addGroup": {
        "icon.background.tintcolor": "#e3d7e4",
        "icon.tintcolor": "#815980",
        "subtext.color": "#b887b8",
        "updateButton.tintcolor": {
            "normal": "#ab75a9",
            "pressed": "#9b6499"
        },
        "background.color": {
            "normal": "#f5eef6",
            "pressed": "#e8dee9"
        },
        "addButton.text.color": "#ffffff",
        "addButton.background.tintcolor": {
            "normal": "#ab75a9",
            "pressed": "#9b6499"
        },
        "arrow.tintcolor": "#8e6a8d",
        "text.color": "#744973"
    },
    "chathistory.contact.recv.msg": {
        "arrow.tintcolor": "#a68aa5",
        "text.color": "#6a3c69"
    },
    "myhome.lineend.smiley": {"smiley.tintcolor": "#744973"},
    "splash": {
        "splash.background.image": {
            "normal": "",
            "top": [
                "splash_img.png",
                "splash_logo.png"
            ],
            "gravity": [
                "center",
                "bottom"
            ]
        },
        "background.color": "#ead2e9"
    },
    "passcode": {
        "number.background.tintcolor": {
            "normal": "#e6d0e3",
            "pressed": "#dac2d7"
        },
        "passcode3.input.image": "password_ic_03_on.png",
        "passcode2.background.image": "password_ic_02_off.png",
        "passcode1.input.image": "password_ic_01_on.png",
        "number.text.tintcolor": "#6e4a6d",
        "passcode2.input.image": "password_ic_02_on.png",
        "passcode4.background.image": "password_ic_04_off.png",
        "background.color": "#e6d0e3",
        "top.background.color": "#f5eef6",
        "text.color": "#6e4a6d",
        "infotext.color": "#896b88",
        "passcode1.background.image": "password_ic_01_off.png",
        "number.delete.tintcolor": {
            "normal": "#6e4a6d",
            "pressed": "#6e4a6d"
        },
        "passcode3.background.image": "password_ic_03_off.png",
        "number.cancel.text.color": {
            "normal": "#6e4a6d",
            "pressed": "#6e4a6d"
        },
        "passcode4.input.image": "password_ic_04_on.png"
    },
    "myhome.post.body": {"text.color": "#000000"}
}