{
    "line.navigationBar.back.landscape": {
        "content.edgeInsets": "0px 1px 0px -1px",
        "background.image": {
            "normal": "width_header_bt02.png 15px 0px",
            "pressed": "width_header_bt02_tap.png 15px 0px"
        },
        "icon.image": {
            "normal": "navigation_icon_05_landscape.png",
            "pressed": "navigation_icon_05_landscape.png"
        }
    },
    "line.tableview.cell.recommandLabel": {"text.color": "#a8b1b3"},
    "line.tabControl.tab": {
        "background.image": {
            "pressed": "gr_tab_select_bar.png",
            "selected": "gr_tab_select_bar.png"
        },
        "fontSize": 14,
        "text.color": {
            "normal": "#ffffff, 0.4",
            "selected": "#ffffff"
        }
    },
    "line.chat.voiceTalk.background": {"image": "voice_input_bg.png"},
    "line.navigationBar.highlightedButton": {
        "loadStyle": "line.navigationBar.normal.portrait",
        "background.image": {
            "normal": "navigation_btn_02.png 16px 0px",
            "pressed": "navigation_btn_02_01.png 16px 0px"
        },
        "text.color": {
            "normal": "#ffffff",
            "pressed": "#ffffff"
        }
    },
    "line.chat.cell.sendBubble": {
        "loadStyle": "line.chat.cell.devideColor",
        "effectImage": "image_04_effect_02_right.png 0px 0px",
        "contentImage": "speech_bubble_02_default.png 22px, 17px"
    },
    "line.chat.edit.cancelButton": {"loadStyle": "line.friend.bulkEdit.hide"},
    "line.group.home.cell.albumEmpty": {
        "empty.buttonTextColor": "#ffffff",
        "empty.buttonImage": {
            "normal": "default_friend_bnt01.png 5px 5px",
            "pressed": "default_friend_bnt01_press.png 5px 5px"
        },
        "fontSize": 14,
        "empty.image": "gr_album_icon.png #bddce6",
        "empty.buttonFontSize": 13,
        "text.color": "#90bdcc, 0.7"
    },
    "line.privateChat.cell.timerLabel": {
        "fontSize": 11,
        "text.color": "#b2dae8"
    },
    "line.privateChat.cell.messageTime": {
        "loadStyle": "line.chat.cell.messageTime",
        "text.color": "#b2dae8"
    },
    "line.friend.recommend.addfriends.friendsIcon": {
        "background.image": "add_icon_bg.png #E0F4FA",
        "icon.image": "add_icon_friend.png #55bbdc"
    },
    "line.chat.emojiButton": {
        "background.image": {
            "normal": "chat_btn_icon_04.png",
            "pressed": "chat_btn_icon_05.png",
            "selected": "chat_btn_icon_04.png"
        },
        "icon.image": {
            "normal": "chat_btn_icon_03.png",
            "pressed": "chat_btn_icon_03.png",
            "selected": "chat_btn_icon_02.png"
        }
    },
    "myhome.tableview.cell.recallUser.suggestText": {"text.color": {"normal": "#55bbdc"}},
    "myhome.tableview.cell.merge.line": {"image": "mf_line.png"},
    "line.tableview.multiInvite.cell.inviteButton": {
        "background.image": {
            "normal": "button_type_gray_normal.png 7px 7px",
            "pressed": "button_type_gray_pressed.png 7px 7px"
        },
        "text.color": "#55bbdc"
    },
    "line.chat.room.privateMenu": {
        "background.color": "#7bd4f1",
        "fontSize": 13,
        "privateChat.image": "ico_private_tap_lock.png #ffffff",
        "freeCall.image": "ico_private_tap_call.png #ffffff",
        "text.color": "#ffffff",
        "videoCall.image": "ico_private_tap_video.png #ffffff"
    },
    "line.chat.spammerWarningView": {"image": "bg_readpoint02.png 10px, 10px"},
    "line.welcomeView.description": {
        "fontSize": 11,
        "text.shadow": {
            "normal": "#ffffff,0.1",
            "offset": "0px 0px"
        },
        "text.color": "#3d5157, 0.5"
    },
    "line.friend.recommend.addfriends.UpdateIcon": {"background.image": {
        "normal": "add_icon_update_normal.png #55bbdc",
        "pressed": "add_icon_update_pressed.png #47abcb"
    }},
    "line.chat.room.topDropMenu.shadow": {"image": "chattop_bg_shadow.png"},
    "line.tabControl": {"background.color": "#7bd4f1"},
    "myhome.navigationBar.button.addFriend": {
        "content.edgeInsets": "0px 13px 0px 13px",
        "background.image": {
            "normal": "navigation_btn_02.png 16px 0px",
            "pressed": "navigation_btn_02_01.png 16px 0px"
        },
        "fontSize": 16,
        "fontWeight": "normal",
        "text.color": {
            "normal": "#ffffff",
            "pressed": "#ffffff",
            "dimmed": "#ffffff, 0.4"
        }
    },
    "line.navigationBar.normal.portrait": {
        "background.image": {
            "normal": "navigation_btn_02.png 16px 0px",
            "pressed": "navigation_btn_02_01.png 16px 0px"
        },
        "fontSize": 16,
        "text.shadow": {
            "normal": "#1175bd, 0.0",
            "offset": "0px, 0px",
            "pressed": "#1175bd, 0.0"
        },
        "fontWeight": "normal",
        "text.color": {
            "normal": "#ffffff",
            "pressed": "#ffffff"
        }
    },
    "line.friend.multiInvite": {
        "background.image": {
            "normal": "fredit_bt_1.png 5px 0px",
            "pressed": "fredit_bt_1_tap.png 5px 0px"
        },
        "subLabel.color": "#ffffff",
        "fontSize": 13,
        "text.shadow": {
            "normal": "#ffffff, 0.1",
            "offset": "0px 0px"
        },
        "fontWeight": "bold",
        "text.color": {"normal": "#ffffff"}
    },
    "line.group.home.addMember.inviteButton.qrCodeImage": {"image": "gr_icon_qr.png #ffffff"},
    "myhome.navigationBar.button.etc": {
        "content.edgeInsets": "0px -5px 0px 5px",
        "background.image": {
            "normal": "navigation_btn_02.png 16px 0px",
            "pressed": "navigation_btn_02_01.png 16px 0px"
        },
        "icon.image": {"normal": "tm_btn_more.png"}
    },
    "line.group.home.newNoteButton": {"icon.image": {
        "normal": "gr_btn_write_bottom_normal.png",
        "pressed": "gr_btn_write_bottom_press.png"
    }},
    "line.group.home.guide.button": {
        "background.image": {
            "normal": "default_friend_bnt01.png 5px 5px",
            "pressed": "default_friend_bnt01_press.png 5px 5px"
        },
        "fontSize": 13,
        "text.color": "#ffffff"
    },
    "line.recendRecommend.friendName": {
        "fontSize": 12,
        "text.color": "#3d5157"
    },
    "line.navigationBar.mapMenu": {
        "loadStyle": "line.navigationBar.normal.portrait",
        "size": "47px 30px",
        "icon.image": "tm_btn_more.png"
    },
    "line.search.Location.text": {"text.color": "#3d5157, 0.5"},
    "line.tableview.cell.more.banner.arrowIcon": {"image": "icon_more_banner_next.png #c4dbe5"},
    "line.chat.menu.attachment.item.title": {
        "fontSize": 11,
        "text.shadow": {
            "normal": "#ffffff",
            "offset": "0px 0px",
            "dimmed": "#ffffff"
        },
        "fontWeight": "bold",
        "text.color": {
            "normal": "#678e9b",
            "dimmed": "#678e9b"
        }
    },
    "line.tableview.call.contactlist.indexBar": {
        "indexBarIcon.image": "contacts_index_dot.png #d4eef6",
        "text.color": "#d4eef6"
    },
    "line.chat.musicPlayer": {
        "bar_pressed.image": "music_bar_press.png",
        "btn_stop_pressed.image": "music_stop_pressed.png",
        "btn_play_default.image": "music_play_default.png",
        "btn_play_pressed.image": "music_play_pressed.png",
        "bar_default.image": "music_bar_default.png",
        "bar_playing.image": "music_playing.png",
        "btn_stop_default.image": "music_stop_default.png"
    },
    "myhome.tableview.cell": {"image": "tm_table_bg.png 11px 11px"},
    "line.tableview.cell.more.bannerImage": {"cornerRadius": "7.0"},
    "line.chat.cell.callMessage": {
        "image.call.cancel.recv": "chat_call_canceled.png #8b9599",
        "image.linecall.success.send": "chat_freecall_success.png #8b917e",
        "image.call.cancel.send": "chat_call_canceled.png #8b917e",
        "image.bubble.receive": "speech_bubble_01_default.png 25px, 15px",
        "image.call.success.recv": "chat_call_success.png #8b9599",
        "image.linecall.success.recv": "chat_freecall_success.png #8b9599",
        "image.bubble.send": "speech_bubble_02_default.png 22px, 17px",
        "image.linecall.cancel.recv": "chat_freecall_canceled.png #8b9599",
        "image.linecall.cancel.send": "chat_freecall_canceled.png #8b917e",
        "image.call.success.send": "chat_call_success.png #8b917e"
    },
    "line.search.noData": {"text.color": "#c0d8df"},
    "line.chat.cell.e2eeMessage.recv.lockIcon": {"image": "message_icon_e2ee.png #3d5157"},
    "line.friend.recommend.makeGroup.groupIcon": {
        "background.image": "add_icon_bg.png #E0F4FA",
        "icon.image": "add_icon_group.png #55bbdc"
    },
    "line.chat.cell.linkMessage.sent": {
        "loadStyle": "line.chat.cell.sendBubble",
        "descriptionText.color": "#3d5157",
        "openButtonText.color": "#8b8e64",
        "openButtonText.shadow": {
            "normal": "#ffffff, 0.1",
            "offset": "0px 0px"
        },
        "arrowIcon.image": "speech_bubble_app_icon_arrow.png #dac866",
        "border.image": "thumbnail_shadow_b.png",
        "descriptionText.shadow": {
            "normal": "#ffffff, 0.1",
            "offset": "0px 0px"
        },
        "durationText.color": "#3d5157",
        "durationText.shadow": {
            "normal": "#ffffff, 0.1",
            "offset": "0px 0px"
        }
    },
    "line.search.result.yellowPage.cell.freeCall": {
        "loadStyle": "line.tableview.cell.friend.addRecommended",
        "icon.image": "search_freecall_icon.png #55bbdc",
        "text.color": "#55bbdc"
    },
    "line.chat.menu.attachment.notInstalledItem.statusView": {"image": "c_menu_download.png #b7d7e1"},
    "line.tableview.cell.more.Btype": {
        "background03.image": {
            "normal": "MenuB01_normal.png",
            "pressed": "MenuB01_pressed.png"
        },
        "background02.image": {
            "normal": "MenuB01_normal.png",
            "pressed": "MenuB01_pressed.png"
        },
        "fontSize": 11,
        "title.edgeInsets": "0px 0px -50px 0px",
        "background01.image": {
            "normal": "MenuB01_normal.png",
            "pressed": "MenuB01_pressed.png"
        },
        "fontWeight": "bold",
        "text.color": "#ffffff"
    },
    "line.tableview.cell.more.Wtype": {
        "background03.image": {
            "normal": "MenuW03_normal.png",
            "pressed": "MenuW03_pressed.png"
        },
        "background02.image": {
            "normal": "MenuW02_normal.png",
            "pressed": "MenuW02_pressed.png"
        },
        "fontSize": 11,
        "background01.image": {
            "normal": "MenuW01_normal.png",
            "pressed": "MenuW01_pressed.png"
        },
        "fontWeight": "bold",
        "text.color": "#66c2df"
    },
    "line.chat.cell.contactMessage.sendName": {
        "fontSize": 15,
        "text.color": "#3d5157"
    },
    "line.tabControl.rightMenuButton": {
        "background.image": {
            "pressed": "gr_tab_select_bar.png",
            "selected": "gr_tab_select_bar.png"
        },
        "icon.image": {
            "normal": "tabmenu4.png #ffffff",
            "pressed": "tabmenu4_on.png #ffffff",
            "selected": "tabmenu4_on.png #ffffff"
        }
    },
    "myhome.topSlideMenu.bgLine": {"image": "tm_sort_line.png"},
    "line.tableview.sectionheader": {
        "body.color": "#ffffff",
        "collapsedIcon.image": "category_arrow_02.png #d6eff7",
        "expandedIcon.image": "category_arrow_01.png #d6eff7",
        "separatorBar.color": "#e7eaea",
        "fontSize": 11,
        "text.shadow": {
            "normal": "#ffffff,0.1",
            "offset": "0px 0px"
        },
        "fontWeight": "bold",
        "text.color": "#c0d7de"
    },
    "line.chat.cell.callMessage.receive.linecallLabel": {
        "fontSize": 8,
        "fontWeight": "bold",
        "text.color": "#3d5157"
    },
    "line.tableview.cell.chatlist.favorite": {"image": "icon_favorite.png #b3d0d9"},
    "line.chat.spammerWarningView.label": {
        "fontSize": 12,
        "text.shadow": {
            "normal": "#ffffff, 0.1",
            "offset": "0px 0px"
        },
        "text.color": "#ffffff"
    },
    "line.navigationBar.buddyHome.landscape": {
        "loadStyle": "line.navigationBar.normal.landscape",
        "size": "25px 38px",
        "icon.image": {
            "normal": "tm_topbar_btn_home.png",
            "pressed": "tm_topbar_btn_home.png"
        }
    },
    "line.friend.multiInvite.cancelButton": {"loadStyle": "line.friend.bulkEdit.hide"},
    "myhome.tableview.cell.recommend.separator": {"background.color": {"normal": "#cbe8f1"}},
    "myhome.tableview.cell.footer.shadowImage": {"image": "tm_commentbg_cornershadow.png 1px 1px"},
    "myhome.topSlideMenu.button.sticker": {
        "icon.image": {
            "normal": "tm_sticker.png",
            "pressed": "tm_sticker_pressed.png"
        },
        "fontSize": 10,
        "title.edgeInsets": "0px 4px 0px 0px",
        "fontWeight": "bold",
        "text.color": {
            "normal": "#80cde6",
            "pressed": "#55bbdc"
        }
    },
    "line.chat.onAir.titleLabel": {
        "fontSize": 11,
        "text.shadow": {
            "normal": "#8699a7, 0.1",
            "offset": "0px 0px"
        },
        "fontWeight": "bold",
        "text.color": "#ffffff, 0.7"
    },
    "line.chat.cell.e2eeMessage.recv.description": {
        "fontSize": 13,
        "text.color": "#3d5157"
    },
    "line.chat.room.topDropMenu": {
        "image.landscape.bgTab": "wi_chattop_bg_tab.png 7px 0px",
        "image.portrait.bg": "chattop_bg.png 7px 0px",
        "image.portrait.bgTab": "chattop_bg_tab.png 7px 0px",
        "image.landscape.bg": "wi_chattop_bg.png 7px 0px"
    },
    "line.profileImage": {
        "smallUser.image": "unknown_user_small_01.png",
        "largeGroup.image": "unknown_group_large.png",
        "smallGroup.image": "unknown_group_small.png",
        "largeUser.image": "unknown_user_large_01.png"
    },
    "line.group.home.guide.image": {"image": "welcome_true01.png"},
    "line.navigationBar.manage": {
        "content.edgeInsets": "0px 0px 0px 0px ",
        "loadStyle": "line.navigationBar.normal.portrait",
        "size": "36px 30px",
        "icon.image": {
            "normal": "navigation_icon_03.png",
            "pressed": "navigation_icon_03.png"
        }
    },
    "line.chat.spammerView.button": {
        "background.image": {
            "normal": "btn_talk_01_board.png 8px 0px",
            "pressed": "btn_talk_01_board_tab.png 8px 0px"
        },
        "fontSize": 14,
        "text.shadow": {
            "normal": "#000000, 0.0",
            "offset": "0px 0px"
        },
        "fontWeight": "bold",
        "text.color": "#ffffff"
    },
    "line.notificationCenter.popup": {
        "retry.image": "welcome_false01.png",
        "nodata.image": "welcome_true01.png",
        "border.image": "tm_noti_bg.png 38px 30px"
    },
    "line.friend.multiInvite.inviteButton": {"loadStyle": "line.friend.bulkEdit.block"},
    "line.navigationBar.back.portrait": {
        "content.edgeInsets": "0px -2px 0px 8px",
        "background.image": {
            "normal": "navigation_btn_02.png 16px 0px",
            "pressed": "navigation_btn_02_01.png 16px 0px"
        },
        "icon.image": {
            "normal": "navigation_icon_05.png",
            "pressed": "navigation_icon_05.png"
        }
    },
    "line.search.inProgress": {"text.color": "#c0d8df"},
    "myhome.navigationBar.button.dashboard": {
        "content.edgeInsets": "0px -4px 0px 4px",
        "background.image": {
            "normal": "navigation_btn_02.png 16px 0px",
            "pressed": "navigation_btn_02_01.png 16px 0px",
            "selected": "navigation_btn_02.png 16px 0px"
        },
        "icon.image": {
            "normal": "top_gr_menu_group_normal.png",
            "pressed": "top_gr_menu_group_press.png",
            "selected": "top_gr_menu_group_press.png"
        }
    },
    "myhome.tableview.cell.officialProfile.descLabel": {
        "fontSize": 12,
        "text.color": "#4a5a60"
    },
    "line.tableview.cell.friend.addRecommended": {
        "font.size": 11,
        "background.image": {
            "normal": "button_type_gray_normal.png 7px 7px",
            "pressed": "button_type_gray_pressed.png 7px 7px"
        },
        "icon.image": {"normal": "friend_add_invite_icon.png #55bbdc"}
    },
    "line.tableview.sectionheader.buddy": {
        "loadStyle": "line.tableview.sectionheader",
        "fontSize": 12
    },
    "line.navigationBar.back.portrait.noIcon": {},
    "line.chat.cell.groupboard.recv": {
        "loadStyle": "line.chat.cell.recvBubble",
        "goButtonTextFontSize": 11,
        "postText.color": "#3d5157",
        "arrowIcon.image": "speech_bubble_group_icon_arrow.png #e2e5e6",
        "border.image": "speech_bubble_image_border.png 1px 1px",
        "tailText.color": "#8b979a",
        "defaultPhoto.image": "speech_icon_error_p.png",
        "defaultSticker.image": "speech_icon_error_s.png",
        "goButtonTextFontWeight": "bold",
        "addressText.shadow": {
            "normal": "#ffffff, 0.1",
            "offset": "0px 0px"
        },
        "addressTextFontSize": 13,
        "addressFlagIcon.image": "mapinfo_chat_flag.png",
        "goButtonText.color": "#8b979a",
        "tailText.shadow": {"offset": "0px 0px"},
        "addressText.color": "#3d5157",
        "defaultVideo.image": "speech_icon_error_v.png",
        "goButtonText.shadow": {
            "normal": "#000000, 0.0",
            "offset": "0px 0px"
        }
    },
    "myhome.tableview.cell.merge.arrow.adButton": {"icon.image": {"normal": "tm_ad_icon_arrow.png #b7cbd3"}},
    "line.group.dashboard.popup.title": {
        "fontSize": 13,
        "text.color": "#77c9e3"
    },
    "line.tableview.cell.chatlist.unreadCount": {
        "background.image": "talklist_bt.png 11px 0px",
        "fontSize": 14,
        "text.shadow": {
            "normal": "#ffffff,0.0",
            "offset": "0px 0px"
        },
        "fontWeight": "bold",
        "text.color": "#ffffff"
    },
    "myhome.tableview.cell.footer.title": {"text.color": {"normal": "#88cfe6"}},
    "line.search.RecentsClose": {"icon.image": "search_list_delete.png #b8dce7"},
    "myhome.group.edit.addFriends": {
        "background.image": {
            "normal": "btn_homewrite01.png 6px 0px",
            "pressed": "btn_homewrite01_press.png 6px 0px"
        },
        "fontSize": 14,
        "text.shadow": {
            "normal": "#ffffff, 0.0",
            "offset": "0px 0px"
        },
        "plusIcon.image": "btn_icon_homewrite02.png #ffffff",
        "fontWeight": "bold",
        "text.color": "#ffffff"
    },
    "line.chat.cell.info.text": {
        "fontSize": 10,
        "fontWeight": "bold",
        "text.color": "#ffffff"
    },
    "line.navigationBar.back.landscape.noIcon": {},
    "line.friend.recommend.addFriendPanel": {
        "qrCodeIcon.image": "icon_qrcode.png",
        "image": "tpye_bg_02.png 4px 40px",
        "shakeItIcon.image": "icon_shake.png",
        "searchBackground.image": {
            "normal": "tpye_bg_04.png",
            "pressed": "tpye_bg_04_02.png"
        },
        "searchIcon.image": "icon_idsearch.png",
        "fontSize": 11,
        "qrCodeBackground.image": {
            "normal": "tpye_bg_02.png",
            "pressed": "tpye_bg_02_02.png"
        },
        "shakeItBackground.image": {
            "normal": "tpye_bg_03.png",
            "pressed": "tpye_bg_03_03.png"
        },
        "fontWeight": "bold",
        "groupAddBackground.image": {
            "normal": "tpye_bg_01.png",
            "pressed": "tpye_bg_01_02.png"
        },
        "groupAddIcon.image": "icon_group.png",
        "text.color": "#ffffff"
    },
    "line.officialAccount.bottom": {
        "icon.image": "button_plusicon.png #ffffff",
        "background.color": {
            "normal": "@TableViewCellBackgroundColor",
            "pressed": "@TableViewPressedBackgroundColor"
        },
        "fontSize": 15,
        "text.shadow": {
            "normal": "#ffffff,0.0",
            "offset": "0px 0px"
        },
        "fontWeight": "bold",
        "text.color": "#ffffff"
    },
    "myhome.tableview.cell.footer.dotImage": {"image": "tm_feed_pimg.png #aadded"},
    "line.tabControl.divideline": {"image": "tabmenu4_line.png"},
    "line.friend.recommend.makeGroup.subLabel": {"text.color": {"normal": "#a8b1b3"}},
    "line.chat.cell.linkMessage.recv": {
        "loadStyle": "line.chat.cell.recvBubble",
        "descriptionText.color": "#3d5157",
        "openButtonText.color": "#8b979a",
        "openButtonText.shadow": {
            "normal": "#ffffff, 0.1",
            "offset": "0px 0px"
        },
        "arrowIcon.image": "speech_bubble_app_icon_arrow.png #e2e5e6",
        "border.image": "thumbnail_shadow_a.png",
        "descriptionText.shadow": {
            "normal": "#ffffff, 0.1",
            "offset": "0px 0px"
        },
        "durationText.color": "#3d5157",
        "durationText.shadow": {
            "normal": "#ffffff, 0.1",
            "offset": "0px 0px"
        }
    },
    "line.navigationBar.groupboard.portrait": {
        "content.edgeInsets": "10px 0px -10px 0px",
        "loadStyle": "line.navigationBar.normal.portrait",
        "size": "28px 20px",
        "icon.image": {
            "normal": "navigation_btn_icon_02.png",
            "pressed": "navigation_btn_icon_02.png"
        }
    },
    "line.chat.Photocommentbutton": {
        "background.image": {
            "normal": "chat_btn_icon_04.png",
            "pressed": "chat_btn_icon_05.png"
        },
        "icon.image": {
            "normal": "chat_btn_icon_camera.png",
            "pressed": "chat_btn_icon_camera.png"
        }
    },
    "line.chat.cell.callMessage.send.infoLabel": {
        "fontSize": 11,
        "fontWeight": "bold",
        "text.color": "#8b8e64"
    },
    "line.chat.room.background": {
        "image": "skin_a_01_01__A_1.png",
        "contentMode": "Bottom",
        "background.color": "#ffffff"
    },
    "myhome.tableview.cell.nodataImage": {"image": "tm_error_ico_1.png"},
    "myhome.tableview.cell.officialProfile.backgroundImage": {"image": "hlist_noti_bg.png 8px 8px"},
    "line.navigationBar.stickerShare": {
        "loadStyle": "line.navigationBar.normal.portrait",
        "size": "36px 30px",
        "icon.image": {
            "normal": "navi_icon_share_nor.png",
            "pressed": "navi_icon_share_nor.png"
        }
    },
    "line.welcomeView.inviteButton": {
        "background.image": {
            "normal": "welcom_default_btn_normal.png 5px 5px",
            "pressed": "welcom_default_btn_press.png 5px 5px"
        },
        "fontSize": 15,
        "text.shadow": {
            "normal": "#ffffff,0.0",
            "offset": "0px 0px"
        },
        "fontWeight": "bold",
        "text.color": "#ffffff"
    },
    "myhome.error.page": {
        "image": "welcome_false01.png",
        "fontSize": 13,
        "text.color": "#90bdcc, 0.7"
    },
    "myhome.tableview.cell.header.nicknameButton": {
        "fontSize": 12,
        "text.shadow": {
            "normal": "#ffffff, 0.0",
            "offset": "0px 0px"
        },
        "fontWeight": "bold",
        "text.color": {"normal": "#4a5a60"}
    },
    "myhome.tableview.cell.merge.separator": {"background.color": {"normal": "#cbe8f1"}},
    "line.tabBar.timeline": {
        "loadStyle": "line.tabBar.badgeText",
        "event.image": "line_GNB_03_newpost.png",
        "icon.image": {
            "normal": "line_GNB_03.png",
            "selected": "line_GNB_03_on.png"
        },
        "text.shadow": {
            "normal": "#000000,0.0",
            "offset": "0px 0px"
        }
    },
    "line.search.result.service.cell.downloadButton": {
        "loadStyle": "line.tableview.cell.friend.addRecommended",
        "icon.image": "search_download_icon.png #55bbdc"
    },
    "line.chat.spammerView.nameLabel": {
        "fontSize": 15,
        "fontWeight": "bold",
        "text.color": "#ffffff"
    },
    "line.tableview.cell.contact": {
        "loadStyle": "line.tableview.cell.friend",
        "phoneNumberText.color": "#a8b1b3"
    },
    "line.tableview.chatlist": {
        "background.color": "@TableViewBackgroundColor",
        "separator.color": "@SeperatorColor"
    },
    "line.chat.cell.presentMessage.send.bubbleView": {"image": "gbubble.png 25px 19px"},
    "line.tabBar.call": {
        "loadStyle": "line.tabBar.badgeText",
        "icon.image": {
            "normal": "line_GNB_05.png",
            "selected": "line_GNB_05_on.png"
        }
    },
    "line.tableview.cell.myProfile": {
        "statusMessageBackground.image": {"normal": "friends_list_balloon_01.png 31px 0px"},
        "loadStyle": "line.tableview.cell.friend",
        "statusMessageEdgeInset": "0px 15px 0px 0px"
    },
    "line.search.result.highlight": {"text.color": "#66c2df"},
    "line.chat.cell.musicMessage.recv": {
        "loadStyle": "line.chat.cell.recvBubble",
        "textLabel.color": "#3d5157, 0.6",
        "playlist.image": "music_icon_playlist_recve.png",
        "thumbBorder.image": "music_thumbnail_border.png",
        "topic.image": "music_icon_topic_recve.png",
        "titleLabel.color": "#3d5157",
        "serviceNameLabel.color": "#3d5157, 0.6"
    },
    "myhome.tableview.cell.recallUser.shadow": {"image": "us_shadow.png 0px 0px"},
    "myhome.grouphome.tooltip.titleButton": {
        "content.edgeInsets": "5px 0px 0px 0px",
        "background.image": {
            "normal": "gr_btn_popup_01_nor.png 6px 14px",
            "normal.selected": "gr_btn_popup_03_nor.png 5px 14px"
        },
        "fontSize": 11,
        "title.edgeInsets": "10px 10px 10px 10px",
        "text.color": "#ffffff"
    },
    "line.chat.edit.deleteButton": {"loadStyle": "line.friend.bulkEdit.block"},
    "myhome.navigationBar.button.posts.landscape": {
        "content.edgeInsets": "0px 0px 0px 0px",
        "background.image": {
            "normal": "navigation_btn_02.png 7px 0px",
            "pressed": "navigation_btn_02_tab.png 7px 0px"
        },
        "icon.image": {
            "normal": "navigation_btn_icon_02.png",
            "pressed": "navigation_btn_icon_02.png"
        }
    },
    "line.chat.room.topDropButton.landscape": {
        "content.edgeInsets": "0px 0px 0px 0px",
        "size": "39px 28px",
        "icon.image": {
            "normal": "wi_chattop_bt_icon02.png",
            "selected": "wi_chattop_bt_icon01.png"
        }
    },
    "myhome.grouphome.tooltip.separator": {"background.color": "#3da2c6"},
    "myhome.navigationBar.button.complete": {
        "content.edgeInsets": "0px 13px 0px 13px",
        "background.image": {
            "normal": "navigation_btn_02.png 16px 0px",
            "pressed": "navigation_btn_02_01.png 16px 0px",
            "dimmed": "navigation_btn_02.png 16px 0px"
        },
        "fontSize": 16,
        "text.shadow": {
            "normal": "#ffffff, 0.0",
            "offset": "0px 0px",
            "pressed": "#ffffff, 0.0",
            "dimmed": "#ffffff, 0.0"
        },
        "fontWeight": "normal",
        "text.color": {
            "normal": "#ffffff",
            "pressed": "#ffffff",
            "dimmed": "#ffffff, 0.4"
        }
    },
    "myhome.topSlideMenu.button.write": {
        "icon.image": {
            "normal": "tm_write.png",
            "pressed": "tm_write_pressed.png"
        },
        "fontSize": 10,
        "title.edgeInsets": "0px 2px 0px 0px",
        "fontWeight": "bold",
        "text.color": {
            "normal": "#80cde6",
            "pressed": "#55bbdc"
        }
    },
    "line.chat.cell.messageTime": {
        "fontSize": 9,
        "text.color": "#a5c8d4"
    },
    "line.chat.cell.fileMessage.recv": {
        "loadStyle": "line.chat.cell.recvBubble",
        "descText.color": "#3d5157",
        "descFontWeight": "bold",
        "fileSizeFontSize": 10,
        "durationText.color": "#3d5157, 0.6",
        "arrawIcon.image": "friend_balloon_more.png #e2e5e6",
        "durationFontWeight": "bold",
        "fileSizeText.color": "#3d5157, 0.6",
        "fileSizeText.shadow": {"offset": "0px 0px"},
        "descText.shadow": {"offset": "0px 0px"},
        "durationFontSize": 10,
        "descFontSize": 13,
        "fileIcon.image": "icn_send_file01.png #6e7b80",
        "durationText.shadow": {"offset": "0px 0px"},
        "fileSizeFontWeight": "bold"
    },
    "line.chat.cell.groupboard.sent": {
        "loadStyle": "line.chat.cell.sendBubble",
        "goButtonTextFontSize": 11,
        "postText.shadow": {
            "normal": "#000000, 0.0",
            "offset": "0px 0px"
        },
        "postText.color": "#3d5157",
        "arrowIcon.image": "speech_bubble_group_icon_arrow.png #dac866",
        "border.image": "speech_bubble_image_border.png 1px 1px",
        "tailText.color": "#8b8e64",
        "defaultPhoto.image": "speech_icon_error_p.png",
        "defaultSticker.image": "speech_icon_error_s.png",
        "goButtonTextFontWeight": "bold",
        "addressText.shadow": {
            "normal": "#000000, 0.0",
            "offset": "0px 0px"
        },
        "addressTextFontSize": 13,
        "addressFlagIcon.image": "mapinfo_chat_flag.png",
        "goButtonText.color": "#8b8e64",
        "addressText.color": "#3d5157",
        "defaultVideo.image": "speech_icon_error_v.png",
        "goButtonText.shadow": {
            "normal": "#ffffff, 0.0",
            "offset": "0px 0px"
        }
    },
    "line.tableview.cell.buddy": {
        "statusMessageBackground.image": {"normal": "friends_recom_balloon.png 8px 8px"},
        "loadStyle": "line.tableview.cell.friend",
        "statusMessageEdgeInset": "0px -3px -1px 3px"
    },
    "line.more.statusbar": {"background.color": "#55bbdc"},
    "line.share.writeHome.background": {"image": "bg_homewrite01.png"},
    "line.privateChat.cell.blindBubble": {
        "loadStyle": "line.privateChat.cell.bubble",
        "arrow.image": "private_chat_arrow.png #b2dae8",
        "background.image": "private_chat_bubble.png 15px 15px",
        "fontSize": 15,
        "fontWeight": "bold",
        "text.color": "#3d5157"
    },
    "myhome.navigationBar.button.notification": {
        "content.edgeInsets": "0px 4px 0px -4px",
        "background.image": {
            "normal": "navigation_btn_02.png 16px 0px",
            "pressed": "navigation_btn_02_01.png 16px 0px"
        },
        "icon.image": {
            "normal": "line_header_icon04.png",
            "pressed": "line_header_icon04_press.png",
            "selected": "line_header_icon04_press.png"
        }
    },
    "line.chat.room": {
        "image.thumbnail.mask.send": "image_02_shape_02_right.png 25px 25px",
        "color.cellText": "#3d5157",
        "image.thumbnail.mask.receive": "image_02_shape_01_left.png 25px 25px",
        "image.speaker": "icon_speaker_02.png"
    },
    "line.tableview.cell.callRecentlist.time": {
        "fontSize": 12,
        "text.color": {
            "normal": "#99d6ea",
            "pressed": "#99d6ea"
        }
    },
    "line.chat.onAir.contentLabel": {
        "fontSize": 13,
        "text.shadow": {
            "normal": "#ffffff, 0.0",
            "offset": "0px 0px"
        },
        "fontWeight": "bold",
        "text.color": "#ffffff, 0.7"
    },
    "line.searchBar": {
        "canceButtonFontSize": 16,
        "cancelButton.image": {
            "normal": "searchbar_btn_cancel.png 16px 15px",
            "pressed": "searchbar_btn_cancel_on.png 16px 16px"
        },
        "cancelButtonText.shadow": {
            "normal": "#ffffff,0.0",
            "offset": "0px 0px"
        },
        "background.image": "searchbar_bg.png 0px 22px",
        "searchbarTextFieldBackground.image": "searchbar_input_bg.png",
        "background.color": "#d9f3fb",
        "statusBarStyle": "white",
        "text.color": "#4a5a60",
        "placeHolderText.color": "#9db5bd",
        "cancelButtonText.color": "#56b1ce",
        "fontSize": 14,
        "cancelButtonFontWeight": "normal",
        "searchbarTextFieldLeftView.image": "searchbar_icon_search.png",
        "fontWeight": "bold",
        "clearButton.image": {
            "normal": "searchbar_btn_clear.png",
            "pressed": "searchbar_btn_clear_on.png"
        }
    },
    "line.navigationBar.addGroup": {
        "content.edgeInsets": "0px 0px 0px 0px",
        "loadStyle": "line.navigationBar.normal.portrait",
        "size": "54px 30px",
        "icon.image": {
            "normal": "navigation_icon_07.png",
            "pressed": "navigation_icon_07.png"
        }
    },
    "line.tableview.sectionheader.buddy.moreButton": {
        "background.color": "#aadded",
        "fontSize": 10,
        "fontWeight": "bold",
        "text.color": "#ffffff"
    },
    "myhome.topSlideMenu.shadowImage": {"image": "tm_loading_shadow.png 0px 0px"},
    "myhome.navigationBar.button.posts": {
        "content.edgeInsets": "0px 0px 0px 0px",
        "background.image": {
            "normal": "navigation_btn_02.png 7px 0px",
            "pressed": "navigation_btn_02_tab.png 7px 0px"
        },
        "icon.image": {
            "normal": "navigation_btn_icon_02.png",
            "pressed": "navigation_btn_icon_02.png"
        }
    },
    "line.group.dashboard.popup.moreButton": {"icon.image": "gr_member_icon_setting.png #77c9e3"},
    "line.navigationBar.buddyHome.portrait": {
        "content.edgeInsets": "1px 13px -1px -13px",
        "loadStyle": "line.navigationBar.normal.portrait",
        "size": "30px 38px",
        "icon.image": {
            "normal": "tm_topbar_btn_home.png",
            "pressed": "tm_topbar_btn_home.png"
        }
    },
    "line.search.detailView.navigationBar.button.back.portrait": {
        "content.edgeInsets": "0px 10px 0px 10px",
        "loadStyle": "line.navigationBar.back.portrait",
        "icon.image": {
            "normal": "navigation_icon_05.png #56b1ce",
            "pressed": "navigation_icon_05.png #56b1ce"
        }
    },
    "line.tableview.cell.more.banner.mainText": {"text.color": "#3d5157"},
    "line.tableview.cell.group": {
        "loadStyle": "line.tableview.cell",
        "groupMembersCountText.shadow": {
            "normal": "#ffffff,0.5",
            "offset": "0px 0px"
        },
        "groupMembersCountBackground.image": "group_number.png 8px 8px",
        "text.shadow": {
            "normal": "#ffffff,0.0",
            "offset": "0px 0px"
        },
        "groupMembersCountText.color": "#ffffff",
        "groupMembersCountTextFontSize": 10,
        "text.color": {
            "normal": "#4a6e89",
            "pressed": "#4a6e89"
        }
    },
    "line.chat.cell.contactMessage.arrow": {"image": "friend_balloon_more.png #c3c0b1"},
    "line.chat.cell.presentMessage.receive.button": {
        "background.image": {
            "normal": "btn_wbubble.png 7px 0px",
            "pressed": "btn_wbubble_over.png 7px 0px"
        },
        "fontSize": 13,
        "text.shadow": {
            "normal": "#ffffff, 0.1",
            "offset": "0px 0px"
        },
        "fontWeight": "bold",
        "text.color": "#ffffff"
    },
    "line.chat.cell.readCount": {"loadStyle": "line.chat.cell.messageTime"},
    "myhome.tableview.cell.merge.header": {"text.color": {"normal": "#4a5a60"}},
    "line.search.detailView.navigationBar.button.back.landscape": {
        "content.edgeInsets": "0px 10px 0px 10px",
        "loadStyle": "line.navigationBar.back.landscape",
        "icon.image": {
            "normal": "navigation_icon_05.png #56b1ce",
            "pressed": "navigation_icon_05.png #56b1ce"
        }
    },
    "line.multi.userselect.name": {
        "fontSize": 11,
        "text.color": "#3f3f3f"
    },
    "line.chat.room.topDropButton.portrait": {
        "content.edgeInsets": "0px 4px 0px -4px",
        "size": "45px 38px",
        "icon.image": {
            "normal": "chattop_bt_icon01.png",
            "selected": "chattop_bt_icon02.png"
        }
    },
    "line.notificationCenter.popup.title": {
        "fontSize": 13,
        "text.shadow": {
            "normal": "#000000, 0.0",
            "offset": "0px 0px"
        },
        "fontWeight": "Bold",
        "text.color": "#77c9e3"
    },
    "line.chat.memberList": {
        "image.background": "background_members_chat.png 1px 0px",
        "image.arrow": "arrow_right_03.png #cdeaf3"
    },
    "line.navigationBar.back.chatWithNumber.landscape": {
        "content.edgeInsets": "0px 5px 0px 0px",
        "loadStyle": "line.navigationBar.back.landscape",
        "fontSize": 16,
        "title.edgeInsets": "0px -8px 0px 0px",
        "text.color": "#ffffff"
    },
    "line.chat.voiceTalk.message.talkButton": {
        "fontSize": 12,
        "text.shadow": {
            "normal": "#000000, 0.0",
            "offset": "0px 0px"
        },
        "fontWeight": "bold"
    },
    "line.navigationBar.groupboard.landscape": {
        "loadStyle": "line.navigationBar.normal.landscape",
        "size": "20px 28px",
        "icon.image": {
            "normal": "navigation_btn_icon_02_landscape.png",
            "pressed": "navigation_btn_icon_02_landscape.png"
        }
    },
    "line.chat.sendButton": {
        "background.image": {
            "normal": "btn_chat_send_01.png 4px 0px",
            "pressed": "btn_chat_send_02.png 4px 0px",
            "dimmed": "btn_chat_send_01.png 4px 0px"
        },
        "fontSize": 12,
        "text.shadow": {
            "normal": "#ffffff, 0.0",
            "offset": "0px 0px",
            "dimmed": "#ffffff, 0.0"
        },
        "fontWeight": "bold",
        "text.color": {
            "normal": "#ffffff",
            "dimmed": "#ffffff, 0.5"
        }
    },
    "myhome.navigationBar.badgeTitle": {
        "fontSize": 11,
        "fontWeight": "bold"
    },
    "line.chat.cell.fileMessage.sent": {
        "loadStyle": "line.chat.cell.sendBubble",
        "descText.color": "#3d5157",
        "descFontWeight": "bold",
        "fileSizeFontSize": 10,
        "durationText.color": "#3d5157, 0.6",
        "arrawIcon.image": "friend_balloon_more.png #dac866",
        "durationFontWeight": "bold",
        "fileSizeText.color": "#3d5157, 0.6",
        "fileSizeText.shadow": {"offset": "0px 0px"},
        "descText.shadow": {"offset": "0px 0px"},
        "durationFontSize": 10,
        "descFontSize": 13,
        "fileIcon.image": "icn_send_file01.png #6e7765",
        "durationText.shadow": {"offset": "0px 0px"},
        "fileSizeFontWeight": "bold"
    },
    "line.search.result.function": {
        "loadStyle": "line.tableview.cell.friend",
        "icon.tintColor": "#66c2df"
    },
    "line.welcomeView.title": {
        "textAlignment": "center",
        "fontSize": 18,
        "text.shadow": {
            "normal": "#ffffff,0.1",
            "offset": "0px 0px"
        },
        "fontWeight": "bold",
        "text.color": "#3d5157"
    },
    "myhome.topSlideMenu.news": {
        "background.image": {
            "normal": "btn_bg.png 20px 0px",
            "pressed": "btn_bg_press.png 20px 0px "
        },
        "icon.image": {
            "normal": "btn_icon.png",
            "pressed": "btn_icon.png"
        },
        "text.color": "#ffffff"
    },
    "line.navigationBar.back.chatWithNumber": {},
    "line.navigationBar.chargeCoin": {
        "background.image": {
            "normal": "navigation_btn_02.png 16px 0px",
            "pressed": "navigation_btn_02_01.png 16px 0px"
        },
        "fontSize": 16,
        "text.shadow": {
            "normal": "#1175bd, 0.0",
            "offset": "0px 0px"
        },
        "fontWeight": "bold",
        "text.color": "#ffffff"
    },
    "line.chat.cell.voiceMessage.recv": {
        "loadStyle": "line.chat.cell.recvBubble",
        "pauseButton.image": {
            "normal": "ico_gray_pause.png #6e919d",
            "pressed": "ico_gray_pause.png #4d6973"
        },
        "loadingIndicator.color": "#6e919d",
        "playing.image": {
            "icon03.image": "ico_gray_speak_02.png",
            "icon01.image": "ico_gray_speak.png",
            "icon04.image": "ico_gray_speak_03.png",
            "icon02.image": "ico_gray_speak_01.png"
        },
        "horizontalSeperator.image": "bg_gray_partition_horizontal01.png",
        "playButton.image": {
            "normal": "ico_gray_play.png #6e919d",
            "pressed": "ico_gray_play.png #4d6973",
            "disabled": "ico_gray_play.png #6e919d"
        },
        "expired.image": "novoice_icon_02.png",
        "text.color": {
            "normal": "#3d5157",
            "pressed": "#3d5157"
        },
        "loadingIndicatorType": "gray",
        "exportButton.image": {
            "normal": "ico_gray_export.png #6e919d",
            "pressed": "ico_gray_export.png #6e919d",
            "dimmed": "ico_gray_export_inactive.png #6e919d"
        },
        "fontSize": 20,
        "verticalSeperator.image": "bg_gray_partition_vertical01.png",
        "text.shadow": {
            "normal": "#ffffff, 0.1",
            "offset": "0px 0px"
        },
        "colon.image": {
            "normal": "voice_count_B.png #3d5157",
            "pressed": "voice_count_B_tap.png #3d5157"
        },
        "fontWeight": "bold",
        "speaker.image": "ico_gray_speak.png"
    },
    "line.friend.bulkEdit.block": {
        "background.image": {
            "normal": "fredit_bt_1.png 5px 0px",
            "pressed": "fredit_bt_1_tap.png 5px 0px",
            "dimmed": "fredit_bt_1.png 5px 0px"
        },
        "fontSize": 14,
        "text.shadow": {
            "normal": "#000000, 0.0",
            "offset": "0px 0px"
        },
        "fontWeight": "bold",
        "text.color": {
            "normal": "#ffffff",
            "dimmed": "#ffffff, 0.4"
        }
    },
    "line.friend.recommend.makeGroup.titleLabel": {
        "fontSize": 15,
        "text.shadow": {
            "normal": "#ffffff,0.1",
            "offset": "0px 0px"
        },
        "fontWeight": "bold",
        "text.color": {"normal": "#66c2df"}
    },
    "myhome.tableview.cell.merge.arrow": {"image": "mf_btn_arrow.png #b7cbd3"},
    "line.group.home.album.optionButton": {"text.color": {
        "normal": "#539acc",
        "pressed": "#1175bd",
        "selected": "#1175bd"
    }},
    "line.chat.cell.musicMessage.sent": {
        "loadStyle": "line.chat.cell.sendBubble",
        "textLabel.color": "#3d5157, 0.6",
        "playlist.image": "music_icon_playlist_send.png",
        "thumbBorder.image": "music_thumbnail_border.png",
        "topic.image": "music_icon_topic_send.png",
        "titleLabel.color": "#3d5157",
        "serviceNameLabel.color": "#3d5157, 0.6"
    },
    "line.navigationBar.keyPad": {
        "content.edgeInsets": "0px 4px 0px -4px",
        "loadStyle": "line.navigationBar.normal.portrait",
        "size": "48px 26px",
        "icon.image": {
            "normal": "navi_icon_keypad_nor.png",
            "pressed": "navi_icon_keypad_nor.png"
        }
    },
    "line.tableview.cell.call.contactlist": {
        "loadStyle": "line.tableview.cell",
        "image.call.back.quickButton": {
            "normal": "button_type_gray_normal.png 5px 5px",
            "pressed": "button_type_gray_pressed.png 5px 5px"
        },
        "lineoutIcon.image": {
            "normal": "list_call_icon_lineout.png #55bbdc",
            "pressed": "list_call_icon_lineout.png #55bbdc"
        },
        "freecallIcon.image": {
            "normal": "list_call_icon_freecall.png #55bbdc",
            "pressed": "list_call_icon_freecall.png #55bbdc"
        },
        "text.color": {
            "normal": "#3d5157",
            "pressed": "#3d5157"
        }
    },
    "myhome.topSlideMenu.button.photo": {
        "icon.image": {
            "normal": "tm_photo.png",
            "pressed": "tm_photo_pressed.png"
        },
        "fontSize": 10,
        "title.edgeInsets": "0px 5px 0px 0px",
        "fontWeight": "bold",
        "text.color": {
            "normal": "#80cde6",
            "pressed": "#55bbdc"
        }
    },
    "line.friend.bulkEdit.hide": {
        "background.image": {
            "normal": "fredit_bt_2.png 5px 0px",
            "pressed": "fredit_bt_2_tap.png 5px 0px",
            "dimmed": "fredit_bt_2.png 5px 0px"
        },
        "fontSize": 14,
        "text.shadow": {
            "normal": "#000000, 0.0",
            "offset": "0px 0px",
            "pressed": "#000000, 0.0",
            "dimmed": "#000000, 0.0"
        },
        "fontWeight": "bold",
        "text.color": {
            "normal": "#ffffff",
            "pressed": "#ffffff",
            "dimmed": "#ffffff, 0.4"
        }
    },
    "line.chat.edit.checkIcon": {"background.image": {
        "normal": "friend_check_off.png",
        "selected": "friend_check_on.png"
    }},
    "line.welcomeView": {
        "image.default02": "welcome_true01.png",
        "image.default03": "welcome_true01.png",
        "image.default04": "welcome_true01.png",
        "image.default05": "welcome_true01.png",
        "background.color": "#e6f9ff",
        "image.arrow": "arrow_image.png",
        "image.default01": "welcome_true01.png"
    },
    "line.passcode": {
        "title.text.color": "#55bbdc",
        "inputHintMark2.image": "passcode_code_2b.png",
        "keypad.digit.pressed.color": "#73c7dd",
        "inputHintMark3.image": "passcode_code_2c.png",
        "keypad.delete.normal.color": "#ffffff",
        "background.color": "#e7f9fd",
        "keypad.text.normal.color": "#ffffff",
        "keypad.digit.color": "#ffffff",
        "inputHintUnMark4.image": "passcode_code_1d.png",
        "keypad.background.color": "#80cfe2",
        "keypad.text.pressed.color": "#ffffff",
        "inputHintMark4.image": "passcode_code_2d.png",
        "inputHintUnMark3.image": "passcode_code_1c.png",
        "keypad.delete.pressed.color": "#ffffff",
        "inputHintUnMark1.image": "passcode_code_1.png",
        "description.text.color": "#55bbdc, 0.6",
        "inputHintMark1.image": "passcode_code_2.png",
        "inputHintUnMark2.image": "passcode_code_1b.png"
    },
    "line.tableview.cell.chatlist.time": {
        "fontSize": 10,
        "text.shadow": {
            "normal": "#ffffff,0.1",
            "offset": "0px 0px"
        },
        "text.color": {
            "normal": "#b3d0d9",
            "pressed": "#b3d0d9"
        }
    },
    "line.group.home.addMember.inviteButton.smsImage": {"image": "gr_icon_sms.png #ffffff"},
    "line.privateChat.room.background": {
        "loadStyle": "line.chat.room.background",
        "image": "bg_private_chatroom.png",
        "contentMode": "scaleaspectfill"
    },
    "linealbum.navigationBar.button.list": {
        "content.edgeInsets": "0px 0px 0px 0px",
        "background.image": {
            "normal": "navigation_btn_02.png 7px 0px",
            "pressed": "navigation_btn_02_tab.png 7px 0px"
        },
        "icon.image": {
            "normal": "navigation_btn_icon_07.png",
            "pressed": "navigation_btn_icon_07.png"
        }
    },
    "line.friend.bulkEdit.bottom": {
        "image": "fredit_bg.png",
        "hideButtonNumberText.color": "#ffffff",
        "blockButtonNumberText.color": "#ffffff"
    },
    "line.chat.cell.autoresend": {"image": "autoresend_icon.png #a5c8d4"},
    "line.tabBar.badgeText": {"text.shadow": {
        "normal": "#ffffff,0.0",
        "offset": "0px 0px"
    }},
    "line.navigationBar.addChat": {
        "content.edgeInsets": "0px 8px 0px -8px",
        "loadStyle": "line.navigationBar.normal.portrait",
        "size": "52px 38px",
        "icon.image": {
            "normal": "navigation_icon_04.png",
            "pressed": "navigation_icon_04.png"
        }
    },
    "line.chat.cell.callMessage.receive.infoLabel": {
        "fontSize": 11,
        "fontWeight": "bold",
        "text.color": "#8b979a"
    },
    "line.chat.cell.info.background": {"image": "bg_readpoint01.png 10px, 10px"},
    "line.tableview.cell.chatlist": {
        "loadStyle": "line.tableview.cell",
        "friendlistArrow.image": {"normal": "friendlist_arrow.png #d6eff7"},
        "linecallIcon.image": "img_chatlist_freecall03.png #ffffff",
        "speakerIcon.image": "icon_speaker.png #b3d0d9",
        "background.color": {
            "normal": "@TableViewCellBackgroundColor",
            "pressed": "@TableViewPressedBackgroundColor",
            "selected": "@TableViewPressedBackgroundColor"
        },
        "selectedCheckmark.image": {
            "normal": "friend_check_off.png",
            "selected": "friend_check_on.png"
        },
        "text.color": "#b3d0d9"
    },
    "myhome.tableview.cell.header.label": {
        "offset": "0px 0px",
        "fontSize": 12,
        "fontWeight": "bold",
        "text.color": "#4a5a60"
    },
    "line.tableview.cell.more.nohome": {
        "loadStyle": "line.tableview.cell.more.Btype",
        "text.shadow": {
            "normal": "#000000,0.0",
            "offset": "0px 0px"
        },
        "fontWeight": "bold",
        "text.color": "#88bade"
    },
    "line.chat.edit.sendButton": {"loadStyle": "line.friend.bulkEdit.block"},
    "line.group.home.addMember.inviteButton": {"background.color": {
        "normal": "#7bd4f1",
        "pressed": "#6ecdee"
    }},
    "line.more": {
        "payIcon.image": "icon_more_pay.png",
        "lineStoreIcon.image": "icon_more_linestore.png",
        "tintColor": "#66c2df",
        "lineAppIcon.image": "icon_more_lineapp.png",
        "freeCoinIcon.image": "icon_more_freecoin.png",
        "noticeIcon.image": "icon_more_notices.png",
        "alumniIcon.image": "icon_more_alumni.png",
        "settingsIcon.image": "icon_setting.png",
        "themeShopIcon.image": "icon_more_themeshop.png",
        "addFriendsIcon.image": "icon_addfriend.png",
        "gamesIcon.image": "icon_more_games.png",
        "officialIcon.image": "icon_more_Officialaccounts.png",
        "stickerShopIcon.image": "icon_more_Stickershop.png",
        "lineCallIcon.image": "icon_more_freecall.png",
        "giftShopIcon.image": "icon_more_giftshop.png"
    },
    "line.chat.cell.presentMessage.receive.bubbleView": {"image": "wbubble.png 15px 15px"},
    "line.recendRecommend.findContactButton": {
        "fontSize": 12,
        "text.color": {
            "normal": "#3d5157, 0.5",
            "pressed": "#3d5157, 0.5"
        }
    },
    "line.group.home.addMember.inviteButton.mailImage": {"image": "gr_icon_mail.png #ffffff"},
    "line.group.home.addMember.inviteButton.dividerView": {"background.color": "#7bd4f1"},
    "myhome.tableview.cell.recallUser.commentText": {"text.color": {"normal": "#55bbdc"}},
    "line.tableview.cell.callRecentlist": {
        "image.call.arrow.send": "list_call_arrow_send.png #99d6ea",
        "loadStyle": "line.tableview.cell",
        "image.call.type.icon.lineout": {
            "normal": "list_call_icon_lineout.png #55bbdc",
            "pressed": "list_call_icon_lineout.png #55bbdc"
        },
        "image.call.back.quickButton": {
            "normal": "button_type_gray_normal.png 5px 5px",
            "pressed": "button_type_gray_pressed.png 5px 5px"
        },
        "missedcall.text.color": "#ff3600",
        "image.call.arrow.receive": "list_call_arrow_receive.png #99d6ea",
        "image.call.type.icon.videocall": {
            "normal": "list_call_icon_videocall.png #55bbdc",
            "pressed": "list_call_icon_videocall.png #55bbdc"
        },
        "background.color": {
            "normal": "@TableViewCellBackgroundColor",
            "pressed": "@TableViewPressedBackgroundColor",
            "selected": "@TableViewPressedBackgroundColor"
        },
        "fontSize": 16,
        "image.call.type.icon.freecall": {
            "normal": "list_call_icon_freecall.png #55bbdc",
            "pressed": "list_call_icon_freecall.png #55bbdc"
        },
        "text.color": "#3d5157"
    },
    "line.group.home.newAlbumButton": {"icon.image": {
        "normal": "gr_btn_album_bottom_normal.png",
        "pressed": "gr_btn_album_bottom_press.png"
    }},
    "line.sticker.manageMySticker.bottomButton.disable": {
        "loadStyle": "line.friend.bulkEdit.hide",
        "fontWeight": "bold",
        "text.color": {
            "normal": "#88bade",
            "pressed": "#88bade",
            "dimmed": "#88bade, 0.45"
        }
    },
    "line.chat.cell.devideColor": {
        "cell.devideColor.Bottom": "#ffffff, 0.0",
        "cell.devideColor.Top": "#716e5e, 0.2"
    },
    "line.navigationBar.edit": {"loadStyle": "line.navigationBar.normal.portrait"},
    "line.chat.cell.callMessage.send.linecallLabel": {
        "fontSize": 8,
        "fontWeight": "bold",
        "text.color": "#3d5157"
    },
    "line.chat.cell.e2eeMessage.send.lockIcon": {"image": "message_icon_e2ee.png #3d5157"},
    "line.chat.room.topDropMenu.menuName": {
        "fontSize": 11,
        "text.shadow": {
            "normal": "#ffffff, 0.0",
            "offset": "0px -0px",
            "dimmed": "#ffffff, 0.0"
        },
        "text.color": {
            "normal": "#ffffff",
            "dimmed": "#ffffff, 0.4"
        }
    },
    "myhome.tableview.cell.footer.shadowImageView": {"image": "tm_commentbg_cornershadow.png 1px 1px"},
    "line.tableview.sectionheader.addfriends": {"loadStyle": "line.tableview.sectionheader"},
    "line.chat.cell.e2eeMessage.recv.title": {
        "fontSize": 14,
        "text.color": "#3d5157"
    },
    "line.group.home.guide.subTitleLabel": {
        "fontSize": 12,
        "text.color": {"normal": "#14414b"}
    },
    "line.chat.room.topDropMenu.icons": {
        "image.linecall.disable": "topmenu_call_off.png",
        "image.invitation.disable": "topmenu_02_off.png",
        "image.editName.disable": "topmenu_15_off.png",
        "image.recommend": "topmenu_16.png",
        "image.notification.on": "topmenu_03.png",
        "image.notification.on.disable": "topmenu_03_off.png",
        "image.settings": "topmenu_07.png",
        "image.posts": "topmenu_posts.png",
        "image.addGroup": "ip_new_icon01.png",
        "image.unblock": "topmenu_04_press.png",
        "image.hiddenChat": "topmenu_hiddenchat.png",
        "image.members.disable": "topmenu_members_off.png",
        "image.posts.disable": "topmenu_posts_off.png",
        "image.members": "topmenu_members.png",
        "image.hiddenChat.disable": "topmenu_hiddenchat_off.png",
        "image.editMessages.disable": "topmenu_09_off.png",
        "image.leaveRoom": "topmenu_10.png",
        "image.invitation": "topmenu_02.png",
        "image.notification.off.disable": "topmenu_03_press_off.png",
        "image.recommend.disable": "topmenu_16_off.png",
        "image.privateTimeset": "topmenu_timeset.png",
        "image.gallery": "topmenu_12.png",
        "image.leaveGroup": "topmenu_10.png",
        "image.album": "topmenu_13.png",
        "image.leaveGroup.disable": "topmenu_10_off.png",
        "image.album.disable": "topmenu_13_off.png",
        "image.notification.off": "topmenu_03_press.png",
        "image.unblock.disable": "topmenu_04_press.png",
        "image.addGroup.disable": "ip_new_icon02.png",
        "image.editMessages": "topmenu_09.png",
        "image.editName": "topmenu_15.png",
        "image.block": "topmenu_04.png",
        "image.linecall": "topmenu_call.png"
    },
    "line.chat.menu.attachment.item.statusView": {"image": "c_menu_linkage.png #b7d7e1"},
    "line.chat.cell.UrlCard.send": {
        "title.text.color": "#3d5157",
        "background.color": "#F8ED59",
        "sub.text.color": "#3d5157, 0.6",
        "Outline.color": "#CFC64F"
    },
    "myhome.error.button": {
        "background.image": {
            "normal": "default_friend_bnt01.png 5px 5px",
            "pressed": "default_friend_bnt01_press.png 5px 5px"
        },
        "fontSize": 13,
        "text.color": {"normal": "#ffffff"}
    },
    "line.chat.room.callButton.portrait": {
        "content.edgeInsets": "0px 11px 0px -11px",
        "size": "37px 38px",
        "icon.image": {
            "normal": "navi_icon_call_nor.png",
            "selected": "navi_icon_call_nor.png"
        }
    },
    "line.navigationBar.removeChat": {
        "loadStyle": "line.navigationBar.normal.portrait",
        "background.image": {
            "normal": "navigation_btn_02.png 16px 0px",
            "pressed": "navigation_btn_02_01.png 16px 0px",
            "dimmed": "navigation_btn_02.png 16px 0px"
        },
        "text.shadow": {
            "normal": "#1175bd, 0.0",
            "offset": "0px 0px",
            "pressed": "#1175bd, 0.0",
            "dimmed": "#1175bd, 0.0"
        },
        "text.color": {
            "normal": "#ffffff",
            "pressed": "#ffffff",
            "dimmed": "#ffffff, 0.5"
        }
    },
    "line.tableview.cell.addfriend": {
        "loadStyle": "line.tableview.cell.friend",
        "selectedCheckmark.image": {
            "normal": "friend_check_off.png",
            "selected": "friend_check_on.png"
        }
    },
    "myhome.tableview.cell.nodataLabel": {
        "fontSize": 14,
        "text.shadow": {
            "normal": "#ffffff,0.1",
            "offset": "0px 0px"
        },
        "text.color": "#90bdcc, 0.7"
    },
    "line.share.writeHome.button": {
        "background.image": {
            "normal": "btn_homewrite01.png 6px 0px",
            "pressed": "btn_homewrite01_press.png 6px 0px"
        },
        "icon.image": "btn_icon_homewrite01.png",
        "fontSize": 14,
        "text.shadow": {
            "normal": "#ffffff,0.0",
            "offset": "0px 0px"
        },
        "fontWeight": "bold",
        "image.edgeInsets": "0px -5px 0px 0px",
        "text.color": {
            "normal": "#ffffff",
            "dimmed": "#ffffff, 0.4"
        }
    },
    "myhome.tableview.cell.footer.likelistButton": {"icon.image": {"normal": "tm_icon_more_normal.png #d6eff7"}},
    "line.tableview.cell.chatlist.name": {
        "fontSize": 16,
        "text.color": {
            "normal": "#3d5157",
            "pressed": "#3d5157"
        }
    },
    "myhome.navigationBar.button.back.landscape": {
        "content.edgeInsets": "0px 0px 0px 0px",
        "background.image": {
            "normal": "width_header_bt02.png 15px 0px",
            "pressed": "width_header_bt02_tap.png 15px 0px"
        },
        "icon.image": {"normal": "navigation_icon_05_landscape.png"}
    },
    "line.tableview": {
        "background.color": "@TableViewBackgroundColor",
        "separator.color": "@SeperatorColor"
    },
    "line.chat.cell.soundImage": {"image": "icon_AniSticker_speaker.png #a5c8d4"},
    "line.friend.recommend.makeGroup.lineColor": {"background.color": "#e7e9ea"},
    "line.navigationBar.back.chatWithNumber.portrait": {
        "content.edgeInsets": "0px 5px 0px 0px",
        "loadStyle": "line.navigationBar.back.portrait",
        "fontSize": 16,
        "title.edgeInsets": "0px -8px 0px 0px",
        "text.color": "#ffffff"
    },
    "myhome.tableview.cell.header.groupButton": {
        "background.image": {
            "normal": "gr_btn_go_group_n.png 5px 5px",
            "pressed": "gr_btn_go_group_p.png 5px 5px"
        },
        "icon.image": {"normal": "gr_btn_icon_group.png #94d1e7"}
    },
    "line.chat.cell.e2eeMessage.send.title": {
        "fontSize": 14,
        "text.color": "#3d5157"
    },
    "line.searchBar.location": {"loadStyle": "line.searchBar"},
    "line.privateChat.cell.userName": {
        "fontSize": 10,
        "fontWeight": "bold",
        "text.color": "#b2dae8"
    },
    "line.search.detailView.navigationBar.cancelButton": {
        "content.edgeInsets": "0px 10px 0px 10px",
        "background.image": {
            "normal": "searchbar_btn_cancel.png 16px 15px",
            "pressed": "searchbar_btn_cancel_on.png 16px 16px"
        },
        "fontSize": 16,
        "text.shadow": {
            "normal": "#ffffff,0.0",
            "offset": "0px 0px"
        },
        "fontWeight": "normal",
        "text.color": "#56b1ce"
    },
    "line.friend.multiInvite.bottom": {"image": "fredit_bg.png"},
    "myhome.navigationBar.button.common": {
        "content.edgeInsets": "0px 12px 0px 12px",
        "background.image": {
            "normal": "navigation_btn_02.png 16px 0px",
            "pressed": "navigation_btn_02_tab.png 15px 0px"
        },
        "fontSize": 16,
        "text.shadow": {
            "normal": "#ffffff, 0.0",
            "offset": "0px 0px",
            "pressed": "#ffffff, 0.0",
            "dimmed": "#ffffff, 0.0",
            "selected": "#ffffff, 0.0"
        },
        "fontWeight": "normal",
        "text.color": {
            "normal": "#ffffff",
            "pressed": "#ffffff",
            "dimmed": "#ffffff, 0.4",
            "selected": "#ffffff"
        }
    },
    "myhome.navigationBar.title": {
        "fontSize": 16,
        "text.shadow": {
            "normal": "#1175bd, 0.0",
            "offset": "0px 0px"
        },
        "fontWeight": "bold",
        "text.color": "#ffffff"
    },
    "line.group.dashboard.popup": {"image": "gr_noti_bg.png 7px 12px"},
    "line.group.home.member.nameLabel": {"text.color": "#3d5157"},
    "line.privateChat.titleView.lockImage": {"image": "ico_private_lock.png"},
    "myhome.navigationBar.title.timelineButton": {
        "icon.image": {
            "normal": "tm_topbar_menu_cur.png #1175bd",
            "selected": "tm_topbar_menu_cur_open.png #1175bd"
        },
        "fontSize": 16,
        "text.shadow": {
            "normal": "#1175bd, 0.0",
            "offset": "0px 0px"
        },
        "fontWeight": "bold",
        "text.color": {"normal": "#ffffff"}
    },
    "myhome.tableview.cell.footer.likeButton": {
        "icon.image": {
            "normal": "tm_icon_like.png",
            "selected": "tm_icon_like_on.png"
        },
        "text.color": {"normal": "#88cfe6"}
    },
    "line.chat.attachButton": {
        "background.image": {
            "normal": "chat_btn_icon_04.png",
            "pressed": "chat_btn_icon_05.png",
            "selected": "chat_btn_icon_04.png"
        },
        "icon.image": {
            "normal": "chat_btn_icon_01.png",
            "pressed": "chat_btn_icon_01.png",
            "selected": "chat_btn_icon_02.png"
        }
    },
    "line.chat.menu.attachment": {"background.color": "#aedceb"},
    "line.navigationBar.mySticker": {
        "content.edgeInsets": "0px -3px 0px 3px",
        "loadStyle": "line.navigationBar.normal.portrait",
        "icon.image": {
            "normal": "navigation_icon_03.png",
            "pressed": "navigation_icon_03.png"
        }
    },
    "line.tabControl.underline": {"background.color": "#2c8faa"},
    "myhome.tableview": {"background.image": "tm_bg.png"},
    "myhome.tableview.cell.pickFriendGuide": {
        "background.color": {"normal": "#ffffff"},
        "fontSize": 11,
        "text.color": {"normal": "#3d5157"}
    },
    "line.friend.recommend.makeGroup": {"background.image": {
        "normal": "group_bt_bg.png 1px 0px",
        "pressed": "group_bt_bg_press.png 1px 0px"
    }},
    "myhome.navigationBar.button.back": {
        "content.edgeInsets": "0px -4px 0px 4px",
        "background.image": {
            "normal": "navigation_btn_02.png 16px 0px",
            "pressed": "navigation_btn_02_01.png 16px 0px"
        },
        "icon.image": {"normal": "navigation_icon_05.png"}
    },
    "view.common": {
        "DefaultTextColor": "#3d5157",
        "TableViewSelectedBackgroundColor": "#f2fafd",
        "TableViewBackgroundColor": "#ffffff",
        "SeperatorColor": "#e7eaea",
        "TableViewCellBackgroundColor": "#ffffff",
        "TableViewPressedBackgroundColor": "#f2fafd"
    },
    "line.friend.recommend.addfriends.addbutton": {
        "background.image": {
            "normal": "button_type_lightgreen_normal.png 5px 5px #55bbdc",
            "pressed": "button_type_lightgreen_pressed.png 5px 5px #47abcb"
        },
        "text.color": "#ffffff"
    },
    "line.group.home.addMember.inviteButton.titleLabel": {"text.color": "#ffffff"},
    "myhome.tableview.cell.recallUser.separator": {"background.color": {"normal": "#e6e4e3"}},
    "line.tableview.cell.more.banner.subText": {"text.color": "#1a7a97, 0.5"},
    "line.recendRecommend.line.icon": {"image": "call_text_line.png #00c63c"},
    "chat.activity.navigation.pageControl": {
        "inactive_dot_image": "navi_dot_off.png #ffffff",
        "disable_dot_image": "navi_dot_disable.png #95daf0",
        "active_dot_image": "navi_dot_on.png #ffffff",
        "dot_spacing": 6
    },
    "groupboard.navigationBar.button.multiBack.close": {
        "content.edgeInsets": "0px 12px 0px 10px",
        "background.image": {
            "normal": "navigation_btn_03_01_default.png 13px 0px",
            "pressed": "navigation_btn_03_01_select.png 13px 0px",
            "dimmed": "navigation_btn_03_01_select.png 13px 0px"
        },
        "fontSize": 16,
        "text.shadow": {
            "normal": "#000000, 0.0",
            "offset": "0px 0px",
            "pressed": "#000000, 0.0"
        },
        "fontWeight": "normal",
        "text.color": {
            "normal": "#ffffff",
            "pressed": "#ffffff"
        }
    },
    "line.chat.richMessage.bubbleView": {"image": "rich_content_bg.png 6px 5px"},
    "line.tabControl.updatedot": {"background.color": "#ffffff"},
    "line.search.result.Shop": {
        "loadStyle": "line.tableview.cell.friend",
        "companyName.text.color": "#55bbdc",
        "coin.text.color": "#d30000",
        "subtext.color": "#55bbdc"
    },
    "myhome.navigationBar.title.likelistImage.portrait": {"image": "tm_end_like_more_img2.png #ffffff"},
    "line.chat.voicetalk.closeButton": {"background.image": {
        "normal": "voice_X_button.png",
        "pressed": "voice_X_button_tap.png"
    }},
    "line.navigationBar.normal.landscape": {"background.image": {
        "normal": "navigation_02_btn_02.png 15px 0px",
        "pressed": "navigation_02_btn_02_tab.png 15px 0px"
    }},
    "line.search.result.yellowPage.locationInfo": {
        "loadStyle": "line.tableview.cell",
        "Search.Setting.icon": {
            "normal": "search_yp_setting_normal.png #55bbdc",
            "pressed": "search_yp_setting_pressed.png #55bbdc"
        },
        "Search.Location.icon": {
            "normal": "search_yp_location_normal.png #55bbdc",
            "pressed": "search_yp_location_pressed.png #55bbdc"
        },
        "Location.name.text.color": "#3d5157"
    },
    "line.chat.cell.videoMessage.sent": {
        "loadStyle": "line.chat.cell.sendBubble",
        "playIcon.image": {
            "normal": "movie_play01.png",
            "pressed": "movie_play01_tap.png"
        },
        "errorIcon.image": "movie_play_error.png",
        "contentImage": "image_02_shape_01_left.png 25px 25px"
    },
    "line.chat.voiceTalk.message.talkButton.normal": {
        "loadStyle": "line.chat.voiceTalk.message.talkButton",
        "background.image": "voice_button.png 10px 17px",
        "text.color": "#ffffff"
    },
    "line.chat.onAir": {
        "image": "user_bg_board.png 1px, 1px",
        "divide.image": "fanmeeting_line.png"
    },
    "line.navigationBar.sortingArrow": {"image": "top_sorting_arrow.png #ffffff"},
    "myhome.navigationBar.badgeImage": {"image": "top_number_noti.png 8px 0px"},
    "line.chat.cell.presentMessage": {
        "text.color.receive": "#3d5157",
        "text.color.send": "#3d5157"
    },
    "line.chat.cell.userName": {
        "loadStyle": "line.chat.cell.messageTime",
        "fontSize": 10,
        "fontWeight": "bold",
        "text.color": "#a5c8d4"
    },
    "line.photo.list.newPhotoButton": {"icon.image": {
        "normal": "gr_btn_plus_bottom_normal.png",
        "pressed": "gr_btn_plus_bottom_pressed.png"
    }},
    "myhome.navigationBar.title.likelistImage.landscape": {"image": "tm_end_like_more_img2.png #ffffff"},
    "myhome.tableview.cell.footer.likelistLabel": {"text.color": "#3d5157"},
    "line.tabBar.chat": {
        "loadStyle": "line.tabBar.badgeText",
        "icon.image": {
            "normal": "line_GNB_02.png",
            "selected": "line_GNB_02_on.png"
        },
        "text.shadow": {
            "normal": "#000000,0.0",
            "offset": "0px 0px"
        }
    },
    "line.tabBar.more": {
        "loadStyle": "line.tabBar.badgeText",
        "icon.image": {
            "normal": "line_GNB_04.png",
            "selected": "line_GNB_04_on.png"
        },
        "text.shadow": {
            "normal": "#000000,0.0",
            "offset": "0px 0px"
        }
    },
    "line.chat.menu.attachment.notInstalledItem.title": {
        "loadStyle": "line.chat.menu.attachment.item.title",
        "text.color": {
            "normal": "#678e9b",
            "pressed": "#678e9b"
        }
    },
    "line.chat.edit.bottom": {"loadStyle": "line.friend.bulkEdit.bottom"},
    "line.chat.menu.attachment.item": {
        "menuItem10.image": "c_menu_icon10.png #678e9b",
        "menuItem01.image": "c_menu_icon02.png",
        "menuItem06.image": "c_menu_icon06.png",
        "background.color": {
            "normal": "#d9f3fb",
            "pressed": "#c8effb"
        },
        "menuItem02.image": "c_menu_icon01.png",
        "menuItem12.image": "c_menu_icon12.png #678e9b",
        "menuItem07.image": "c_menu_icon07.png",
        "menuItem03.image": "c_menu_icon03.png",
        "menuItem13.image": "c_menu_icon13.png #678e9b",
        "menuItem04.image": "c_menu_icon04.png",
        "menuItem08.image": "c_menu_icon08.png #678e9b",
        "menuItem05.image": "c_menu_icon05.png #678e9b",
        "menuItem11.image": "c_menu_icon11.png #678e9b",
        "menuItem14.image": "c_menu_icon14.png #678e9b",
        "menuItem15.image": "c_menu_icon15.png #678e9b",
        "menuItem09.image": "c_menu_icon09.png #678e9b"
    },
    "line.chat.messageInputBar": {
        "icon.image.call": "icon_chat_call01.png #ffffff",
        "image.background": "background_chat_send.png",
        "icon.image.voice": "icon_chat_voice01.png #ffffff",
        "icon.image.richmenu.open": "icon_chat_oa_arrow02.png #ffffff",
        "icon.image.richmenu.close": "icon_chat_oa_arrow01.png #ffffff",
        "image.input": "chat_input.png 5px 10px"
    },
    "line.tableview.cell.chatlist.memberCount": {
        "fontSize": 10,
        "text.shadow": {
            "normal": "#ffffff,0.0",
            "offset": "0px 0px"
        },
        "fontWeight": "bold",
        "text.color": {
            "normal": "#3d5157",
            "pressed": "#3d5157"
        }
    },
    "line.chat.cell.UrlCard.recv": {
        "title.text.color": "#3d5157",
        "background.color": "#ffffff",
        "sub.text.color": "#3d5157, 0.6",
        "Outline.color": "#D5E7F0"
    },
    "line.chat.spammerView.label": {
        "fontSize": 12,
        "fontWeight": "bold",
        "text.color": "#ffffff"
    },
    "myhome.tableview.cell.header.groupButtonLabel": {
        "fontSize": 10,
        "text.color": {"normal": "#88cfe6"}
    },
    "line.group.home.cell.noteEmpty": {
        "empty.buttonTextColor": "#ffffff",
        "empty.buttonImage": {
            "normal": "default_friend_bnt01.png 5px 5px",
            "pressed": "default_friend_bnt01_press.png 5px 5px"
        },
        "fontSize": 14,
        "empty.image": "gr_post_icon.png #bddce6",
        "empty.buttonFontSize": 13,
        "text.color": "#90bdcc, 0.7"
    },
    "line.navigationBar.titleView": {
        "fontSize": 16,
        "text.shadow": {
            "normal": "#1175bd, 0.0",
            "offset": "0px 0px"
        },
        "fontWeight": "bold",
        "text.color": "#ffffff"
    },
    "line.group.home.addMember.searchBar.dividerView": {"background.color": "#afddeb"},
    "line.navigationBar.search": {
        "cancelButton.image": {
            "normal": "searchbar_btn_cancel.png 16px 15px",
            "pressed": "searchbar_btn_cancel_on.png 16px 16px"
        },
        "canceButtonFontSize": 16,
        "cancelButtonText.shadow": {
            "normal": "#ffffff,0.0",
            "offset": "0px 0px"
        },
        "background.image": "searchbar_bg.png 0px 22px",
        "searchbarTextFieldBackground.image": "searchbar_input_bg.png",
        "background.color": "#d9f3fb",
        "statusBarStyle": "white",
        "text.color": "#4a5a60",
        "placeHolderText.color": "#9db5bd",
        "cancelButtonText.color": "#56b1ce",
        "cancelButtonFontWeight": "normal",
        "fontSize": 14,
        "searchbarTextFieldLeftView.image": "searchbar_icon_search.png",
        "fontWeight": "bold",
        "clearButton.image": {
            "normal": "searchbar_btn_clear.png",
            "pressed": "searchbar_btn_clear_on.png"
        }
    },
    "line.chat.onAir.messageLabel": {
        "fontSize": 15,
        "text.shadow": {
            "normal": "#35556d, 0.1",
            "offset": "0px 0px"
        },
        "fontWeight": "bold",
        "text.color": "#ffffff"
    },
    "line.chat.cell.voiceMessage.sent": {
        "loadStyle": "line.chat.cell.sendBubble",
        "pauseButton.image": {
            "normal": "ico_green_pause.png #6e8c82",
            "pressed": "ico_green_pause.png #4d6973"
        },
        "loadingIndicator.color": "#6e8c82",
        "playing.image": {
            "icon03.image": "ico_yellow_speak_02.png",
            "icon01.image": "ico_yellow_speak.png",
            "icon04.image": "ico_yellow_speak_03.png",
            "icon02.image": "ico_yellow_speak_01.png"
        },
        "horizontalSeperator.image": "bg_yellow_partition_horizontal01.png",
        "playButton.image": {
            "normal": "ico_greeny_play.png #6e8c82",
            "pressed": "ico_greeny_play_inactive.png #4d6973",
            "dimmed": "ico_greeny_play_inactive.png #6e8c82"
        },
        "expired.image": "novoice_icon_01.png",
        "text.color": {
            "normal": "#3d5157",
            "pressed": "#3d5157"
        },
        "loadingIndicatorType": "gray",
        "exportButton.image": {
            "normal": "ico_green_export.png #6e8c82",
            "pressed": "ico_green_export.png #6e8c82",
            "dimmed": "ico_green_export_inactive.png #6e8c82"
        },
        "fontSize": 20,
        "verticalSeperator.image": "bg_yellow_partition_vertical01.png",
        "text.shadow": {
            "normal": "#ffffff, 0.1",
            "offset": "0px 0px"
        },
        "colon.image": {
            "normal": "voice_count_A.png #3d5157",
            "pressed": "voice_count_A_tap.png #3d5157"
        },
        "fontWeight": "bold",
        "speaker.image": "ico_yellow_speak.png"
    },
    "myhome.tableview.cell.footer.backgroundImage": {"image": "tm_table_bg2.png 11px 11px"},
    "line.navigationBar.lineAt": {"loadStyle": "line.navigationBar.normal.portrait"},
    "chat.activity.navigation.titleButton": {
        "fontSize": 16,
        "fontWeight": "normal",
        "text.color": "#ffffff"
    },
    "line.chat.messageSendTypeSelectionView": {
        "image.icon.checked": "icon_chat_bloon_check01.png #ffffff",
        "image.background.count.two": "bg_chat_bloon01.png 10px 0px",
        "text.shadow": {
            "normal": "#ffffff, 0.0",
            "offset": "0px 0px",
            "selected": "#ffffff, 0.0"
        },
        "fontWeight": "bold",
        "image.background.count.three": "bg_chat_bloon02.png 10px 0px",
        "text.color": {
            "normal": "#ffffff, 0.13",
            "selected": "#ffffff"
        }
    },
    "line.search.PopuralCategory": {
        "tintColor": "#66c2df",
        "text.color": "#66c2df"
    },
    "line.search.result.Category": {
        "arrow.image": "friendlist_arrow.png #b8dce7",
        "thumbnail.icon": "search_thumbnail_img_oa.png #66c2df"
    },
    "line.navigationBar.contact": {
        "content.edgeInsets": "0px 0px 0px 0px",
        "loadStyle": "line.navigationBar.normal.portrait",
        "size": "46px 26px",
        "icon.image": {
            "normal": "navi_icon_contact_nor.png",
            "pressed": "navi_icon_contact_nor.png"
        }
    },
    "line.chat.spammerView": {
        "background.image": "user_bg_board.png 0px, 0px",
        "plus.icon.image": "spam_icon_add.png #ffffff"
    },
    "line.chat.voiceTalk.voip.talkButton": {
        "loadStyle": "line.chat.voiceTalk.message.talkButton",
        "background.image": {
            "normal": "voice_button.png 10px 17px",
            "pressed": "voice_button_tap.png 10px 17px"
        },
        "text.shadow": {
            "normal": "#ffffff, 0.0",
            "offset": "0px 0px",
            "pressed": "#ffffff, 0.0"
        },
        "text.color": {
            "normal": "#ffffff",
            "pressed": "#ffffff, 0.5"
        }
    },
    "line.friend.recommend.makeGroup.groupArrow": {"image": "group_link.png #b8dce7"},
    "line.tabBar": {
        "badgeOffset": "5px -13px",
        "iconTopMargin": 0,
        "badge.image": "noti_img.png 10px 0px",
        "background.image.pattern": true,
        "background.image": "line_GNB_bg.png",
        "titleTopMargin": 0.5,
        "fontSize": 9,
        "text.shadow": {
            "normal": "#ffffff,.0.0",
            "offset": "0px 0px",
            "pressed": "#ffffff,0.0"
        },
        "fontWeight": "bold",
        "text.color": {
            "normal": "#67adc4",
            "pressed": "#573b32"
        }
    },
    "line.navigationBar.question": {
        "content.edgeInsets": "0px 0px 0px 0px",
        "loadStyle": "line.navigationBar.normal.portrait",
        "size": "37px 31px",
        "icon.image": {"normal": "regi_btn_icon_01.png"}
    },
    "line.tabBar.friends": {
        "loadStyle": "line.tabBar.badgeText",
        "icon.image": {
            "normal": "line_GNB_01.png",
            "selected": "line_GNB_01_on.png"
        },
        "text.shadow": {
            "normal": "#000000, 0.0",
            "offset": "0px 0px"
        }
    },
    "line.sticker.manageMySticker.bottomButton.enable": {
        "loadStyle": "line.friend.multiInvite.inviteButton",
        "background.image": {
            "normal": "fredit_bt_1.png 5px 0px",
            "pressed": "fredit_bt_1_tap.png 5px 0px",
            "dimmed": "fredit_bt_1.png 5px 0px"
        },
        "fontSize": 14,
        "fontWeight": "bold",
        "text.color": {
            "normal": "#ffffff",
            "pressed": "#ffffff",
            "dimmed": "#ffffff, 0.45"
        }
    },
    "line.chat.cell.contactMessage.recvName": {
        "loadStyle": "line.chat.cell.contactMessage.sendName",
        "fontSize": 15,
        "text.color": "#3d5157"
    },
    "line.friend.recommend.invite": {
        "background.image": {
            "normal": "btn_wbubble.png 7px 7px",
            "pressed": "btn_wbubble_over.png 7px 7px"
        },
        "fontSize": 13,
        "plusIcon.image": "btn_icon_homewrite02.png #ffffff",
        "fontWeight": "bold",
        "text.color": "#ffffff"
    },
    "line.navigationBar.addPerson": {
        "loadStyle": "line.navigationBar.normal.portrait",
        "size": "36px 30px",
        "icon.image": {
            "normal": "navigation_icon_01.png",
            "pressed": "navigation_icon_01.png"
        }
    },
    "line.privateChat.cell.autoresend": {"loadStyle": "line.chat.cell.autoresend"},
    "line.tableview.cell.friend": {
        "statusMessageBackground.image": {"normal": "friends_recom_balloon.png 8px 8px"},
        "loadStyle": "line.tableview.cell",
        "statusMessageEdgeInset": "0px -3px 0px 3px",
        "friendlistArrow.image": {"normal": "friendlist_arrow.png #d6eff7"},
        "statusMessageText.color": "#c0d8df",
        "text.shadow": {
            "normal": "#ffffff",
            "offset": "0px 0px"
        },
        "newFriendBackground.color": "#fffbea",
        "text.color": {
            "normal": "#3d5157",
            "pressed": "#3d5157"
        }
    },
    "line.group.home.guide.titleLabel": {
        "fontSize": 23,
        "text.color": {"normal": "#14414b"}
    },
    "line.chat.search.highlightColor": {
        "text.color.chatList": "#ffcc00",
        "text.color.receiveMessage": "#98def5",
        "text.color.sendMessage": "#98def5"
    },
    "line.chat.cell.e2eeMessage.send.description": {
        "fontSize": 13,
        "text.color": "#3d5157"
    },
    "line.chat.cell.recvBubble": {
        "loadStyle": "line.chat.cell.devideColor",
        "effectImage": "image_04_effect_01_left.png 0px 0px",
        "contentImage": "speech_bubble_01_default.png 24px, 15px"
    },
    "manifest": {
        "schemaVersion": 1,
        "provider": {
            "name": "LINE Corporation",
            "url": "http://www.linecorp.com"
        },
        "themeVersion": "5.9.0",
        "name": "Kiiroitori",
        "platform": "iOS",
        "revision": 7
    },
    "chat.activity.members.inviteMembers": {
        "background.image": {
            "normal": "btn_homewrite01.png 6px 0px",
            "pressed": "btn_homewrite01_press.png 6px 0px"
        },
        "fontSize": 15,
        "title.edgeInsets": "0px 2px 0px -2px",
        "fontWeight": "bold",
        "image.edgeInsets": "0px -3px 0px 3px",
        "text.color": {
            "normal": "#ffffff",
            "dimmed": "#ffffff, 0.5"
        }
    },
    "line.navigationBar.add": {
        "content.edgeInsets": "0px 5px 0px -5px",
        "loadStyle": "line.navigationBar.normal.portrait",
        "size": "50px 38px",
        "icon.image": {
            "normal": "navigation_icon_06.png",
            "pressed": "navigation_icon_06.png"
        }
    },
    "line.group.home.addMember.inviteButton.copyLinkImage": {"image": "gr_icon_link.png #ffffff"},
    "line.search.result.yellowPage.cell": {
        "loadStyle": "line.tableview.cell",
        "content.subtext.divider.image": "search_list_devider.png #55bbdc",
        "content.name.text.color": "#3d5157",
        "content.coupon.image": "search_list_coupon.png #c0d8df",
        "content.subtext.color": "#55bbdc",
        "content.coupon.text.color": "#c0d8df"
    },
    "line.search.result.seeMore": {"text.color": "#c0d8df"},
    "myhome.error.bottom": {
        "icon.image": "gr_error_icon.png #bddce6",
        "fontSize": 12,
        "text.color": "#90bdcc, 0.7"
    },
    "line.chat.room.callButton.landscape": {
        "content.edgeInsets": "0px 14px 0px 0px",
        "size": "37px 28px",
        "icon.image": {
            "normal": "navi_icon_call_nor.png",
            "selected": "navi_icon_call_nor.png"
        }
    },
    "line.navigationBar.stickerClose": {
        "loadStyle": "line.navigationBar.normal.portrait",
        "size": "36px 30px",
        "icon.image": {
            "normal": "navi_icon_close_nor.png",
            "pressed": "navi_icon_close_nor.png"
        }
    },
    "myhome.tableview.cell.myhomePostButton": {
        "content.edgeInsets": "7px 2px 7px 8px",
        "background.image": {
            "normal": "default_friend_bnt01.png 5px 5px",
            "pressed": "default_friend_bnt01_press.png 5px 5px"
        },
        "icon.image": {"normal": "btn_icon_homewrite01.png"},
        "fontSize": 14,
        "text.shadow": {
            "normal": "#ffffff, 0.0",
            "offset": "0px 0px"
        },
        "fontWeight": "bold",
        "text.color": "#ffffff"
    },
    "myhome.grouphome.tooltip.actionButton": {
        "background.image": {
            "normal": "gr_btn_popup_02_nor.png 15px 7px",
            "normal.selected": "gr_btn_popup_04_nor.png 7px 4px",
            "pressed": "gr_btn_popup_02_press.png 15px 7px",
            "pressed.selected": "gr_btn_popup_04_press.png 7px 4px"
        },
        "icon.image": "gr_btn_popup_arrow.png #99d6ea",
        "fontSize": 10,
        "title.edgeInsets": "0px 6px 0px 12px",
        "text.color": "#ffffff"
    },
    "myhome.tableview.cell.recallUser.inputText": {
        "background.color": {"normal": "#55bbdc"},
        "text.color": {"normal": "#ffffff"}
    },
    "line.notificationCenter.popup.setting": {"icon.image": "tm_noti_icon_setting.png #77c9e3"},
    "line.chat.cell.videoMessage.recv": {
        "loadStyle": "line.chat.cell.recvBubble",
        "playIcon.image": {
            "normal": "movie_play01.png",
            "pressed": "movie_play01_tap.png"
        },
        "errorIcon.image": "movie_play_error.png",
        "contentImage": "image_02_shape_01_left.png 25px 25px"
    },
    "myhome.tableview.cell.footer.commentButton": {
        "icon.image": {"normal": "tm_icon_comment.png"},
        "text.color": {"normal": "#88cfe6"}
    },
    "myhome.tableview.cell.officialProfile.arrowImage": {"image": "hlist_noti_arrow.png #b7cbd3"},
    "myhome.tableview.header.label": {
        "fontSize": 12,
        "text.color": "#3f3f3f"
    },
    "line.navigationBar": {
        "background.image.128": "tm_topbar_128.png 0px 1px",
        "background.image": "tm_topbar.png 0px 1px",
        "statusBarStyle": "white"
    },
    "line.tableview.cell": {
        "background.color": {
            "normal": "@TableViewCellBackgroundColor",
            "pressed": "@TableViewPressedBackgroundColor",
            "selected": "@TableViewSelectedBackgroundColor"
        },
        "separator.color": "@SeperatorColor"
    },
    "line.tableview.more": {"background.color": "@TableViewBackgroundColor"},
    "myhome.navigationBar.button.groupHome": {
        "content.edgeInsets": "0px 2px 0px -2px",
        "background.image": {
            "normal": "navigation_btn_02.png 7px 0px",
            "pressed": "navigation_btn_02_tab.png 7px 0px"
        },
        "icon.image": {
            "normal": "tm_topbar_btn_home.png",
            "pressed": "tm_topbar_btn_home.png"
        }
    },
    "line.multi.userselect.background": {"background.color": "#d9f3fb"}
}