{
    "calllist.item": {
        "dateText.color": "#d8c2ae",
        "phoneIcon.tintcolor": {
            "normal": "#debb9d",
            "pressed": "#d8b18f"
        },
        "nameText.color": "#635248",
        "phoneIcon.background.tintcolor": {
            "normal": "#f5e4d6",
            "pressed": "#f0ddcd"
        },
        "dateIcon.tintcolor": "#d8c2ae"
    },
    "chathistory.attach.header": {
        "background.image": "header_bg.9.png",
        "text.color": "#ffffff"
    },
    "friendlist.category": {
        "textSeeAll.color": "#dbc6b9",
        "arrowClose.tintcolor": "#e5d4ca",
        "arrowOpen.tintcolor": "#e5d4ca",
        "textSeeAll.arrow.tintcolor": "#dbc6b9",
        "background.color": "#fffef6",
        "text.color": "#dbc6b9"
    },
    "chathistory.file.recv.msg": {
        "file.icon.tintcolor": "#958678",
        "expire.text.color": "#967f6a",
        "arrow.tintcolor": "#cac2bb",
        "text.color": "#5e5145"
    },
    "tabBar.item.talk": {
        "normal.image": "gnb_ic_chats_normal.png",
        "selected.image": "gnb_ic_chats_selected.png"
    },
    "chathistory.text.send.msg": {"text.color": "#5e5145"},
    "grouphome.main": {
        "tab.text.color": "#e8d0bc",
        "moreTab.icon.tintcolor": {
            "normal": "#ffffff",
            "pressed": "#e8d0bc"
        },
        "albumCreateBtn.image": {
            "normal": "group_ic_postalbum.png",
            "pressed": "group_ic_postalbum_pressed.png"
        },
        "selectedTab.text.color": "#ffffff",
        "tab.background.color": "#d8b18f",
        "postWriteBtn.image": {
            "normal": "group_ic_writepost.png",
            "pressed": "group_ic_writepost_pressed.png"
        },
        "tabBottomLine.background.color": "#bf936d"
    },
    "chathistory.option.item.voip.video": {
        "background.color": {
            "normal": "#eed7c3",
            "pressed": "#eacfb8"
        },
        "text.color": {
            "normal": "#977960",
            "dimmed": "#66977960"
        }
    },
    "chathistory.text.recv.msg": {"text.color": "#5e5145"},
    "addFriend.tab.icon": {
        "idsearch.image": "gnb_ic_search.png",
        "invite.image": "gnb_ic_contacts.png",
        "qrcode.image": "gnb_ic_qrcode.png",
        "shakeit.image": "gnb_ic_shakeit.png"
    },
    "chathistory.balloon.text.send": {"background.image": {
        "normal": "chatroom_balloon_send_normal.9.png",
        "padding": "11 5 16 8",
        "pressed": "chatroom_balloon_send_pressed.9.png"
    }},
    "friendlist.common": {"noresult.text.color": "#d8c2ae"},
    "chatlist.item": {
        "messageText.color": "#d8c2ae",
        "nameText.color": "#635248",
        "newIcon.image": "list_category_chat_new.png",
        "timeText.color": "#e1ccbf",
        "muteIcon.tintcolor": "#e4d4c6",
        "messageCountText.color": "#ffffff",
        "messageCountText.background.image": "list_category_chat_num.9.png"
    },
    "chathistory.attach.item": {
        "icon.tintcolor": "#b49072",
        "external.icon.tintcolor": "#d1b39a",
        "background.color": {
            "normal": "#eed7c3",
            "pressed": "#eacfb8"
        },
        "text.color": "#977960"
    },
    "chathistory.common": {
        "datebar.background.image": "chatroom_date.9.png",
        "soundsticker.icon.tintcolor": "#d3c1ac",
        "autoresend.icon.tintcolor": "#d3c1ac",
        "checkBox.image": {
            "normal": "list_checkbox_img_normal.png",
            "selected": "list_checkbox_img_selected.png"
        },
        "time.color": "#d3c1ac",
        "name.color": "#d3c1ac",
        "datebar.text.color": "#ffffff"
    },
    "bottom.button.common": {
        "button1.background.color": {
            "normal": "#feae40",
            "pressed": "#ffa428",
            "dimmed": "#feae40"
        },
        "button2.background.color": {
            "normal": "#d5ad8a",
            "pressed": "#c49a76",
            "dimmed": "#d5ad8a"
        },
        "button1.text.color": {
            "normal": "#ffffff",
            "dimmed": "#66ffffff"
        },
        "button2.text.color": {
            "normal": "#ffffff",
            "dimmed": "#66ffffff"
        }
    },
    "invitemember.tab.item": {
        "icon.tintcolor": "#977960",
        "background.image": {
            "normal": "gnb_bg_addfriend_normal.9.png",
            "pressed": "gnb_bg_addfriend_pressed.9.png"
        },
        "text.color": "#977960"
    },
    "chathistory.music.recv.msg": {
        "title.text.color": "#5e5145",
        "playlist.default.image": "chatroom_ic_music_playlist.png",
        "playbtn.default.image": "chatroom_music_play_default.png",
        "playing.image": "chatroom_music_bar_playing.png",
        "playbtn.background.pressed.image": "chatroom_music_bar_pressed.png",
        "stopbtn.default.image": "chatroom_music_stop_default.png",
        "playbtn.pressed.image": "chatroom_music_play_pressed.png",
        "playbtn.background.default.image": "chatroom_music_bar_default.png",
        "typename.text.color": "#5e5145",
        "topic.default.image": "chatroom_ic_music_topic.png",
        "service.text.color": "#5e5145",
        "loading.image": "chatroom_music_loading.png",
        "artist.text.color": "#5e5145",
        "stopbtn.pressed.image": "chatroom_music_stop_pressed.png"
    },
    "myhome.post.bottom": {
        "commentText.color": "#cc9f7a",
        "commentIcon.image": {
            "normal": "timeline_ic_postcomment.png",
            "selected": "timeline_ic_postcomment.png"
        },
        "likeText.color": "#cc9f7a",
        "likeIcon.image": {
            "normal": "timeline_ic_postlike_off.png",
            "selected": "timeline_ic_postlike_on.png"
        },
        "likeCountText.color": "#cc9f7a",
        "commentCountText.color": "#cc9f7a"
    },
    "chathistory.balloon.recv": {"background.image": {
        "normal": "chatroom_balloon_rec_normal.9.png",
        "pressed": "chatroom_balloon_rec_pressed.9.png"
    }},
    "chathistory.memberlist.area": {"background.color": "#e5eed7c3"},
    "chathistory.contact.send.msg": {
        "arrow.tintcolor": "#b8a565",
        "text.color": "#5e5145"
    },
    "tabBar.item.friend": {
        "normal.image": "gnb_ic_friends_normal.png",
        "selected.image": "gnb_ic_friends_selected.png"
    },
    "moreMenu.item": {
        "addfriend.image": "more_ic_addfriends.png",
        "newIcon.image": "more_ic_new.png",
        "setting.image": "more_ic_settings.png",
        "background.color": {
            "normal": "#fffef6",
            "pressed": "#fff8eb"
        },
        "text.color": "#d5ad8a"
    },
    "myhome.list.header": {
        "updateTitleText.color": "#d4b496",
        "updateText.color": "#d4b496",
        "updateTimeText.color": "#d4b496"
    },
    "chathistory.file.send.msg": {
        "file.icon.tintcolor": "#9c865f",
        "expire.text.color": "#967f6a",
        "arrow.tintcolor": "#b8a565",
        "text.color": "#5e5145"
    },
    "chathistory.privatechat.balloon.receive.text": {
        "background.image": {
            "normal": "chatroom_balloon_hidden.9.png",
            "pressed": "chatroom_balloon_hidden.9.png"
        },
        "icon.arrow.tintcolor": "#dfd6cf",
        "text.color": "#5e5145"
    },
    "common.empty.page": {
        "zero.subtitle.color": "#d8c2ae",
        "zerobutton.text.color": "#ffffff",
        "call.name.text.color": "#635248",
        "zero.title.color": "#635248",
        "zero.image": "zero_img_empty.png",
        "error.subtitle.color": "#d8c2ae",
        "error.button.background.image": {
            "normal": "button_r07_normal.9.png",
            "pressed": "button_r07_pressed.9.png"
        },
        "call.link.text.color": "#d8c2ae",
        "error.button.text.color": "#ffffff",
        "zerobutton.background.image": {
            "normal": "button_r07_normal.9.png",
            "pressed": "button_r07_pressed.9.png"
        },
        "error.image": "zero_img_error.png"
    },
    "grouphome.friend.request": {
        "btn.background.color": {
            "normal": "#feae40",
            "pressed": "#ffa428"
        },
        "btn.text.color": "#ffffff",
        "background.color": "#d5ad8a",
        "message.text.color": "#ffffff",
        "message.icon.tintcolor": "#ffffff"
    },
    "notification.popup": {
        "setting.checkbox.background.image": {
            "normal": "list_checkbox_img_normal.png",
            "selected": "list_checkbox_img_selected.png"
        },
        "title.logo.tintcolor": "#ffffff",
        "title.username.text.color": "#ffffff",
        "title.groupname.text.color": "#ffffff",
        "title.count.background.image": "popup_noti_img_num_bg.9.png",
        "title.background.image": "popup_noti_bg_top.9.png",
        "title.setting.image.tintcolor": "#ffffff",
        "reply.input.bar.background.color": {
            "normal": "#d6d6d6",
            "selected": "#d6d6d6"
        },
        "title.count.text.color": "#ffffff",
        "reply.sendbutton.tintcolor": {
            "normal": "#d6d6d6",
            "pressed": "#cca98a",
            "selected": "#ddbda1"
        }
    },
    "tabBar.item.call": {
        "normal.image": "gnb_ic_call_normal.png",
        "selected.image": "gnb_ic_call_selected.png"
    },
    "tabBar": {
        "background.image.pattern": true,
        "background.image": "gnb_bg.png",
        "selectorBar.background.color": "#fcd97e",
        "shadow.image": "gnb_gra.9.png"
    },
    "chathistory.attach.item.image": {
        "contact.image": {"normal": "chatroom_attach_ic_info.png"},
        "take.video.image": {"normal": "chatroom_attach_ic_takevideo.png"},
        "choose.video.image": {"normal": "chatroom_attach_ic_chooesvideo.png"},
        "take.photo.image": {"normal": "chatroom_attach_ic_takephoto.png"},
        "choose.photo.image": {"normal": "chatroom_attach_ic_photo.png"},
        "audio.image": {"normal": "chatroom_attach_ic_voicemessage.png"},
        "location.image": {"normal": "chatroom_attach_ic_location.png"}
    },
    "tabBar.item.more": {
        "normal.image": "gnb_ic_more_normal.png",
        "selected.image": "gnb_ic_more_selected.png"
    },
    "chathistory.groupboard.recv.msg": {
        "videoicon.tintcolor": "#967f6a",
        "more.text.color": "#967f6a",
        "photo.default.tintcolor": "#967f6a",
        "photoicon.tintcolor": "#967f6a",
        "bottom.background.image": "chatroom_gamemsg_line_rec.9.png",
        "sticker.default.tintcolor": "#967f6a",
        "video.default.tintcolor": "#967f6a",
        "location.text.color": "#5e5145",
        "arrow.tintcolor": "#cac2bb",
        "text.color": "#5e5145",
        "bottom.text.color": "#967f6a"
    },
    "myhome.background": {"background.color": "#fffce0"},
    "navigationBar.tab": {"text.color": {
        "normal": "#ffffff",
        "selected": "#e8d0bc"
    }},
    "grouphome.member.category": {
        "edit.btn.background.image": {
            "normal": "button_r10_normal.9.png",
            "pressed": "button_r10_pressed.9.png"
        },
        "category.text.color": "#dbc6b9",
        "category.divider.background.color": "#ece1d7",
        "category.count.text.color": "#dbc6b9",
        "edit.btn.text.color": "#ffffff"
    },
    "chathistory.balloon.video.default.send": {"background.color": "#ffda59"},
    "moreMenu.topbanner.item": {
        "subtext.color": "#bca99d",
        "arrowIcon.tintcolor": "#ead2bc",
        "background.color": "#fffef6",
        "topDivider.background.color": "#f2dfcd",
        "text.color": "#66564c"
    },
    "chathistory.music.send.msg": {
        "title.text.color": "#5e5145",
        "playlist.default.image": "chatroom_ic_music_playlist.png",
        "playbtn.default.image": "chatroom_music_play_default.png",
        "playing.image": "chatroom_music_bar_playing.png",
        "playbtn.background.pressed.image": "chatroom_music_bar_pressed.png",
        "stopbtn.default.image": "chatroom_music_stop_default.png",
        "playbtn.pressed.image": "chatroom_music_play_pressed.png",
        "playbtn.background.default.image": "chatroom_music_bar_default.png",
        "typename.text.color": "#5e5145",
        "topic.default.image": "chatroom_ic_music_topic.png",
        "service.text.color": "#5e5145",
        "loading.image": "chatroom_music_loading.png",
        "artist.text.color": "#5e5145",
        "stopbtn.pressed.image": "chatroom_music_stop_pressed.png"
    },
    "grouphome.error": {
        "btn.text.color": "#ffffff",
        "sticker.image": "zero_img_error.png",
        "icon.tintcolor": "#d4b496",
        "msg.text.color": "#d8c2ae",
        "btn.text.background.image": {
            "normal": "button_r07_normal.9.png",
            "pressed": "button_r07_pressed.9.png"
        },
        "msg.text.shadow": "#00000000"
    },
    "select.chat.bottom": {
        "button.background.color": {
            "normal": "#d5ad8a",
            "pressed": "#c49a76"
        },
        "button.icon.tintcolor": "#ffffff",
        "button.text.color": {
            "normal": "#ffffff",
            "dimmed": "#7fffffff"
        }
    },
    "chathistory.option.item.voip.voice": {
        "background.color": {
            "normal": "#eed7c3",
            "pressed": "#eacfb8"
        },
        "text.color": {
            "normal": "#977960",
            "dimmed": "#66977960"
        }
    },
    "chathistory.view.common": {
        "background.image.pattern": true,
        "background.image": {"normal": "chatroom_bg_pattern.png"}
    },
    "chathistory.input": {
        "inputText.color": "#52361d",
        "photoButton.icon.image": "chatroom_ic_photo.png",
        "inputText.hint": "#b5ada8",
        "attachButton.icon.image": "chatroom_ic_add.png",
        "background.image": "chatroom_input_bg.9.png",
        "sendButton.background.color": {
            "normal": "#feae40",
            "pressed": "#ffa428"
        },
        "sendButton.tintcolor": "#ffffff",
        "eskButton.icon.image": "chatroom_ic_stickers.png"
    },
    "friendlist.item.common": {
        "new.background.color": {
            "normal": "#fffdeb",
            "pressed": "#fffce1"
        },
        "checked.background.color": {
            "normal": "#fff9f0",
            "pressed": "#fff9f0"
        },
        "background.color": {
            "normal": "#fffef6",
            "pressed": "#fff9f0"
        }
    },
    "chathistory.privatechat.tooltip": {"text.color": "#d5ad8a"},
    "chathistory.option.item.image": {
        "block.image": "chatroom_option_ic_block.png",
        "timer.image": "chatroom_option_ic_timer_normal.png",
        "recommend.dimmed.image": "chatroom_option_ic_recom_disable.png",
        "edit.group.image": "chatroom_option_ic_editgroup_normal.png",
        "invite.image": "chatroom_option_ic_invite_normal.png",
        "leave.dimmed.image": "chatroom_option_ic_leave_disable.png",
        "leave.image": "chatroom_option_ic_leave_normal.png",
        "line.call.dimmed.image": "chatroom_option_ic_linecall_disable.png",
        "album.image": "chatroom_option_ic_albums_normal.png",
        "recommend.image": "chatroom_option_ic_recom_normal.png",
        "create.group.dimmed.image": "chatroom_option_ic_creategroup_disable.png",
        "timer.dimmed.image": "chatroom_option_ic_timer_disable.png",
        "create.group.image": "chatroom_option_ic_creategroup_normal.png",
        "edit.image": "chatroom_option_ic_edit_normal.png",
        "edit.group.dimmed.image": "chatroom_option_ic_editgroup_disable.png",
        "photo.video.dimmed.image": "chatroom_option_ic_pv_disable.png",
        "notification.on.image": "chatroom_option_ic_noti_on.png",
        "album.dimmed.image": "chatroom_option_ic_albums_disable.png",
        "setting.dimmed.image": "chatroom_option_ic_setting_disable.png",
        "invite.dimmed.image": "chatroom_option_ic_invite_disable.png",
        "notification.off.image": "chatroom_option_ic_noti_off.png",
        "setting.image": "chatroom_option_ic_setting_normal.png",
        "unblock.image": "chatroom_option_ic_unblock.png",
        "photo.video.image": "chatroom_option_ic_pv_normal.png",
        "edit.dimmed.image": "chatroom_option_ic_edit_disable.png",
        "line.call.image": "chatroom_option_ic_linecall_normal.png",
        "photo.image": "chatroom_option_ic_pv_normal.png",
        "send.gift.dimmed.image": "chatroom_option_ic_gift_disable.png",
        "send.gift.image": "chatroom_option_ic_gift_normal.png"
    },
    "myhome.write.post": {
        "icon.tintcolor": "#d5ad8a",
        "text.color": "#d5ad8a"
    },
    "chathistory.gift.send.msg": {
        "background.image": "chatroom_balloon_gift_send.9.png",
        "text.color": "#5e5145"
    },
    "chathistory.voip.send.msg": {
        "icon.tintcolor": "#927040",
        "linecall.text.color": "#77563a",
        "text.color": "#77563a"
    },
    "chathistory.privatechat.header.banner.item": {
        "icon.tintcolor": "#c89d78",
        "text.color": "#c89d78"
    },
    "view.common": {"background.color": "#fffef6"},
    "chathistory.groupboard.tip": {"text.color": "#d5ad8a"},
    "search.chat.highlightColor": {
        "chatList.text.color": "#feae40",
        "receiveMessage.text.color": "#d5ad8a",
        "sendMessage.text.color": "#d5ad8a"
    },
    "myhome.cover": {
        "officialHomeProfileText.color": "#635248",
        "officialHomeProfileArrow.tintcolor": {
            "normal": "#635248",
            "pressed": "#635248"
        }
    },
    "navigationBar": {
        "title.text.color": "#ffffff",
        "button.background.color": {
            "normal": "#00000000",
            "pressed": "#00000000"
        },
        "badge.text.color": "#ffffff",
        "button.tintcolor": {
            "normal": "#ffffff",
            "pressed": "#e8d0bc",
            "dimmed": "#e8d0bc",
            "selected": "#ffffff"
        },
        "background.image": "header_bg.9.png",
        "badge.new.image": "header_ic_new.png",
        "button.text.color": {
            "normal": "#ffffff",
            "pressed": "#e8d0bc",
            "dimmed": "#e8d0bc",
            "selected": "#ffffff"
        },
        "title.button.tintcolor": "#ffffff",
        "status.background.color": "#d8b18f",
        "badge.count.background.image": "header_num_bg.9.png"
    },
    "chathistory.voice.recv.msg": {
        "speak.expire.image": "chatroom_ic_voicemsg_rec_x.png",
        "bottom.background.image": "chatroom_voicemsg_line_w_rec.9.png",
        "colon.tintcolor": {
            "normal": "#e6e0da",
            "selected": "#8f7a69"
        },
        "seperator.image": "chatroom_voicemsg_line_h_rec.9.png",
        "speak3.image": "chatroom_ic_voicemsg_rec_03.png",
        "speak1.image": "chatroom_ic_voicemsg_rec_01.png",
        "share.image": {
            "normal": "chatroom_ic_voicemsg_rec_share.png",
            "selected": "chatroom_ic_voicemsg_rec_share_pressed.png"
        },
        "play.image": {
            "normal": "chatroom_ic_voicemsg_rec_play.png",
            "selected": "chatroom_ic_voicemsg_rec_play_pressed.png"
        },
        "speak.image": "chatroom_ic_voicemsg_rec_00.png",
        "pause.image": {
            "normal": "chatroom_ic_voicemsg_rec_pause.png",
            "selected": "chatroom_ic_voicemsg_rec_pause_pressed.png"
        },
        "speak2.image": "chatroom_ic_voicemsg_rec_02.png",
        "text.color": {
            "normal": "#e6e0da",
            "selected": "#8f7a69"
        }
    },
    "tabBar.item.timeline": {
        "highlight.image": "gnb_ic_timeline_new.png",
        "normal.image": "gnb_ic_timeline_normal.png",
        "selected.image": "gnb_ic_timeline_selected.png"
    },
    "grouphome.member.profile": {
        "add.btn.icon.tintcolor": "#e4c1a3",
        "profile.name.text.color": "#635248"
    },
    "addFriend.tab.item": {
        "background.image": {
            "normal": "gnb_bg_addfriend_normal.9.png",
            "pressed": "gnb_bg_addfriend_pressed.9.png"
        },
        "text.color": "#977960"
    },
    "chathistory.voice.send.msg": {
        "speak.expire.image": "chatroom_ic_voicemsg_send_x.png",
        "bottom.background.image": "chatroom_voicemsg_line_w_send.9.png",
        "colon.tintcolor": {
            "normal": "#e4c24a",
            "selected": "#977e28"
        },
        "seperator.image": "chatroom_voicemsg_line_h_send.9.png",
        "speak3.image": "chatroom_ic_voicemsg_send_03.png",
        "speak1.image": "chatroom_ic_voicemsg_send_01.png",
        "share.image": {
            "normal": "chatroom_ic_voicemsg_send_share.png",
            "selected": "chatroom_ic_voicemsg_send_share_pressed.png"
        },
        "play.image": {
            "normal": "chatroom_ic_voicemsg_send_play.png",
            "selected": "chatroom_ic_voicemsg_send_play_pressed.png"
        },
        "speak.image": "chatroom_ic_voicemsg_send_00.png",
        "pause.image": {
            "normal": "chatroom_ic_voicemsg_send_pause.png",
            "selected": "chatroom_ic_voicemsg_send_pause_pressed.png"
        },
        "speak2.image": "chatroom_ic_voicemsg_send_02.png",
        "text.color": {
            "normal": "#e4c24a",
            "selected": "#977e28"
        }
    },
    "chathistory.option.item.voip.voice.image": {
        "voice.call.dimmed.image": "chatroom_option_ic_freecall_disable.png",
        "voice.call.image": "chatroom_option_ic_freecall_normal.png"
    },
    "chathistory.onair": {
        "background.image": "chatroom_onair_bg.9.png",
        "subtext.color": "#c1a691",
        "text.color": "#a3866f"
    },
    "chathistory.voip.recv.msg": {
        "icon.tintcolor": "#927861",
        "linecall.text.color": "#77563a",
        "text.color": "#77563a"
    },
    "moreMenu.view": {"background.color": "#fffef6"},
    "myhome.post.header": {
        "groupBtn.popup.arrow.tintcolor": "#eeded0",
        "nameText.color": "#635248",
        "groupBtn.background.image": {
            "normal": "button_r09_normal.9.png",
            "pressed": "button_r09_pressed.9.png"
        },
        "groupBtn.text.color": "#e8cab1",
        "groupBtn.popup.background.image": "timeline_img_bg_see_bg01.9.png",
        "sharePostMessage.color": "#635248",
        "groupBtn.popup.pressed.reverse.background.image": {
            "normal": "",
            "pressed": "timeline_img_bg_see_bg02_pressed.9.png"
        },
        "groupBtn.popup.divider.background.color": "#c59670",
        "groupBtn.icon.tintcolor": "#ddbda1",
        "groupBtn.popup.reverse.background.image": "timeline_img_bg_see_bg02.9.png",
        "timeText.color": "#888888",
        "groupBtn.popup.detail.text.color": "#f7efe8",
        "groupBtn.popup.pressed.background.image": {
            "normal": "",
            "pressed": "timeline_img_bg_see_bg01_pressed.9.png"
        },
        "groupBtn.popup.text.color": "#ffffff"
    },
    "chathistory.balloon.text.recv": {"background.image": {
        "normal": "chatroom_balloon_rec_normal.9.png",
        "padding": "16 5 11 8",
        "pressed": "chatroom_balloon_rec_pressed.9.png"
    }},
    "timeline.list.newpost": {
        "background.image": {
            "normal": "timeline_newpost_btn.9.png",
            "pressed": "timeline_newpost_btn_pressed.9.png"
        },
        "text.color": "#ffffff"
    },
    "chathistory.gift.recv.msg": {
        "button.background.image": {
            "normal": "button_r07_normal.9.png",
            "pressed": "button_r07_pressed.9.png"
        },
        "background.image": "chatroom_balloon_gift_rec.9.png",
        "button.text.color": "#ffffff",
        "button.text.shadow": "#00000000",
        "text.color": "#5e5145"
    },
    "grouphome.empty": {
        "empty.album.icon.image.tintcolor": "#d4b496",
        "empty.btn.text.color": "#ffffff",
        "empty.note.icon.image.tintcolor": "#d4b496",
        "empty.btn.background.image": {
            "normal": "button_r07_normal.9.png",
            "pressed": "button_r07_pressed.9.png"
        },
        "empty.text.color": "#d4b496"
    },
    "multi.userselect": {
        "name.text.color": "#635248",
        "background.color": "#eed7c3"
    },
    "chathistory.link.recv.msg": {
        "bottom.background.image": "chatroom_gamemsg_line_rec.9.png",
        "detail.text.color": "#967f6a",
        "arrow.tintcolor": "#cac2bb",
        "text.color": "#5e5145"
    },
    "timeline.userrecall": {
        "recalled.user.text.color": "#d5ad8a",
        "recall.user.text.color": "#ffffff",
        "suggest.dialog.text.color": "#d5ad8a",
        "recall.user.text.background.color": "#e7c4a5"
    },
    "searchBar": {
        "underbar.background.color": {
            "normal": "#ebd7c2",
            "selected": "#ebd7c2"
        },
        "text.hint": "#e0cebc",
        "search.icon.image": "list_ic_search.png",
        "cancel.icon.tintcolor": "#e0cebc",
        "text.color": "#82746b"
    },
    "chathistory.groupboard.send.msg": {
        "videoicon.tintcolor": "#967f6a",
        "more.text.color": "#967f6a",
        "photo.default.tintcolor": "#967f6a",
        "photoicon.tintcolor": "#967f6a",
        "bottom.background.image": "chatroom_gamemsg_line_send.9.png",
        "sticker.default.tintcolor": "#967f6a",
        "video.default.tintcolor": "#967f6a",
        "location.text.color": "#5e5145",
        "arrow.tintcolor": "#b8a565",
        "text.color": "#5e5145",
        "bottom.text.color": "#967f6a"
    },
    "chathistory.privatechat.common": {
        "name.text.color": "#d3c1ac",
        "timer.text.color": "#d3c1ac",
        "autoresend.icon.tintcolor": "#d3c1ac",
        "time.text.color": "#d3c1ac"
    },
    "select.chat.tab": {
        "background.image": "gnb_bg_select.9.png",
        "selectorBar.background.color": "#d5ad8a",
        "text.shadow": "#00000000",
        "text.color": {
            "normal": "#e4c6ac",
            "selected": "#c6a07f"
        }
    },
    "chathistory.input.sendButton.selectType": {
        "icon.tintcolor": {
            "normal": "#dab89b",
            "selected": "#feae40"
        },
        "text.color": {
            "normal": "#dab89b",
            "selected": "#feae40"
        }
    },
    "chathistory.option.item.voip.video.image": {
        "video.call.image": "chatroom_option_ic_videocall_normal.png",
        "video.call.dimmed.image": "chatroom_option_ic_videocall_disable.png"
    },
    "moreMenu.lower.item": {
        "newIcon.image": "more_ic_new.png",
        "icon.tintcolor": "#d5ad8a",
        "background.color": {
            "normal": "#fffef6",
            "pressed": "#fff8eb"
        },
        "text.color": "#d5ad8a"
    },
    "list.common": {"divider.background.color": "#f2dfcd"},
    "chathistory.balloon.send": {"background.image": {
        "normal": "chatroom_balloon_send_normal.9.png",
        "pressed": "chatroom_balloon_send_pressed.9.png"
    }},
    "navigationBar.search": {
        "back.icon.tintcolor": {
            "normal": "#ffffff",
            "pressed": "#e8d0bc"
        },
        "underbar.background.color": "#e8d0bc",
        "background.image": "header_bg.9.png",
        "text.hint": "#e8d0bc",
        "cancel.icon.tintcolor": "#ffffff",
        "text.color": "#ffffff"
    },
    "album.detail.menu": {
        "checked.icon.tintcolor": "#bf936d",
        "item.color": {
            "normal": "#d8b18f",
            "selected": "#bf936d"
        }
    },
    "friendlist.item": {
        "phoneIcon.tintcolor": {
            "normal": "#debb9d",
            "pressed": "#d8b18f"
        },
        "phoneNumberText.color": "#d8c2ae",
        "nameText.color": "#635248",
        "phoneIcon.background.tintcolor": {
            "normal": "#f5e4d6",
            "pressed": "#f0ddcd"
        },
        "addFriend.background.tintcolor": {
            "normal": "#f5e4d6",
            "pressed": "#f0ddcd"
        },
        "arrowIcon.tintcolor": "#e1c8b1",
        "moreButton.text.color": "#ffffff",
        "updateIcon.tintcolor": "#feae40",
        "addInviteButton.background.image": {
            "normal": "button_r10_normal.9.png",
            "pressed": "button_r10_pressed.9.png"
        },
        "addFriend.icon.tintcolor": "#caa382",
        "descriptionText.color": "#d8c2ae",
        "statusText.color": "#d8c2ae",
        "checkboxOff.image": "list_checkbox_img_normal.png",
        "checkboxOn.image": "list_checkbox_img_selected.png",
        "addInviteButton.color": "#ffffff",
        "moreButton.background.image": {
            "normal": "button_r01_normal.9.png",
            "pressed": "button_r01_pressed.9.png"
        }
    },
    "chathistory.option.item": {
        "button.background.color": {
            "normal": "#eed7c3",
            "pressed": "#eacfb8"
        },
        "bottom.divider.background.color": "#e4c2a4",
        "text.color": {
            "normal": "#977960",
            "dimmed": "#66977960"
        }
    },
    "profile.thumbnail": {
        "group.small.image": "group_thumbnail_small.png",
        "single.big.image": "user_thumbnail_large_00.png",
        "group.big.image": "group_thumbnail_large.png",
        "single.small.image": "user_thumbnail_small_00.png"
    },
    "chathistory.privatechat.view.common": {"background.image": "chatroom_bg_hidden.9.png"},
    "main.view.common": {"background.color": "#fffef6"},
    "chathistory.input.voice": {
        "voip.background.color": {
            "normal": "#feae40",
            "pressed": "#fda429"
        },
        "voip.icon.tintcolor": "#ffffff",
        "voip.text.color": "#ffffff",
        "close.background.color": {
            "normal": "#ffa223",
            "pressed": "#ff9b12"
        },
        "close.icon.tintcolor": "#ffffff"
    },
    "manifest": {
        "schemaVersion": 1,
        "provider": {
            "name": "LINE Corporation",
            "url": "http://www.linecorp.com"
        },
        "themeVersion": "5.10.0",
        "name": "Rilakkumaneko",
        "platform": "Android",
        "revision": 5,
        "quality": 0
    },
    "noticenter2": {
        "title.text.color": "#d5ad8a",
        "arrow.icon.image": "timeline_img_tabarrow.png",
        "background.color": "#ffffff",
        "more.icon.tintcolor": "#e6ceb9"
    },
    "chathistory.link.send.msg": {
        "bottom.background.image": "chatroom_gamemsg_line_send.9.png",
        "detail.text.color": "#967f6a",
        "arrow.tintcolor": "#b8a565",
        "text.color": "#5e5145"
    },
    "chathistory.spammer": {
        "name.text.color": "#c1a691",
        "button.background.image": {
            "normal": "button_r06_normal.9.png",
            "pressed": "button_r06_pressed.9.png"
        },
        "background.image": "chatroom_onair_bg.9.png",
        "button.text.color": "#ffffff",
        "text.color": "#a3866f"
    },
    "navigationBar.moreMenu": {"item.text.color": "#d5ad8a"},
    "tabBar.item": {"badge.background.image": "gnb_num_bg.9.png"},
    "chathistory.balloon.video.default.recv": {"background.color": "#ffffff"},
    "addFriend.tab.addGroup": {
        "icon.background.tintcolor": "#f1dcca",
        "icon.tintcolor": "#caa382",
        "subtext.color": "#d8c2ae",
        "updateButton.tintcolor": {
            "normal": "#feae40",
            "pressed": "#ffa428"
        },
        "addButton.text.color": "#ffffff",
        "background.color": {
            "normal": "#fffef6",
            "pressed": "#fff9f0"
        },
        "addButton.background.tintcolor": {
            "normal": "#feae40",
            "pressed": "#ffa428"
        },
        "arrow.tintcolor": "#e1c8b1",
        "text.color": "#635248"
    },
    "chathistory.contact.recv.msg": {
        "arrow.tintcolor": "#cac2bb",
        "text.color": "#5e5145"
    },
    "myhome.lineend.smiley": {"smiley.tintcolor": "#ffffff"},
    "splash": {
        "splash.background.image": {
            "normal": "",
            "top": [
                "splash_img.png",
                "splash_logo.png"
            ],
            "gravity": [
                "center",
                "bottom"
            ]
        },
        "background.color": "#fffad2"
    },
    "passcode": {
        "number.background.tintcolor": {
            "normal": "#d5ad8a",
            "pressed": "#cda07b"
        },
        "passcode3.input.image": "password_ic_03_on.png",
        "passcode2.background.image": "password_ic_02_off.png",
        "passcode1.input.image": "password_ic_01_on.png",
        "number.text.tintcolor": "#ffffff",
        "passcode2.input.image": "password_ic_02_on.png",
        "passcode4.background.image": "password_ic_04_off.png",
        "background.color": "#d5ad8a",
        "top.background.color": "#fffef6",
        "text.color": "#d5ad8a",
        "infotext.color": "#e6d0ba",
        "passcode1.background.image": "password_ic_01_off.png",
        "number.delete.tintcolor": {
            "normal": "#ffffff",
            "pressed": "#ffffff"
        },
        "passcode3.background.image": "password_ic_03_off.png",
        "number.cancel.text.color": {
            "normal": "#ffffff",
            "pressed": "#7fffffff"
        },
        "passcode4.input.image": "password_ic_04_on.png"
    },
    "myhome.post.body": {"text.color": "#635248"}
}