{
    "calllist.item": {
        "dateText.color": "#b1c793",
        "phoneIcon.tintcolor": {
            "normal": "#1d3321",
            "pressed": "#1d3321"
        },
        "nameText.color": "#1d3321",
        "phoneIcon.background.tintcolor": {
            "normal": "#e3f4ad",
            "pressed": "#d7e99c"
        },
        "dateIcon.tintcolor": "#b1c793"
    },
    "chathistory.attach.header": {
        "background.image": "header_bg.9.png",
        "text.color": "#0e1a11"
    },
    "friendlist.category": {
        "textSeeAll.color": "#c9dbaf",
        "arrowClose.tintcolor": "#dae9c0",
        "arrowOpen.tintcolor": "#dae9c0",
        "textSeeAll.arrow.tintcolor": "#c9dbaf",
        "background.color": "#f4ffd9",
        "text.color": "#c9dbaf"
    },
    "chathistory.file.recv.msg": {
        "file.icon.tintcolor": "#77857a",
        "expire.text.color": "#77857a",
        "arrow.tintcolor": "#8e9990",
        "text.color": "#1d3321"
    },
    "tabBar.item.talk": {
        "normal.image": "gnb_ic_chats_normal.png",
        "selected.image": "gnb_ic_chats_selected.png"
    },
    "chathistory.text.send.msg": {"text.color": "#1d3321"},
    "grouphome.main": {
        "tab.text.color": "#8c9d6e",
        "moreTab.icon.tintcolor": {
            "normal": "#6b8159",
            "pressed": "#82986a"
        },
        "albumCreateBtn.image": {
            "normal": "group_ic_postalbum.png",
            "pressed": "group_ic_postalbum_pressed.png"
        },
        "selectedTab.text.color": "#0e1a11",
        "tab.background.color": "#e0f5ac",
        "postWriteBtn.image": {
            "normal": "group_ic_writepost.png",
            "pressed": "group_ic_writepost_pressed.png"
        },
        "tabBottomLine.background.color": "#44734d"
    },
    "chathistory.option.item.voip.video": {
        "background.color": {
            "normal": "#d8eda1",
            "pressed": "#d1ea95"
        },
        "text.color": {
            "normal": "#2f452e",
            "dimmed": "#662f452c"
        }
    },
    "chathistory.text.recv.msg": {"text.color": "#1d3321"},
    "addFriend.tab.icon": {
        "idsearch.image": "gnb_ic_search.png",
        "invite.image": "gnb_ic_contacts.png",
        "qrcode.image": "gnb_ic_qrcode.png",
        "shakeit.image": "gnb_ic_shakeit.png"
    },
    "chathistory.balloon.text.send": {"background.image": {
        "normal": "chatroom_balloon_send_normal.9.png",
        "padding": "11 5 16 8",
        "pressed": "chatroom_balloon_send_pressed.9.png"
    }},
    "friendlist.common": {"noresult.text.color": "#b1c793"},
    "chatlist.item": {
        "messageText.color": "#b1c793",
        "nameText.color": "#1d3321",
        "newIcon.image": "list_category_chat_new.png",
        "timeText.color": "#b1c793",
        "muteIcon.tintcolor": "#cadeaa",
        "messageCountText.color": "#ffffff",
        "messageCountText.background.image": "list_category_chat_num.9.png"
    },
    "chathistory.attach.item": {
        "icon.tintcolor": "#3c4f34",
        "external.icon.tintcolor": "#869c64",
        "background.color": {
            "normal": "#d8eda1",
            "pressed": "#d1ea95"
        },
        "text.color": "#2f452c"
    },
    "chathistory.common": {
        "datebar.background.image": "chatroom_date.9.png",
        "soundsticker.icon.tintcolor": "#bed2a1",
        "autoresend.icon.tintcolor": "#bed2a1",
        "checkBox.image": {
            "normal": "list_checkbox_img_normal.png",
            "selected": "list_checkbox_img_selected.png"
        },
        "time.color": "#bed2a1",
        "name.color": "#bed2a1",
        "datebar.text.color": "#ffffff"
    },
    "bottom.button.common": {
        "button1.background.color": {
            "normal": "#b4ca3b",
            "pressed": "#a7bc34",
            "dimmed": "#b4ca3b"
        },
        "button2.background.color": {
            "normal": "#f3d759",
            "pressed": "#e6c845",
            "dimmed": "#f3d759"
        },
        "button1.text.color": {
            "normal": "#0e1a11",
            "dimmed": "#660e1a11"
        },
        "button2.text.color": {
            "normal": "#0e1a11",
            "dimmed": "#660e1a11"
        }
    },
    "invitemember.tab.item": {
        "icon.tintcolor": "#2f452e",
        "background.image": {
            "normal": "gnb_bg_addfriend_normal.9.png",
            "pressed": "gnb_bg_addfriend_pressed.9.png"
        },
        "text.color": "#2f452e"
    },
    "chathistory.music.recv.msg": {
        "title.text.color": "#1d3321",
        "playlist.default.image": "chatroom_ic_music_playlist.png",
        "playbtn.default.image": "chatroom_music_play_default.png",
        "playing.image": "chatroom_music_bar_playing.png",
        "playbtn.background.pressed.image": "chatroom_music_bar_pressed.png",
        "stopbtn.default.image": "chatroom_music_stop_default.png",
        "playbtn.pressed.image": "chatroom_music_play_pressed.png",
        "playbtn.background.default.image": "chatroom_music_bar_default.png",
        "typename.text.color": "#77857a",
        "topic.default.image": "chatroom_ic_music_topic.png",
        "service.text.color": "#77857a",
        "loading.image": "chatroom_music_loading.png",
        "artist.text.color": "#77857a",
        "stopbtn.pressed.image": "chatroom_music_stop_pressed.png"
    },
    "myhome.post.bottom": {
        "commentText.color": "#1d3321",
        "commentIcon.image": {
            "normal": "timeline_ic_postcomment.png",
            "selected": "timeline_ic_postcomment.png"
        },
        "likeText.color": "#1d3321",
        "likeIcon.image": {
            "normal": "timeline_ic_postlike_off.png",
            "selected": "timeline_ic_postlike_on.png"
        },
        "likeCountText.color": "#1d3321",
        "commentCountText.color": "#1d3321"
    },
    "chathistory.balloon.recv": {"background.image": {
        "normal": "chatroom_balloon_rec_normal.9.png",
        "pressed": "chatroom_balloon_rec_pressed.9.png"
    }},
    "chathistory.memberlist.area": {"background.color": "#e5d8eda1"},
    "chathistory.contact.send.msg": {
        "arrow.tintcolor": "#88853d",
        "text.color": "#1d3321"
    },
    "tabBar.item.friend": {
        "normal.image": "gnb_ic_friends_normal.png",
        "selected.image": "gnb_ic_friends_selected.png"
    },
    "moreMenu.item": {
        "addfriend.image": "more_ic_addfriends.png",
        "newIcon.image": "more_ic_new.png",
        "setting.image": "more_ic_settings.png",
        "background.color": {
            "normal": "#f4ffd9",
            "pressed": "#ebf9ca"
        },
        "text.color": "#1d3321"
    },
    "myhome.list.header": {
        "updateTitleText.color": "#c9dbaf",
        "updateText.color": "#c9dbaf",
        "updateTimeText.color": "#c9dbaf"
    },
    "chathistory.file.send.msg": {
        "file.icon.tintcolor": "#635d44",
        "expire.text.color": "#737537",
        "arrow.tintcolor": "#88853d",
        "text.color": "#1d3321"
    },
    "chathistory.privatechat.balloon.receive.text": {
        "background.image": {
            "normal": "chatroom_balloon_hidden.9.png",
            "pressed": "chatroom_balloon_hidden.9.png"
        },
        "icon.arrow.tintcolor": "#e7f1d6",
        "text.color": "#1d3321"
    },
    "common.empty.page": {
        "zero.subtitle.color": "#c9dbaf",
        "zerobutton.text.color": "#0e1a11",
        "call.name.text.color": "#1d3321",
        "zero.title.color": "#1d3321",
        "zero.image": "zero_img_empty.png",
        "error.subtitle.color": "#c9dbaf",
        "error.button.background.image": {
            "normal": "button_r07_normal.9.png",
            "pressed": "button_r07_pressed.9.png"
        },
        "call.link.text.color": "#c9dbaf",
        "error.button.text.color": "#0e1a11",
        "zerobutton.background.image": {
            "normal": "button_r07_normal.9.png",
            "pressed": "button_r07_pressed.9.png"
        },
        "error.image": "zero_img_error.png"
    },
    "grouphome.friend.request": {
        "btn.background.color": {
            "normal": "#f3d759",
            "pressed": "#e6c845"
        },
        "btn.text.color": "#0e1a11",
        "background.color": "#996ab67b",
        "message.text.color": "#1d3321",
        "message.icon.tintcolor": "#1d3321"
    },
    "notification.popup": {
        "setting.checkbox.background.image": {
            "normal": "list_checkbox_img_normal.png",
            "selected": "list_checkbox_img_selected.png"
        },
        "title.logo.tintcolor": "#ffffff",
        "title.username.text.color": "#ffffff",
        "title.groupname.text.color": "#ffffff",
        "title.count.background.image": "popup_noti_img_num_bg.9.png",
        "title.background.image": "popup_noti_bg_top.9.png",
        "title.setting.image.tintcolor": "#ffffff",
        "reply.input.bar.background.color": {
            "normal": "#d6d6d6",
            "selected": "#d6d6d6"
        },
        "title.count.text.color": "#ffffff",
        "reply.sendbutton.tintcolor": {
            "normal": "#3e4841",
            "pressed": "#0e1a11",
            "selected": "#3e4841"
        }
    },
    "tabBar.item.call": {
        "normal.image": "gnb_ic_call_normal.png",
        "selected.image": "gnb_ic_call_selected.png"
    },
    "tabBar": {
        "background.image.pattern": true,
        "background.image": "gnb_bg_pattern.png",
        "selectorBar.background.color": "#44734d",
        "shadow.image": "gnb_gra.9.png"
    },
    "chathistory.attach.item.image": {
        "contact.image": {"normal": "chatroom_attach_ic_info.png"},
        "take.video.image": {"normal": "chatroom_attach_ic_takevideo.png"},
        "choose.video.image": {"normal": "chatroom_attach_ic_chooesvideo.png"},
        "take.photo.image": {"normal": "chatroom_attach_ic_takephoto.png"},
        "choose.photo.image": {"normal": "chatroom_attach_ic_photo.png"},
        "audio.image": {"normal": "chatroom_attach_ic_voicemessage.png"},
        "location.image": {"normal": "chatroom_attach_ic_location.png"}
    },
    "tabBar.item.more": {
        "normal.image": "gnb_ic_more_normal.png",
        "selected.image": "gnb_ic_more_selected.png"
    },
    "chathistory.groupboard.recv.msg": {
        "videoicon.tintcolor": "#77857a",
        "more.text.color": "#77857a",
        "photo.default.tintcolor": "#77857a",
        "photoicon.tintcolor": "#77857a",
        "bottom.background.image": "chatroom_gamemsg_line_rec.9.png",
        "sticker.default.tintcolor": "#77857a",
        "video.default.tintcolor": "#77857a",
        "location.text.color": "#1d3321",
        "arrow.tintcolor": "#8e9990",
        "text.color": "#1d3321",
        "bottom.text.color": "#77857a"
    },
    "myhome.background": {"background.color": "#f4ffd9"},
    "navigationBar.tab": {"text.color": {
        "normal": "#1d3321",
        "selected": "#661d3321"
    }},
    "grouphome.member.category": {
        "edit.btn.background.image": {
            "normal": "button_r10_normal.9.png",
            "pressed": "button_r10_pressed.9.png"
        },
        "category.text.color": "#c9dbaf",
        "category.divider.background.color": "#e3f0c8",
        "category.count.text.color": "#c9dbaf",
        "edit.btn.text.color": "#0e1a11"
    },
    "chathistory.balloon.video.default.send": {"background.color": "#f3d759"},
    "moreMenu.topbanner.item": {
        "subtext.color": "#b1c793",
        "arrowIcon.tintcolor": "#c8dbab",
        "background.color": "#f4ffd9",
        "topDivider.background.color": "#e3f0c8",
        "text.color": "#1d3321"
    },
    "chathistory.music.send.msg": {
        "title.text.color": "#1d3321",
        "playlist.default.image": "chatroom_ic_music_playlist.png",
        "playbtn.default.image": "chatroom_music_play_default.png",
        "playing.image": "chatroom_music_bar_playing.png",
        "playbtn.background.pressed.image": "chatroom_music_bar_pressed.png",
        "stopbtn.default.image": "chatroom_music_stop_default.png",
        "playbtn.pressed.image": "chatroom_music_play_pressed.png",
        "playbtn.background.default.image": "chatroom_music_bar_default.png",
        "typename.text.color": "#737537",
        "topic.default.image": "chatroom_ic_music_topic.png",
        "service.text.color": "#737537",
        "loading.image": "chatroom_music_loading.png",
        "artist.text.color": "#737537",
        "stopbtn.pressed.image": "chatroom_music_stop_pressed.png"
    },
    "grouphome.error": {
        "btn.text.color": "#0e1a11",
        "sticker.image": "zero_img_error.png",
        "icon.tintcolor": "#deedc4",
        "msg.text.color": "#c9dbaf",
        "btn.text.background.image": {
            "normal": "button_r07_normal.9.png",
            "pressed": "button_r07_pressed.9.png"
        },
        "msg.text.shadow": "#00000000"
    },
    "select.chat.bottom": {
        "button.background.color": {
            "normal": "#f3d759",
            "pressed": "#e6c845"
        },
        "button.icon.tintcolor": "#0e1a11",
        "button.text.color": {
            "normal": "#0e1a11",
            "dimmed": "#7f0e1a11"
        }
    },
    "chathistory.option.item.voip.voice": {
        "background.color": {
            "normal": "#d8eda1",
            "pressed": "#d1ea95"
        },
        "text.color": {
            "normal": "#2f452e",
            "dimmed": "#662f452c"
        }
    },
    "chathistory.view.common": {
        "background.image.pattern": false,
        "background.image": {
            "normal": "chatroom_bg_normal.png",
            "top": "chatroom_bg_pattern.png",
            "gravity": "right bottom"
        },
        "background.color": "#f4ffd9"
    },
    "chathistory.input": {
        "inputText.color": "#1d3321",
        "photoButton.icon.image": "chatroom_ic_photo.png",
        "inputText.hint": "#661d3321",
        "attachButton.icon.image": "chatroom_ic_add.png",
        "background.image": "chatroom_input_bg.9.png",
        "sendButton.background.color": {
            "normal": "#f3d759",
            "pressed": "#e6c845"
        },
        "sendButton.tintcolor": "#0e1a11",
        "eskButton.icon.image": "chatroom_ic_stickers.png"
    },
    "friendlist.item.common": {
        "new.background.color": {
            "normal": "#f0ffbe",
            "pressed": "#e8f7b7"
        },
        "checked.background.color": {
            "normal": "#eaf9c4",
            "pressed": "#eaf9c4"
        },
        "background.color": {
            "normal": "#f4ffd9",
            "pressed": "#eaf9c4"
        }
    },
    "chathistory.privatechat.tooltip": {"text.color": "#1d3321"},
    "chathistory.option.item.image": {
        "block.image": "chatroom_option_ic_block.png",
        "timer.image": "chatroom_option_ic_timer_normal.png",
        "recommend.dimmed.image": "chatroom_option_ic_recom_disable.png",
        "edit.group.image": "chatroom_option_ic_editgroup_normal.png",
        "invite.image": "chatroom_option_ic_invite_normal.png",
        "leave.dimmed.image": "chatroom_option_ic_leave_disable.png",
        "leave.image": "chatroom_option_ic_leave_normal.png",
        "line.call.dimmed.image": "chatroom_option_ic_linecall_disable.png",
        "album.image": "chatroom_option_ic_albums_normal.png",
        "recommend.image": "chatroom_option_ic_recom_normal.png",
        "create.group.dimmed.image": "chatroom_option_ic_creategroup_disable.png",
        "timer.dimmed.image": "chatroom_option_ic_timer_disable.png",
        "create.group.image": "chatroom_option_ic_creategroup_normal.png",
        "edit.image": "chatroom_option_ic_edit_normal.png",
        "edit.group.dimmed.image": "chatroom_option_ic_editgroup_disable.png",
        "photo.video.dimmed.image": "chatroom_option_ic_pv_disable.png",
        "notification.on.image": "chatroom_option_ic_noti_on.png",
        "album.dimmed.image": "chatroom_option_ic_albums_disable.png",
        "setting.dimmed.image": "chatroom_option_ic_setting_disable.png",
        "invite.dimmed.image": "chatroom_option_ic_invite_disable.png",
        "notification.off.image": "chatroom_option_ic_noti_off.png",
        "setting.image": "chatroom_option_ic_setting_normal.png",
        "unblock.image": "chatroom_option_ic_unblock.png",
        "photo.video.image": "chatroom_option_ic_pv_normal.png",
        "edit.dimmed.image": "chatroom_option_ic_edit_disable.png",
        "line.call.image": "chatroom_option_ic_linecall_normal.png",
        "photo.image": "chatroom_option_ic_pv_normal.png",
        "send.gift.dimmed.image": "chatroom_option_ic_gift_disable.png",
        "send.gift.image": "chatroom_option_ic_gift_normal.png"
    },
    "myhome.write.post": {
        "icon.tintcolor": "#1d3321",
        "text.color": "#1d3321"
    },
    "chathistory.gift.send.msg": {
        "background.image": "chatroom_balloon_gift_send.9.png",
        "text.color": "#1d3321"
    },
    "chathistory.voip.send.msg": {
        "icon.tintcolor": "#6a6e35",
        "linecall.text.color": "#1d3321",
        "text.color": "#1d3321"
    },
    "chathistory.privatechat.header.banner.item": {
        "icon.tintcolor": "#1d3321",
        "text.color": "#1d3321"
    },
    "view.common": {"background.color": "#f4ffd9"},
    "chathistory.groupboard.tip": {"text.color": "#1d3321"},
    "search.chat.highlightColor": {
        "chatList.text.color": "#e63558",
        "receiveMessage.text.color": "#e1f187",
        "sendMessage.text.color": "#e1f187"
    },
    "myhome.cover": {
        "officialHomeProfileText.color": "#1d3321",
        "officialHomeProfileArrow.tintcolor": {
            "normal": "#1d3321",
            "pressed": "#1d3321"
        }
    },
    "navigationBar": {
        "title.text.color": "#0e1a11",
        "button.background.color": {
            "normal": "#00000000",
            "pressed": "#00000000"
        },
        "badge.text.color": "#ffffff",
        "button.tintcolor": {
            "normal": "#0e1a11",
            "pressed": "#8c9d6e",
            "dimmed": "#8c9d6e",
            "selected": "#0e1a11"
        },
        "background.image": "header_bg.9.png",
        "badge.new.image": "header_ic_new.png",
        "button.text.color": {
            "normal": "#0e1a11",
            "pressed": "#8c9d6e",
            "dimmed": "#8c9d6e",
            "selected": "#0e1a11"
        },
        "title.button.tintcolor": "#0e1a11",
        "status.background.color": "#000000",
        "badge.count.background.image": "header_num_bg.9.png"
    },
    "chathistory.voice.recv.msg": {
        "speak.expire.image": "chatroom_ic_voicemsg_rec_x.png",
        "bottom.background.image": "chatroom_voicemsg_line_w_rec.9.png",
        "colon.tintcolor": {
            "normal": "#a5ada6",
            "selected": "#1d3321"
        },
        "seperator.image": "chatroom_voicemsg_line_h_rec.9.png",
        "speak3.image": "chatroom_ic_voicemsg_rec_03.png",
        "speak1.image": "chatroom_ic_voicemsg_rec_01.png",
        "share.image": {
            "normal": "chatroom_ic_voicemsg_rec_share.png",
            "selected": "chatroom_ic_voicemsg_rec_share_pressed.png"
        },
        "play.image": {
            "normal": "chatroom_ic_voicemsg_rec_play.png",
            "selected": "chatroom_ic_voicemsg_rec_play_pressed.png"
        },
        "speak.image": "chatroom_ic_voicemsg_rec_00.png",
        "pause.image": {
            "normal": "chatroom_ic_voicemsg_rec_pause.png",
            "selected": "chatroom_ic_voicemsg_rec_pause_pressed.png"
        },
        "speak2.image": "chatroom_ic_voicemsg_rec_02.png",
        "text.color": {
            "normal": "#a5ada6",
            "selected": "#1d3321"
        }
    },
    "tabBar.item.timeline": {
        "highlight.image": "gnb_ic_timeline_new.png",
        "normal.image": "gnb_ic_timeline_normal.png",
        "selected.image": "gnb_ic_timeline_selected.png"
    },
    "grouphome.member.profile": {
        "add.btn.icon.tintcolor": "#1d3321",
        "profile.name.text.color": "#1d3321"
    },
    "addFriend.tab.item": {
        "background.image": {
            "normal": "gnb_bg_addfriend_normal.9.png",
            "pressed": "gnb_bg_addfriend_pressed.9.png"
        },
        "text.color": "#3c4f34"
    },
    "chathistory.voice.send.msg": {
        "speak.expire.image": "chatroom_ic_voicemsg_send_x.png",
        "bottom.background.image": "chatroom_voicemsg_line_w_send.9.png",
        "colon.tintcolor": {
            "normal": "#9d9543",
            "selected": "#1d3321"
        },
        "seperator.image": "chatroom_voicemsg_line_h_send.9.png",
        "speak3.image": "chatroom_ic_voicemsg_send_03.png",
        "speak1.image": "chatroom_ic_voicemsg_send_01.png",
        "share.image": {
            "normal": "chatroom_ic_voicemsg_send_share.png",
            "selected": "chatroom_ic_voicemsg_send_share_pressed.png"
        },
        "play.image": {
            "normal": "chatroom_ic_voicemsg_send_play.png",
            "selected": "chatroom_ic_voicemsg_send_play_pressed.png"
        },
        "speak.image": "chatroom_ic_voicemsg_send_00.png",
        "pause.image": {
            "normal": "chatroom_ic_voicemsg_send_pause.png",
            "selected": "chatroom_ic_voicemsg_send_pause_pressed.png"
        },
        "speak2.image": "chatroom_ic_voicemsg_send_02.png",
        "text.color": {
            "normal": "#9d9543",
            "selected": "#1d3321"
        }
    },
    "chathistory.option.item.voip.voice.image": {
        "voice.call.dimmed.image": "chatroom_option_ic_freecall_disable.png",
        "voice.call.image": "chatroom_option_ic_freecall_normal.png"
    },
    "chathistory.onair": {
        "background.image": "chatroom_onair_bg.9.png",
        "subtext.color": "#2f452e",
        "text.color": "#2f452e"
    },
    "chathistory.voip.recv.msg": {
        "icon.tintcolor": "#6e7d71",
        "linecall.text.color": "#1d3321",
        "text.color": "#1d3321"
    },
    "moreMenu.view": {"background.color": "#f4ffd9"},
    "myhome.post.header": {
        "groupBtn.popup.arrow.tintcolor": "#1d3321",
        "nameText.color": "#1d3321",
        "groupBtn.background.image": {
            "normal": "button_r09_normal.9.png",
            "pressed": "button_r09_pressed.9.png"
        },
        "groupBtn.text.color": "#c1d2a9",
        "groupBtn.popup.background.image": "timeline_img_bg_see_bg01.9.png",
        "sharePostMessage.color": "#1d3321",
        "groupBtn.popup.pressed.reverse.background.image": {
            "normal": "",
            "pressed": "timeline_img_bg_see_bg02_pressed.9.png"
        },
        "groupBtn.popup.divider.background.color": "#467d52",
        "groupBtn.icon.tintcolor": "#c1d2a9",
        "groupBtn.popup.reverse.background.image": "timeline_img_bg_see_bg02.9.png",
        "timeText.color": "#888888",
        "groupBtn.popup.detail.text.color": "#1d3321",
        "groupBtn.popup.pressed.background.image": {
            "normal": "",
            "pressed": "timeline_img_bg_see_bg01_pressed.9.png"
        },
        "groupBtn.popup.text.color": "#1d3321"
    },
    "chathistory.balloon.text.recv": {"background.image": {
        "normal": "chatroom_balloon_rec_normal.9.png",
        "padding": "16 5 11 8",
        "pressed": "chatroom_balloon_rec_pressed.9.png"
    }},
    "timeline.list.newpost": {
        "background.image": {
            "normal": "timeline_newpost_btn.9.png",
            "pressed": "timeline_newpost_btn_pressed.9.png"
        },
        "text.color": "#ffffff"
    },
    "chathistory.gift.recv.msg": {
        "button.background.image": {
            "normal": "button_r07_normal.9.png",
            "pressed": "button_r07_pressed.9.png"
        },
        "background.image": "chatroom_balloon_gift_rec.9.png",
        "button.text.color": "#0e1a11",
        "button.text.shadow": "#00000000",
        "text.color": "#1d3321"
    },
    "grouphome.empty": {
        "empty.album.icon.image.tintcolor": "#deedc4",
        "empty.btn.text.color": "#0e1a11",
        "empty.note.icon.image.tintcolor": "#deedc4",
        "empty.btn.background.image": {
            "normal": "button_r07_normal.9.png",
            "pressed": "button_r07_pressed.9.png"
        },
        "empty.text.color": "#c9dbaf"
    },
    "multi.userselect": {
        "name.text.color": "#1d3321",
        "background.color": "#6ab67b"
    },
    "chathistory.link.recv.msg": {
        "bottom.background.image": "chatroom_gamemsg_line_rec.9.png",
        "detail.text.color": "#77857a",
        "arrow.tintcolor": "#8e9990",
        "text.color": "#1d3321"
    },
    "timeline.userrecall": {
        "recalled.user.text.color": "#e63558",
        "recall.user.text.color": "#ffffff",
        "suggest.dialog.text.color": "#e63558",
        "recall.user.text.background.color": "#e63558"
    },
    "searchBar": {
        "underbar.background.color": {
            "normal": "#e6f3cb",
            "selected": "#e6f3cb"
        },
        "text.hint": "#d9e8be",
        "search.icon.image": "list_ic_search.png",
        "cancel.icon.tintcolor": "#bed2a1",
        "text.color": "#485c46"
    },
    "chathistory.groupboard.send.msg": {
        "videoicon.tintcolor": "#737537",
        "more.text.color": "#737537",
        "photo.default.tintcolor": "#737537",
        "photoicon.tintcolor": "#737537",
        "bottom.background.image": "chatroom_gamemsg_line_send.9.png",
        "sticker.default.tintcolor": "#737537",
        "video.default.tintcolor": "#737537",
        "location.text.color": "#1d3321",
        "arrow.tintcolor": "#88853d",
        "text.color": "#1d3321",
        "bottom.text.color": "#737537"
    },
    "chathistory.privatechat.common": {
        "name.text.color": "#bed2a1",
        "timer.text.color": "#bed2a1",
        "autoresend.icon.tintcolor": "#bed2a1",
        "time.text.color": "#bed2a1"
    },
    "select.chat.tab": {
        "background.image": "gnb_bg.9.png",
        "selectorBar.background.color": "#44734d",
        "text.shadow": "#00000000",
        "text.color": {
            "normal": "#879967",
            "selected": "#0e1a11"
        }
    },
    "chathistory.input.sendButton.selectType": {
        "icon.tintcolor": {
            "normal": "#b1c793",
            "selected": "#44734d"
        },
        "text.color": {
            "normal": "#b1c793",
            "selected": "#44734d"
        }
    },
    "chathistory.option.item.voip.video.image": {
        "video.call.image": "chatroom_option_ic_videocall_normal.png",
        "video.call.dimmed.image": "chatroom_option_ic_videocall_disable.png"
    },
    "moreMenu.lower.item": {
        "newIcon.image": "more_ic_new.png",
        "icon.tintcolor": "#1d3321",
        "background.color": {
            "normal": "#f4ffd9",
            "pressed": "#ebf9ca"
        },
        "text.color": "#1d3321"
    },
    "list.common": {"divider.background.color": "#e3f0c8"},
    "chathistory.balloon.send": {"background.image": {
        "normal": "chatroom_balloon_send_normal.9.png",
        "pressed": "chatroom_balloon_send_pressed.9.png"
    }},
    "navigationBar.search": {
        "back.icon.tintcolor": {
            "normal": "#0e1a11",
            "pressed": "#77875e"
        },
        "underbar.background.color": "#bed292",
        "background.image": "header_bg.9.png",
        "text.hint": "#8ea270",
        "cancel.icon.tintcolor": "#77875e",
        "text.color": "#1d3321"
    },
    "album.detail.menu": {
        "checked.icon.tintcolor": "#44734d",
        "item.color": {
            "normal": "#c9dbaf",
            "selected": "#44734d"
        }
    },
    "friendlist.item": {
        "phoneIcon.tintcolor": {
            "normal": "#1d3321",
            "pressed": "#1d3321"
        },
        "phoneNumberText.color": "#b1c793",
        "nameText.color": "#1d3321",
        "phoneIcon.background.tintcolor": {
            "normal": "#e3f4ad",
            "pressed": "#d7e99c"
        },
        "addFriend.background.tintcolor": {
            "normal": "#ddeda8",
            "pressed": "#d0e099"
        },
        "arrowIcon.tintcolor": "#b1c793",
        "moreButton.text.color": "#0e1a11",
        "updateIcon.tintcolor": "#e63558",
        "addInviteButton.background.image": {
            "normal": "button_r10_normal.9.png",
            "pressed": "button_r10_pressed.9.png"
        },
        "addFriend.icon.tintcolor": "#1d3321",
        "descriptionText.color": "#b1c793",
        "statusText.color": "#b1c793",
        "checkboxOff.image": "list_checkbox_img_normal.png",
        "checkboxOn.image": "list_checkbox_img_selected.png",
        "addInviteButton.color": "#0e1a11",
        "moreButton.background.image": {
            "normal": "button_r01_normal.9.png",
            "pressed": "button_r01_pressed.9.png"
        }
    },
    "chathistory.option.item": {
        "button.background.color": {
            "normal": "#d8eda1",
            "pressed": "#d1ea95"
        },
        "bottom.divider.background.color": "#cae090",
        "text.color": {
            "normal": "#2f452e",
            "dimmed": "#662f452c"
        }
    },
    "profile.thumbnail": {
        "group.small.image": "group_thumbnail_small.png",
        "single.big.image": "user_thumbnail_large_00.png",
        "group.big.image": "group_thumbnail_large.png",
        "single.small.image": "user_thumbnail_small_00.png"
    },
    "chathistory.privatechat.view.common": {"background.image": "chatroom_bg_hidden.9.png"},
    "main.view.common": {"background.color": "#f4ffd9"},
    "chathistory.input.voice": {
        "voip.background.color": {
            "normal": "#f3d759",
            "pressed": "#e6c845"
        },
        "voip.icon.tintcolor": "#0e1a11",
        "voip.text.color": "#0e1a11",
        "close.background.color": {
            "normal": "#e7cb4f",
            "pressed": "#dbbd3c"
        },
        "close.icon.tintcolor": "#0e1a11"
    },
    "manifest": {
        "schemaVersion": 1,
        "provider": {
            "name": "LINE Corporation",
            "url": "http://www.linecorp.com"
        },
        "themeVersion": "5.10.0",
        "name": "Kerokerokeropi",
        "platform": "Android",
        "revision": 1,
        "quality": 85
    },
    "noticenter2": {
        "title.text.color": "#1d3321",
        "arrow.icon.image": "timeline_img_tabarrow.png",
        "background.color": "#ffffff",
        "more.icon.tintcolor": "#77857a"
    },
    "chathistory.link.send.msg": {
        "bottom.background.image": "chatroom_gamemsg_line_send.9.png",
        "detail.text.color": "#737537",
        "arrow.tintcolor": "#88853d",
        "text.color": "#1d3321"
    },
    "chathistory.spammer": {
        "name.text.color": "#2f452e",
        "button.background.image": {
            "normal": "button_r06_normal.9.png",
            "pressed": "button_r06_pressed.9.png"
        },
        "background.image": "chatroom_spammer_bg.9.png",
        "button.text.color": "#0e1a11",
        "text.color": "#2f452e"
    },
    "navigationBar.moreMenu": {"item.text.color": "#1d3321"},
    "tabBar.item": {"badge.background.image": "gnb_num_bg.9.png"},
    "chathistory.balloon.video.default.recv": {"background.color": "#ffffff"},
    "addFriend.tab.addGroup": {
        "icon.background.tintcolor": "#ddeda8",
        "icon.tintcolor": "#373737",
        "subtext.color": "#b1c793",
        "updateButton.tintcolor": {
            "normal": "#f3d759",
            "pressed": "#e6c845"
        },
        "background.color": {
            "normal": "#f4ffd9",
            "pressed": "#eaf9c4"
        },
        "addButton.text.color": "#0e1a11",
        "addButton.background.tintcolor": {
            "normal": "#f3d759",
            "pressed": "#e6c845"
        },
        "arrow.tintcolor": "#b1c793",
        "text.color": "#1d3321"
    },
    "chathistory.contact.recv.msg": {
        "arrow.tintcolor": "#8e9990",
        "text.color": "#1d3321"
    },
    "myhome.lineend.smiley": {"smiley.tintcolor": "#0e1a11"},
    "splash": {
        "splash.background.image": {
            "normal": "",
            "top": [
                "splash_img.png",
                "splash_logo.png"
            ],
            "gravity": [
                "center",
                "bottom"
            ]
        },
        "background.color": "#64b375"
    },
    "passcode": {
        "number.background.tintcolor": {
            "normal": "#64b375",
            "pressed": "#5ba86c"
        },
        "passcode3.input.image": "password_ic_03_on.png",
        "passcode2.background.image": "password_ic_02_off.png",
        "passcode1.input.image": "password_ic_01_on.png",
        "number.text.tintcolor": "#0e1a11",
        "passcode2.input.image": "password_ic_02_on.png",
        "passcode4.background.image": "password_ic_04_off.png",
        "background.color": "#64b375",
        "top.background.color": "#f4ffd9",
        "text.color": "#1d3321",
        "infotext.color": "#b3c1a1",
        "passcode1.background.image": "password_ic_01_off.png",
        "number.delete.tintcolor": {
            "normal": "#0e1a11",
            "pressed": "#0e1a11"
        },
        "passcode3.background.image": "password_ic_03_off.png",
        "number.cancel.text.color": {
            "normal": "#0e1a11",
            "pressed": "#660e1a11"
        },
        "passcode4.input.image": "password_ic_04_on.png"
    },
    "myhome.post.body": {"text.color": "#323232"}
}