{
    "line.navigationBar.back.landscape": {
        "content.edgeInsets": "0px 0px 0px 0px",
        "background.image": {
            "normal": "width_header_bt02.png 15px 0px",
            "pressed": "width_header_bt02_tap.png 15px 0px"
        },
        "icon.image": {
            "normal": "navigation_icon_05.png",
            "pressed": "navigation_icon_05.png"
        }
    },
    "line.tableview.cell.recommandLabel": {"text.color": "#c4b96e"},
    "line.tabControl.tab": {
        "background.image": {
            "pressed": "gr_tab_select_bar.png",
            "selected": "gr_tab_select_bar.png"
        },
        "fontSize": 15,
        "text.color": {
            "normal": "#cebf83",
            "selected": "#a49263"
        }
    },
    "line.chat.voiceTalk.background": {"image": "voice_input_bg.png"},
    "line.navigationBar.highlightedButton": {
        "loadStyle": "line.navigationBar.normal.portrait",
        "background.image": {
            "normal": "navigation_btn_02.png 16px 0px",
            "pressed": "navigation_btn_02_01.png 16px 0px"
        },
        "text.color": {
            "normal": "#ffffff",
            "pressed": "#ffffff"
        }
    },
    "line.chat.cell.sendBubble": {
        "loadStyle": "line.chat.cell.devideColor",
        "effectImage": "image_04_effect_02_right.png 0px 0px",
        "contentImage": "speech_bubble_02_default.png 22px, 17px"
    },
    "line.chat.edit.cancelButton": {"loadStyle": "line.friend.bulkEdit.hide"},
    "line.group.home.cell.albumEmpty": {
        "empty.buttonTextColor": "#9e8b5e",
        "empty.buttonImage": {
            "normal": "default_friend_bnt01.png 5px 5px",
            "pressed": "default_friend_bnt01_press.png 5px 5px"
        },
        "fontSize": 14,
        "empty.image": "gr_album_icon.png #d5cb84",
        "empty.buttonFontSize": 13,
        "text.color": "#d5cb84"
    },
    "line.privateChat.cell.timerLabel": {
        "fontSize": 11,
        "text.color": "#e0d89c"
    },
    "line.privateChat.cell.messageTime": {
        "loadStyle": "line.chat.cell.messageTime",
        "text.color": "#e0d89c"
    },
    "line.friend.recommend.addfriends.friendsIcon": {
        "background.image": "add_icon_bg.png #E1E099",
        "icon.image": "add_icon_friend.png #594737"
    },
    "line.chat.emojiButton": {
        "background.image": {
            "normal": "chat_btn_icon_04.png",
            "pressed": "chat_btn_icon_05.png",
            "selected": "chat_btn_icon_04.png"
        },
        "icon.image": {
            "normal": "chat_btn_icon_03.png",
            "pressed": "chat_btn_icon_03.png",
            "selected": "chat_btn_icon_02.png"
        }
    },
    "myhome.tableview.cell.recallUser.suggestText": {"text.color": {"normal": "#ee896a"}},
    "myhome.tableview.cell.merge.line": {"image": "mf_line.png"},
    "line.tableview.multiInvite.cell.inviteButton": {
        "background.image": {
            "normal": "button_type_gray_normal.png 7px 7px",
            "pressed": "button_type_gray_pressed.png 7px 7px"
        },
        "text.color": "#594737"
    },
    "line.chat.room.privateMenu": {
        "background.color": "#fff7c0",
        "fontSize": 13,
        "privateChat.image": "ico_private_tap_lock.png #917c54",
        "freeCall.image": "ico_private_tap_call.png #917c54",
        "text.color": "#917c54",
        "videoCall.image": "ico_private_tap_video.png #917c54"
    },
    "line.chat.spammerWarningView": {"image": "bg_readpoint02.png 10px, 10px"},
    "line.welcomeView.description": {
        "fontSize": 11,
        "text.shadow": {
            "normal": "#ffffff,0.1",
            "offset": "0px 0px"
        },
        "text.color": "#c4b96e"
    },
    "line.friend.recommend.addfriends.UpdateIcon": {"background.image": {
        "normal": "add_icon_update_normal.png #FFEAA5",
        "pressed": "add_icon_update_pressed.png #FFE692"
    }},
    "line.chat.room.topDropMenu.shadow": {"image": "chattop_bg_shadow.png"},
    "line.tabControl": {"background.color": "#fff4a9"},
    "myhome.navigationBar.button.addFriend": {
        "content.edgeInsets": "0px 13px 0px 13px",
        "background.image": {
            "normal": "navigation_btn_02.png 16px 0px",
            "pressed": "navigation_btn_02_01.png 16px 0px"
        },
        "fontSize": 16,
        "fontWeight": "bold",
        "text.color": {
            "normal": "#9e8b5e",
            "pressed": "#9e8b5e",
            "dimmed": "#9e8b5e, 0.4"
        }
    },
    "line.navigationBar.normal.portrait": {
        "background.image": {
            "normal": "navigation_btn_02.png 16px 0px",
            "pressed": "navigation_btn_02_01.png 16px 0px"
        },
        "fontSize": 16,
        "text.shadow": {
            "normal": "#222222, 0.0",
            "offset": "0px, 0px",
            "pressed": "#222222, 0.0"
        },
        "text.color": {
            "normal": "#9e8b5e",
            "pressed": "#9e8b5e"
        }
    },
    "line.friend.multiInvite": {
        "background.image": {
            "normal": "fredit_bt_1.png 5px 0px",
            "pressed": "fredit_bt_1_tap.png 5px 0px"
        },
        "subLabel.color": "#ffffff",
        "fontSize": 13,
        "text.shadow": {
            "normal": "#ffffff, 0.1",
            "offset": "0px 0px"
        },
        "fontWeight": "bold",
        "text.color": {"normal": "#ffffff"}
    },
    "line.group.home.addMember.inviteButton.qrCodeImage": {"image": "gr_icon_qr.png #9e8b5e"},
    "myhome.navigationBar.button.etc": {
        "content.edgeInsets": "0px -2px 0px 2px",
        "background.image": {
            "normal": "navigation_btn_02.png 16px 0px",
            "pressed": "navigation_btn_02_01.png 16px 0px"
        },
        "icon.image": {"normal": "tm_btn_more.png"}
    },
    "line.group.home.newNoteButton": {"icon.image": {
        "normal": "gr_btn_write_bottom_normal.png",
        "pressed": "gr_btn_write_bottom_press.png"
    }},
    "line.group.home.guide.button": {
        "background.image": {
            "normal": "default_friend_bnt01.png 5px 5px",
            "pressed": "default_friend_bnt01_press.png 5px 5px"
        },
        "fontSize": 13,
        "text.color": "#ffffff"
    },
    "line.recendRecommend.friendName": {
        "fontSize": 11,
        "text.color": "#594737"
    },
    "line.navigationBar.mapMenu": {
        "loadStyle": "line.navigationBar.normal.portrait",
        "size": "47px 30px",
        "icon.image": "tm_btn_more.png"
    },
    "line.search.Location.text": {"text.color": "#c4b96e"},
    "line.tableview.cell.more.banner.arrowIcon": {"image": "icon_more_banner_next.png #e1d9a2"},
    "line.chat.menu.attachment.item.title": {
        "fontSize": 11,
        "text.shadow": {
            "normal": "#333333",
            "offset": "0px 0px",
            "dimmed": "#333333"
        },
        "fontWeight": "bold",
        "text.color": {
            "normal": "#917c54",
            "dimmed": "#917c54"
        }
    },
    "line.tableview.call.contactlist.indexBar": {
        "indexBarIcon.image": "contacts_index_dot.png #c4b96e",
        "text.color": "#c4b96e"
    },
    "line.chat.musicPlayer": {
        "bar_pressed.image": "music_bar_press.png",
        "btn_stop_pressed.image": "music_stop_pressed.png",
        "btn_play_default.image": "music_play_default.png",
        "btn_play_pressed.image": "music_play_pressed.png",
        "bar_default.image": "music_bar_default.png",
        "bar_playing.image": "music_playing.png",
        "btn_stop_default.image": "music_stop_default.png"
    },
    "myhome.tableview.cell": {"image": "tm_table_bg.png 11px 11px"},
    "line.tableview.cell.more.bannerImage": {"cornerRadius": "7.0"},
    "line.chat.cell.callMessage": {
        "image.call.cancel.recv": "chat_call_canceled.png #5d4d3f",
        "image.linecall.success.send": "chat_freecall_success.png #5d4929",
        "image.call.cancel.send": "chat_call_canceled.png #5d4929",
        "image.bubble.receive": "speech_bubble_01_default.png 25px, 15px",
        "image.call.success.recv": "chat_call_success.png #5d4d3f",
        "image.linecall.success.recv": "chat_freecall_success.png #5d4d3f",
        "image.bubble.send": "speech_bubble_02_default.png 22px, 17px",
        "image.linecall.cancel.recv": "chat_freecall_canceled.png #5d4d3f",
        "image.linecall.cancel.send": "chat_freecall_canceled.png #5d4929",
        "image.call.success.send": "chat_call_success.png #5d4929"
    },
    "line.search.noData": {"text.color": "#c4b96e"},
    "line.chat.cell.e2eeMessage.recv.lockIcon": {"image": "message_icon_e2ee.png #aea69f"},
    "line.friend.recommend.makeGroup.groupIcon": {
        "background.image": "add_icon_bg.png #E1E099",
        "icon.image": "add_icon_group.png #594737"
    },
    "line.chat.cell.linkMessage.sent": {
        "loadStyle": "line.chat.cell.sendBubble",
        "descriptionText.color": "#5d4929",
        "openButtonText.color": "#ae9a5c",
        "openButtonText.shadow": {
            "normal": "#ffffff, 0.1",
            "offset": "0px 0px"
        },
        "arrowIcon.image": "speech_bubble_app_icon_arrow.png #dfc079",
        "border.image": "thumbnail_shadow_b.png",
        "descriptionText.shadow": {
            "normal": "#ffffff, 0.1",
            "offset": "0px 0px"
        },
        "durationText.color": "#5d4929",
        "durationText.shadow": {
            "normal": "#ffffff, 0.1",
            "offset": "0px 0px"
        }
    },
    "line.search.result.yellowPage.cell.freeCall": {
        "loadStyle": "line.tableview.cell.friend.addRecommended",
        "icon.image": "search_freecall_icon.png #594737",
        "text.color": "#594737"
    },
    "line.chat.menu.attachment.notInstalledItem.statusView": {"image": "c_menu_download.png #d3be85"},
    "line.tableview.cell.more.Btype": {
        "background03.image": {
            "normal": "MenuB01_normal.png",
            "pressed": "MenuB01_pressed.png"
        },
        "background02.image": {
            "normal": "MenuB01_normal.png",
            "pressed": "MenuB01_pressed.png"
        },
        "fontSize": 11,
        "title.edgeInsets": "0px 0px -50px 0px",
        "background01.image": {
            "normal": "MenuB01_normal.png",
            "pressed": "MenuB01_pressed.png"
        },
        "fontWeight": "bold",
        "text.color": "#9e8b5e"
    },
    "line.tableview.cell.more.Wtype": {
        "background03.image": {
            "normal": "MenuW03_normal.png",
            "pressed": "MenuW03_pressed.png"
        },
        "background02.image": {
            "normal": "MenuW02_normal.png",
            "pressed": "MenuW02_pressed.png"
        },
        "fontSize": 11,
        "background01.image": {
            "normal": "MenuW01_normal.png",
            "pressed": "MenuW01_pressed.png"
        },
        "fontWeight": "bold",
        "text.color": "#9e8b5e"
    },
    "line.chat.cell.contactMessage.sendName": {
        "fontSize": 15,
        "text.color": "#5d4d3f"
    },
    "line.tabControl.rightMenuButton": {
        "background.image": {
            "pressed": "gr_tab_select_bar.png",
            "selected": "gr_tab_select_bar.png"
        },
        "icon.image": {
            "normal": "tabmenu4.png",
            "pressed": "tabmenu4_on.png #e51c24",
            "selected": "tabmenu4_on.png #e51c24"
        }
    },
    "myhome.topSlideMenu.bgLine": {"image": "tm_sort_line.png"},
    "line.tableview.sectionheader": {
        "body.color": "#fffad7",
        "collapsedIcon.image": "category_arrow_02.png #e1d9a2",
        "expandedIcon.image": "category_arrow_01.png #e1d9a2",
        "separatorBar.color": "#f2ebb7",
        "fontSize": 12,
        "text.shadow": {
            "normal": "#ffffff,0.1",
            "offset": "0px 0px"
        },
        "fontWeight": "bold",
        "text.color": "#c4b96e"
    },
    "line.chat.cell.callMessage.receive.linecallLabel": {
        "fontSize": 8,
        "fontWeight": "bold",
        "text.color": "#5d4d3f"
    },
    "line.tableview.cell.chatlist.favorite": {"image": "icon_favorite.png #c4b96e"},
    "line.chat.spammerWarningView.label": {
        "fontSize": 12,
        "text.shadow": {
            "normal": "#ffffff, 0.1",
            "offset": "0px 0px"
        },
        "text.color": "#ffffff"
    },
    "line.navigationBar.buddyHome.landscape": {
        "loadStyle": "line.navigationBar.normal.landscape",
        "size": "27px 28px",
        "icon.image": {
            "normal": "tm_topbar_btn_home.png",
            "pressed": "tm_topbar_btn_home.png"
        }
    },
    "line.friend.multiInvite.cancelButton": {"loadStyle": "line.friend.bulkEdit.hide"},
    "myhome.tableview.cell.recommend.separator": {"background.color": {"normal": "#f3efb5"}},
    "myhome.tableview.cell.footer.shadowImage": {"image": "tm_commentbg_cornershadow.png 1px 1px"},
    "myhome.topSlideMenu.button.sticker": {
        "icon.image": {
            "normal": "tm_sticker.png",
            "pressed": "tm_sticker_pressed.png"
        },
        "fontSize": 10,
        "title.edgeInsets": "0px 4px 0px 0px",
        "fontWeight": "bold",
        "text.color": {
            "normal": "#d1ba7c",
            "pressed": "#cbc072"
        }
    },
    "line.chat.onAir.titleLabel": {
        "fontSize": 11,
        "text.shadow": {
            "normal": "#999999, 0.1",
            "offset": "0px 0px"
        },
        "fontWeight": "bold",
        "text.color": "#a7956a"
    },
    "line.chat.cell.e2eeMessage.recv.description": {
        "fontSize": 13,
        "text.color": "#aea69f"
    },
    "line.chat.room.topDropMenu": {
        "image.landscape.bgTab": "wi_chattop_bg_tab.png 7px 0px",
        "image.portrait.bg": "chattop_bg.png 7px 0px",
        "image.portrait.bgTab": "chattop_bg_tab.png 7px 0px",
        "image.landscape.bg": "wi_chattop_bg.png 7px 0px"
    },
    "line.profileImage": {
        "smallUser.image": "unknown_user_small_01.png",
        "largeGroup.image": "unknown_group_large.png",
        "smallGroup.image": "unknown_group_small.png",
        "largeUser.image": "unknown_user_large_01.png"
    },
    "line.group.home.guide.image": {"image": "default_friend_mc01.png"},
    "line.navigationBar.manage": {
        "content.edgeInsets": "0px 0px 0px 0px ",
        "loadStyle": "line.navigationBar.normal.portrait",
        "size": "47px 30px",
        "icon.image": {
            "normal": "navigation_icon_03.png",
            "pressed": "navigation_icon_03.png"
        }
    },
    "line.chat.spammerView.button": {
        "background.image": {
            "normal": "btn_talk_01_board.png 8px 0px",
            "pressed": "btn_talk_01_board_tab.png 8px 0px"
        },
        "fontSize": 14,
        "text.shadow": {
            "normal": "#000000, 0.0",
            "offset": "0px 0px"
        },
        "fontWeight": "bold",
        "text.color": "#917c54"
    },
    "line.notificationCenter.popup": {
        "retry.image": "tm_none_image.png",
        "nodata.image": "default_friend_mc01.png",
        "border.image": "tm_noti_bg.png 38px 30px"
    },
    "line.friend.multiInvite.inviteButton": {"loadStyle": "line.friend.bulkEdit.block"},
    "line.navigationBar.back.portrait": {
        "content.edgeInsets": "0px -2px 0px 8px",
        "background.image": {
            "normal": "navigation_btn_02.png 16px 0px",
            "pressed": "navigation_btn_02_01.png 16px 0px"
        },
        "icon.image": {
            "normal": "navigation_icon_05.png",
            "pressed": "navigation_icon_05.png"
        }
    },
    "line.search.inProgress": {"text.color": "#c4b96e"},
    "myhome.navigationBar.button.dashboard": {
        "content.edgeInsets": "0px 2px 0px -2px",
        "background.image": {
            "normal": "navigation_btn_02.png 16px 0px",
            "pressed": "navigation_btn_02_01.png 16px 0px",
            "selected": "navigation_btn_02.png 16px 0px"
        },
        "icon.image": {
            "normal": "top_gr_menu_group_normal.png",
            "pressed": "top_gr_menu_group_press.png",
            "selected": "top_gr_menu_group_press.png"
        }
    },
    "myhome.tableview.cell.officialProfile.descLabel": {
        "fontSize": 12,
        "text.color": "#574739"
    },
    "line.tableview.cell.friend.addRecommended": {
        "font.size": 11,
        "background.image": {
            "normal": "button_type_gray_normal.png 7px 7px",
            "pressed": "button_type_gray_pressed.png 7px 7px"
        },
        "icon.image": {"normal": "friend_add_invite_icon.png #594737"}
    },
    "line.tableview.sectionheader.buddy": {
        "loadStyle": "line.tableview.sectionheader",
        "fontSize": 12
    },
    "line.chat.cell.groupboard.recv": {
        "loadStyle": "line.chat.cell.recvBubble",
        "goButtonTextFontSize": 11,
        "postText.color": "#594737",
        "arrowIcon.image": "speech_bubble_group_icon_arrow.png #ebe1e0",
        "border.image": "speech_bubble_image_border.png 1px 1px",
        "tailText.color": "#aea69f",
        "defaultPhoto.image": "speech_icon_error_p.png",
        "defaultSticker.image": "speech_icon_error_s.png",
        "goButtonTextFontWeight": "bold",
        "addressText.shadow": {
            "normal": "#ffffff, 0.1",
            "offset": "0px 0px"
        },
        "addressTextFontSize": 13,
        "addressFlagIcon.image": "mapinfo_chat_flag.png",
        "goButtonText.color": "#aea69f",
        "tailText.shadow": {"offset": "0px 0px"},
        "addressText.color": "#5d4d3f",
        "defaultVideo.image": "speech_icon_error_v.png",
        "goButtonText.shadow": {
            "normal": "#000000, 0.0",
            "offset": "0px 0px"
        }
    },
    "myhome.tableview.cell.merge.arrow.adButton": {"icon.image": {"normal": "tm_ad_icon_arrow.png #d7c387"}},
    "line.group.dashboard.popup.title": {
        "fontSize": 13,
        "text.color": "#9e8b5e"
    },
    "line.tableview.cell.chatlist.unreadCount": {
        "background.image": "talklist_bt.png 11px 0px",
        "fontSize": 14,
        "text.shadow": {
            "normal": "#3c1305,0.0",
            "offset": "0px 0px"
        },
        "fontWeight": "bold",
        "text.color": "#ffffff"
    },
    "myhome.tableview.cell.footer.title": {"text.color": {"normal": "#9e8b5e"}},
    "line.search.RecentsClose": {"icon.image": "search_list_delete.png #ebd8a3"},
    "myhome.group.edit.addFriends": {
        "background.image": {
            "normal": "btn_homewrite01.png 6px 0px",
            "pressed": "btn_homewrite01_press.png 6px 0px"
        },
        "fontSize": 14,
        "text.shadow": {
            "normal": "#ffffff, 0.0",
            "offset": "0px 0px"
        },
        "plusIcon.image": "btn_icon_homewrite02.png #ffffff",
        "fontWeight": "bold",
        "text.color": "#ffffff"
    },
    "line.chat.cell.info.text": {
        "fontSize": 10,
        "fontWeight": "bold",
        "text.color": "#ffffff"
    },
    "line.friend.recommend.addFriendPanel": {
        "qrCodeIcon.image": "icon_qrcode.png",
        "image": "tpye_bg_02.png 4px 40px",
        "shakeItIcon.image": "icon_shake.png",
        "searchBackground.image": {
            "normal": "tpye_bg_04.png",
            "pressed": "tpye_bg_04_02.png"
        },
        "searchIcon.image": "icon_idsearch.png",
        "fontSize": 11,
        "qrCodeBackground.image": {
            "normal": "tpye_bg_02.png",
            "pressed": "tpye_bg_02_02.png"
        },
        "shakeItBackground.image": {
            "normal": "tpye_bg_03.png",
            "pressed": "tpye_bg_03_03.png"
        },
        "fontWeight": "bold",
        "groupAddBackground.image": {
            "normal": "tpye_bg_01.png",
            "pressed": "tpye_bg_01_02.png"
        },
        "groupAddIcon.image": "icon_group.png",
        "text.color": "#9e8b5e"
    },
    "line.officialAccount.bottom": {
        "icon.image": "button_plusicon.png #ffffff",
        "background.color": {
            "normal": "@TableViewCellBackgroundColor",
            "pressed": "@TableViewPressedBackgroundColor"
        },
        "fontSize": 15,
        "text.shadow": {
            "normal": "#222222,0.0",
            "offset": "0px 0px"
        },
        "fontWeight": "bold",
        "text.color": "#3a3a37"
    },
    "myhome.tableview.cell.footer.dotImage": {"image": "tm_feed_pimg.png #cec29a"},
    "line.tabControl.divideline": {"image": "tabmenu4_line.png"},
    "line.friend.recommend.makeGroup.subLabel": {"text.color": {"normal": "#c4b96e"}},
    "line.chat.cell.linkMessage.recv": {
        "loadStyle": "line.chat.cell.recvBubble",
        "descriptionText.color": "#5d4d3f",
        "openButtonText.color": "#aea69f",
        "openButtonText.shadow": {
            "normal": "#222222, 0.1",
            "offset": "0px 0px"
        },
        "arrowIcon.image": "speech_bubble_app_icon_arrow.png #ebe1e0",
        "border.image": "thumbnail_shadow_a.png",
        "descriptionText.shadow": {
            "normal": "#222222, 0.1",
            "offset": "0px 0px"
        },
        "durationText.color": "#5d4d3f",
        "durationText.shadow": {
            "normal": "#222222, 0.1",
            "offset": "0px 0px"
        }
    },
    "line.navigationBar.groupboard.portrait": {
        "content.edgeInsets": "8px 0px -8px 0px",
        "loadStyle": "line.navigationBar.normal.portrait",
        "size": "28px 20px",
        "icon.image": {
            "normal": "navigation_btn_icon_02.png",
            "pressed": "navigation_btn_icon_02.png"
        }
    },
    "line.chat.Photocommentbutton": {
        "background.image": {
            "normal": "chat_btn_icon_04.png",
            "pressed": "chat_btn_icon_05.png"
        },
        "icon.image": {
            "normal": "chat_btn_icon_camera.png",
            "pressed": "chat_btn_icon_camera.png"
        }
    },
    "line.chat.cell.callMessage.send.infoLabel": {
        "fontSize": 11,
        "fontWeight": "bold",
        "text.color": "#ae9a5c"
    },
    "line.chat.room.background": {
        "image": "skin_a_01_01__A_1.png",
        "contentMode": "bottomright",
        "background.color": "#fffad7"
    },
    "myhome.tableview.cell.nodataImage": {"image": "tm_error_ico_1.png"},
    "myhome.tableview.cell.officialProfile.backgroundImage": {"image": "hlist_noti_bg.png 8px 8px"},
    "line.navigationBar.stickerShare": {
        "loadStyle": "line.navigationBar.normal.portrait",
        "size": "36px 30px",
        "icon.image": {
            "normal": "navi_icon_share_nor.png",
            "pressed": "navi_icon_share_nor.png"
        }
    },
    "line.welcomeView.inviteButton": {
        "background.image": {
            "normal": "welcom_default_btn_normal.png 5px 5px",
            "pressed": "welcom_default_btn_press.png 5px 5px"
        },
        "fontSize": 15,
        "text.shadow": {
            "normal": "#3c1305,0.0",
            "offset": "0px 0px"
        },
        "fontWeight": "bold",
        "text.color": "#9e8b5e"
    },
    "myhome.error.page": {
        "image": "tm_none_image.png",
        "fontSize": 13,
        "text.color": "#c4b96e"
    },
    "myhome.tableview.cell.header.nicknameButton": {
        "fontSize": 12,
        "text.shadow": {
            "normal": "#ffffff, 0.0",
            "offset": "0px 0px"
        },
        "fontWeight": "bold",
        "text.color": {"normal": "#594737"}
    },
    "myhome.tableview.cell.merge.separator": {"background.color": {"normal": "#f3efb5"}},
    "line.tabBar.timeline": {
        "loadStyle": "line.tabBar.badgeText",
        "event.image": "line_GNB_03_newpost.png",
        "icon.image": {
            "normal": "line_GNB_03.png",
            "selected": "line_GNB_03_on.png"
        },
        "text.shadow": {
            "normal": "#000000,0.0",
            "offset": "0px 0px"
        }
    },
    "line.search.result.service.cell.downloadButton": {
        "loadStyle": "line.tableview.cell.friend.addRecommended",
        "icon.image": "search_download_icon.png #594737"
    },
    "line.chat.spammerView.nameLabel": {
        "fontSize": 15,
        "fontWeight": "bold",
        "text.color": "#594737"
    },
    "line.tableview.cell.contact": {
        "loadStyle": "line.tableview.cell.friend",
        "phoneNumberText.color": "#c4b96e"
    },
    "line.tableview.chatlist": {
        "background.color": "#fffad7",
        "separator.color": "#f8f1ae"
    },
    "line.chat.cell.presentMessage.send.bubbleView": {"image": "gbubble.png 15px 15px"},
    "line.tabBar.call": {
        "loadStyle": "line.tabBar.badgeText",
        "icon.image": {
            "normal": "line_GNB_04.png",
            "selected": "line_GNB_04_on.png"
        }
    },
    "line.tableview.cell.myProfile": {
        "statusMessageBackground.image": {"normal": "friends_list_balloon_01.png 27px 0px"},
        "loadStyle": "line.tableview.cell.friend",
        "statusMessageEdgeInset": "0px 15px 0px 0px"
    },
    "line.search.result.highlight": {"text.color": "#ee896a"},
    "line.chat.cell.musicMessage.recv": {
        "loadStyle": "line.chat.cell.recvBubble",
        "textLabel.color": "#aea69f",
        "playlist.image": "music_icon_playlist_recve.png",
        "thumbBorder.image": "music_thumbnail_border.png",
        "topic.image": "music_icon_topic_recve.png",
        "titleLabel.color": "#5d4d3f",
        "serviceNameLabel.color": "#aea69f"
    },
    "myhome.tableview.cell.recallUser.shadow": {"image": "us_shadow.png 0px 0px"},
    "myhome.grouphome.tooltip.titleButton": {
        "content.edgeInsets": "5px 0px 0px 0px",
        "background.image": {
            "normal": "gr_btn_popup_01_nor.png 6px 14px",
            "normal.selected": "gr_btn_popup_03_nor.png 5px 14px"
        },
        "fontSize": 11,
        "title.edgeInsets": "10px 10px 10px 10px",
        "text.color": "#917c54"
    },
    "line.chat.edit.deleteButton": {"loadStyle": "line.friend.bulkEdit.block"},
    "myhome.navigationBar.button.posts.landscape": {
        "content.edgeInsets": "0px 6px 0px -6px",
        "background.image": {
            "normal": "navigation_btn_02.png 7px 0px",
            "pressed": "navigation_btn_02_tab.png 7px 0px"
        },
        "icon.image": {
            "normal": "navigation_btn_icon_02.png",
            "pressed": "navigation_btn_icon_02.png"
        }
    },
    "line.chat.room.topDropButton.landscape": {
        "content.edgeInsets": "0px 0px 0px 0px",
        "size": "40px 25px",
        "icon.image": {
            "normal": "chattop_bt_icon01.png",
            "selected": "chattop_bt_icon02.png"
        }
    },
    "myhome.grouphome.tooltip.separator": {"background.color": "#ffe692"},
    "myhome.navigationBar.button.complete": {
        "content.edgeInsets": "0px 13px 0px 13px",
        "background.image": {
            "normal": "navigation_btn_02.png 16px 0px",
            "pressed": "navigation_btn_02_01.png 16px 0px",
            "dimmed": "navigation_btn_02.png 16px 0px"
        },
        "fontSize": 16,
        "text.shadow": {
            "normal": "#222222, 0.0",
            "offset": "0px 0px",
            "pressed": "#222222, 0.0",
            "dimmed": "#222222, 0.0"
        },
        "fontWeight": "bold",
        "text.color": {
            "normal": "#9e8b5e",
            "pressed": "#9e8b5e",
            "dimmed": "#9e8b5e, 0.4"
        }
    },
    "myhome.topSlideMenu.button.write": {
        "icon.image": {
            "normal": "tm_write.png",
            "pressed": "tm_write_pressed.png"
        },
        "fontSize": 10,
        "title.edgeInsets": "0px 2px 0px 0px",
        "fontWeight": "bold",
        "text.color": {
            "normal": "#d1ba7c",
            "pressed": "#cbc072"
        }
    },
    "line.chat.cell.messageTime": {
        "fontSize": 9,
        "text.color": "#d5cb84"
    },
    "line.chat.cell.fileMessage.recv": {
        "loadStyle": "line.chat.cell.recvBubble",
        "descText.color": "#5d4d3f",
        "descFontWeight": "bold",
        "fileSizeFontSize": 10,
        "durationText.color": "#aea69f",
        "arrawIcon.image": "friend_balloon_more.png #ebe1e0",
        "durationFontWeight": "bold",
        "fileSizeText.color": "#aea69f",
        "fileSizeText.shadow": {"offset": "0px 0px"},
        "descText.shadow": {"offset": "0px 0px"},
        "durationFontSize": 10,
        "descFontSize": 13,
        "fileIcon.image": "icn_send_file01.png #7d7165",
        "durationText.shadow": {"offset": "0px 0px"},
        "fileSizeFontWeight": "bold"
    },
    "line.chat.cell.groupboard.sent": {
        "loadStyle": "line.chat.cell.sendBubble",
        "goButtonTextFontSize": 11,
        "postText.shadow": {
            "normal": "#000000, 0.0",
            "offset": "0px 0px"
        },
        "postText.color": "#594737",
        "arrowIcon.image": "speech_bubble_group_icon_arrow.png #dfc079",
        "border.image": "speech_bubble_image_border.png 1px 1px",
        "tailText.color": "#bc8f5a",
        "defaultPhoto.image": "speech_icon_error_p.png",
        "defaultSticker.image": "speech_icon_error_s.png",
        "goButtonTextFontWeight": "bold",
        "addressText.shadow": {
            "normal": "#000000, 0.0",
            "offset": "0px 0px"
        },
        "addressTextFontSize": 13,
        "addressFlagIcon.image": "mapinfo_chat_flag.png",
        "goButtonText.color": "#ae9a5c",
        "addressText.color": "#5d4929",
        "defaultVideo.image": "speech_icon_error_v.png",
        "goButtonText.shadow": {
            "normal": "#ffffff, 0.0",
            "offset": "0px 0px"
        }
    },
    "line.tableview.cell.buddy": {
        "statusMessageBackground.image": {"normal": "friends_recom_balloon.png 8px 8px"},
        "loadStyle": "line.tableview.cell.friend",
        "statusMessageEdgeInset": "0px -3px -1px 3px"
    },
    "line.more.statusbar": {"background.color": "#fff4a9"},
    "line.share.writeHome.background": {"image": "bg_homewrite01.png"},
    "line.privateChat.cell.blindBubble": {
        "loadStyle": "line.privateChat.cell.bubble",
        "arrow.image": "private_chat_arrow.png #574739",
        "background.image": "private_chat_bubble.png 15px 15px",
        "fontSize": 15,
        "fontWeight": "bold",
        "text.color": "#915c58"
    },
    "myhome.navigationBar.button.notification": {
        "content.edgeInsets": "0px -2px 0px 2px",
        "background.image": {
            "normal": "navigation_btn_02.png 16px 0px",
            "pressed": "navigation_btn_02_01.png 16px 0px"
        },
        "icon.image": {
            "normal": "line_header_icon04.png",
            "pressed": "line_header_icon04_press.png",
            "selected": "line_header_icon04_press.png"
        }
    },
    "line.chat.room": {
        "image.thumbnail.mask.send": "image_02_shape_02_right.png 25px 25px",
        "color.cellText": "#594737",
        "image.thumbnail.mask.receive": "image_02_shape_01_left.png 25px 25px",
        "image.speaker": "icon_speaker_02.png"
    },
    "line.tableview.cell.callRecentlist.time": {
        "fontSize": 11,
        "text.color": {
            "normal": "#d5cb84",
            "pressed": "#d5cb84"
        }
    },
    "line.chat.onAir.contentLabel": {
        "fontSize": 13,
        "text.shadow": {
            "normal": "#333333, 0.0",
            "offset": "0px 0px"
        },
        "fontWeight": "bold",
        "text.color": "#a7956a"
    },
    "line.searchBar": {
        "canceButtonFontSize": 16,
        "cancelButton.image": {
            "normal": "searchbar_btn_cancel.png 16px 15px",
            "pressed": "searchbar_btn_cancel_on.png 16px 16px"
        },
        "cancelButtonText.shadow": {
            "normal": "#222222,0.0",
            "offset": "0px 0px"
        },
        "background.image": "searchbar_bg.png 0px 22px",
        "searchbarTextFieldBackground.image": "searchbar_input_bg.png",
        "background.color": "#fff5bb",
        "statusBarStyle": "black",
        "text.color": "#574631",
        "placeHolderText.color": "#c8bb95",
        "cancelButtonText.color": "#9e8b5e",
        "fontSize": 14,
        "cancelButtonFontWeight": "normal",
        "searchbarTextFieldLeftView.image": "searchbar_icon_search.png",
        "fontWeight": "bold",
        "clearButton.image": {
            "normal": "searchbar_btn_clear.png",
            "pressed": "searchbar_btn_clear_on.png"
        }
    },
    "line.navigationBar.addGroup": {
        "content.edgeInsets": "0px 0px 0px 0px",
        "loadStyle": "line.navigationBar.normal.portrait",
        "size": "54px 30px",
        "icon.image": {
            "normal": "navigation_icon_07.png",
            "pressed": "navigation_icon_07.png"
        }
    },
    "line.tableview.sectionheader.buddy.moreButton": {
        "background.color": "#d5cc7e",
        "fontSize": 10,
        "fontWeight": "bold",
        "text.color": "#ffffff"
    },
    "myhome.topSlideMenu.shadowImage": {"image": "tm_loading_shadow.png 0px 0px"},
    "myhome.navigationBar.button.posts": {
        "content.edgeInsets": "0px 6px 0px -6px",
        "background.image": {
            "normal": "navigation_btn_02.png 7px 0px",
            "pressed": "navigation_btn_02_tab.png 7px 0px"
        },
        "icon.image": {
            "normal": "navigation_btn_icon_02.png",
            "pressed": "navigation_btn_icon_02.png"
        }
    },
    "line.group.dashboard.popup.moreButton": {"icon.image": "gr_member_icon_setting.png #9e8b5e"},
    "line.navigationBar.buddyHome.portrait": {
        "content.edgeInsets": "0px 1px 0px -1px",
        "loadStyle": "line.navigationBar.normal.portrait",
        "size": "30px 36px",
        "icon.image": {
            "normal": "tm_topbar_btn_home.png",
            "pressed": "tm_topbar_btn_home.png"
        }
    },
    "line.search.detailView.navigationBar.button.back.portrait": {
        "content.edgeInsets": "0px 10px 0px 10px",
        "loadStyle": "line.navigationBar.back.portrait",
        "icon.image": {
            "normal": "navigation_icon_05.png #9e8b5e",
            "pressed": "navigation_icon_05.png #9e8b5e"
        }
    },
    "line.tableview.cell.more.banner.mainText": {"text.color": "#594737"},
    "line.tableview.cell.group": {
        "loadStyle": "line.tableview.cell",
        "groupMembersCountText.shadow": {
            "normal": "#ffffff,0.5",
            "offset": "0px 0px"
        },
        "text.shadow": {
            "normal": "#ffffff,0.0",
            "offset": "0px 0px"
        },
        "groupMembersCountText.color": "#594737",
        "groupMembersCountTextFontSize": 10,
        "text.color": {
            "normal": "#594737",
            "pressed": "#594737"
        }
    },
    "line.chat.cell.contactMessage.arrow": {"image": "friend_balloon_more.png #dfc079"},
    "line.chat.cell.presentMessage.receive.button": {
        "background.image": {
            "normal": "btn_wbubble.png 7px 0px",
            "pressed": "btn_wbubble_over.png 7px 0px"
        },
        "fontSize": 13,
        "text.shadow": {
            "normal": "#ffffff, 0.1",
            "offset": "0px 0px"
        },
        "fontWeight": "bold",
        "text.color": "#9e8b5e"
    },
    "line.chat.cell.readCount": {"loadStyle": "line.chat.cell.messageTime"},
    "myhome.tableview.cell.merge.header": {"text.color": {"normal": "#594737"}},
    "line.search.detailView.navigationBar.button.back.landscape": {
        "content.edgeInsets": "0px 10px 0px 10px",
        "loadStyle": "line.navigationBar.back.landscape",
        "icon.image": {
            "normal": "navigation_icon_05.png #9e8b5e",
            "pressed": "navigation_icon_05.png #9e8b5e"
        }
    },
    "line.multi.userselect.name": {
        "fontSize": 11,
        "text.color": "#594737"
    },
    "line.chat.room.topDropButton.portrait": {
        "content.edgeInsets": "0px 0px 0px 0px",
        "size": "45px 38px",
        "icon.image": {
            "normal": "chattop_bt_icon01.png",
            "selected": "chattop_bt_icon02.png"
        }
    },
    "line.notificationCenter.popup.title": {
        "fontSize": 13,
        "text.shadow": {
            "normal": "#222222, 0.0",
            "offset": "0px 0px"
        },
        "fontWeight": "Bold",
        "text.color": "#9e8b5e"
    },
    "line.chat.memberList": {
        "image.background": "background_members_chat.png 1px 0px",
        "image.arrow": "arrow_right_03.png #f1e592"
    },
    "line.navigationBar.back.chatWithNumber.landscape": {
        "content.edgeInsets": "0px 5px 0px 0px",
        "loadStyle": "line.navigationBar.back.landscape",
        "fontSize": 16,
        "title.edgeInsets": "0px -8px 0px 0px",
        "text.color": "#8D7A49"
    },
    "line.chat.voiceTalk.message.talkButton": {
        "fontSize": 12,
        "text.shadow": {
            "normal": "#000000, 0.0",
            "offset": "0px 0px"
        },
        "fontWeight": "bold"
    },
    "line.navigationBar.groupboard.landscape": {
        "loadStyle": "line.navigationBar.normal.landscape",
        "size": "20px 28px",
        "icon.image": {
            "normal": "navigation_btn_icon_02_landscape.png",
            "pressed": "navigation_btn_icon_02_landscape.png"
        }
    },
    "line.chat.sendButton": {
        "background.image": {
            "normal": "btn_chat_send_01.png 8px 0px",
            "pressed": "btn_chat_send_02.png 8px 0px",
            "dimmed": "btn_chat_send_01.png 8px 0px"
        },
        "fontSize": 12,
        "text.shadow": {
            "normal": "#000000, 0.0",
            "offset": "0px 0px",
            "dimmed": "#000000, 0.0"
        },
        "fontWeight": "bold",
        "text.color": {
            "normal": "#917c54",
            "dimmed": "#917c54, 0.5"
        }
    },
    "myhome.navigationBar.badgeTitle": {
        "fontSize": 11,
        "fontWeight": "bold"
    },
    "line.chat.cell.fileMessage.sent": {
        "loadStyle": "line.chat.cell.sendBubble",
        "descText.color": "#5d4929",
        "descFontWeight": "bold",
        "fileSizeFontSize": 10,
        "durationText.color": "#ae9a5c",
        "arrawIcon.image": "friend_balloon_more.png #dfc079",
        "durationFontWeight": "bold",
        "fileSizeText.color": "#ae9a5c",
        "fileSizeText.shadow": {"offset": "0px 0px"},
        "descText.shadow": {"offset": "0px 0px"},
        "durationFontSize": 10,
        "descFontSize": 13,
        "fileIcon.image": "icn_send_file01.png #7d693e",
        "durationText.shadow": {"offset": "0px 0px"},
        "fileSizeFontWeight": "bold"
    },
    "line.search.result.function": {
        "loadStyle": "line.tableview.cell.friend",
        "icon.tintColor": "#594737"
    },
    "line.welcomeView.title": {
        "textAlignment": "center",
        "fontSize": 18,
        "text.shadow": {
            "normal": "#ffffff,0.1",
            "offset": "0px 0px"
        },
        "text.color": "#594737"
    },
    "myhome.topSlideMenu.news": {
        "background.image": {
            "normal": "btn_bg.png 20px 0px",
            "pressed": "btn_bg_press.png 20px 0px "
        },
        "icon.image": {
            "normal": "btn_icon.png",
            "pressed": "btn_icon.png"
        },
        "text.color": "#9e8b5e"
    },
    "line.navigationBar.chargeCoin": {
        "background.image": {
            "normal": "navigation_btn_02.png 16px 0px",
            "pressed": "navigation_btn_02_01.png 16px 0px"
        },
        "fontSize": 16,
        "text.shadow": {
            "normal": "#222222,0.0",
            "offset": "0px 0px"
        },
        "fontWeight": "bold",
        "text.color": "#222222"
    },
    "line.chat.cell.voiceMessage.recv": {
        "loadStyle": "line.chat.cell.recvBubble",
        "pauseButton.image": {
            "normal": "ico_gray_pause.png #aea69f",
            "pressed": "ico_gray_pause.png #5d4d3f"
        },
        "loadingIndicator.color": "#5d4d3f",
        "playing.image": {
            "icon03.image": "ico_gray_speak_02.png",
            "icon01.image": "ico_gray_speak.png",
            "icon04.image": "ico_gray_speak_03.png",
            "icon02.image": "ico_gray_speak_01.png"
        },
        "horizontalSeperator.image": "bg_gray_partition_horizontal01.png",
        "playButton.image": {
            "normal": "ico_gray_play.png #aea69f",
            "pressed": "ico_gray_play.png #5d4d3f",
            "disabled": "ico_gray_play.png #aea69f"
        },
        "expired.image": "novoice_icon_02.png",
        "text.color": {
            "normal": "#aea69f",
            "pressed": "#5d4d3f"
        },
        "loadingIndicatorType": "gray",
        "exportButton.image": {
            "normal": "ico_gray_export.png #aea69f",
            "pressed": "ico_gray_export.png #aea69f",
            "dimmed": "ico_gray_export_inactive.png #aea69f"
        },
        "fontSize": 20,
        "verticalSeperator.image": "bg_gray_partition_vertical01.png",
        "text.shadow": {
            "normal": "#ffffff, 0.1",
            "offset": "0px 0px"
        },
        "colon.image": {
            "normal": "voice_count_B.png #aea69f",
            "pressed": "voice_count_B_tap.png #5d4d3f"
        },
        "fontWeight": "bold",
        "speaker.image": "ico_gray_speak.png"
    },
    "line.friend.bulkEdit.block": {
        "background.image": {
            "normal": "fredit_bt_1.png 5px 0px",
            "pressed": "fredit_bt_1_tap.png 5px 0px",
            "dimmed": "fredit_bt_1_tap.png 5px 0px"
        },
        "fontSize": 14,
        "text.shadow": {
            "normal": "#000000, 0.0",
            "offset": "0px 0px"
        },
        "fontWeight": "bold",
        "text.color": {
            "normal": "#ffffff",
            "dimmed": "#ffffff, 0.4"
        }
    },
    "line.friend.recommend.makeGroup.titleLabel": {
        "fontSize": 15,
        "text.shadow": {
            "normal": "#ffffff,0.1",
            "offset": "0px 0px"
        },
        "text.color": {"normal": "#d5cb84"}
    },
    "myhome.tableview.cell.merge.arrow": {"image": "mf_btn_arrow.png #d7c387"},
    "line.group.home.album.optionButton": {"text.color": {
        "normal": "#c8b381",
        "pressed": "#9e8b5e",
        "selected": "#9e8b5e"
    }},
    "line.chat.cell.musicMessage.sent": {
        "loadStyle": "line.chat.cell.sendBubble",
        "textLabel.color": "#ae9a5c",
        "playlist.image": "music_icon_playlist_send.png",
        "thumbBorder.image": "music_thumbnail_border.png",
        "topic.image": "music_icon_topic_send.png",
        "titleLabel.color": "#5d4929",
        "serviceNameLabel.color": "#ae9a5c"
    },
    "line.navigationBar.keyPad": {
        "content.edgeInsets": "-3px 4px -3px -4px",
        "loadStyle": "line.navigationBar.normal.portrait",
        "size": "48px 31px",
        "icon.image": {
            "normal": "navi_icon_keypad_nor.png #9e8b5e",
            "pressed": "navi_icon_keypad_press.png #9e8b5e"
        }
    },
    "line.tableview.cell.call.contactlist": {
        "loadStyle": "line.tableview.cell",
        "image.call.back.quickButton": {
            "normal": "button_type_gray_normal.png 5px 5px",
            "pressed": "button_type_gray_pressed.png 5px 5px"
        },
        "lineoutIcon.image": {
            "normal": "list_call_icon_lineout.png #594737",
            "pressed": "list_call_icon_lineout.png #594737"
        },
        "freecallIcon.image": {
            "normal": "list_call_icon_freecall.png #594737",
            "pressed": "list_call_icon_freecall.png #594737"
        },
        "text.color": {
            "normal": "#594737",
            "pressed": "#ee896a"
        }
    },
    "myhome.topSlideMenu.button.photo": {
        "icon.image": {
            "normal": "tm_photo.png",
            "pressed": "tm_photo_pressed.png"
        },
        "fontSize": 10,
        "title.edgeInsets": "0px 5px 0px 0px",
        "fontWeight": "bold",
        "text.color": {
            "normal": "#d1ba7c",
            "pressed": "#cbc072"
        }
    },
    "line.friend.bulkEdit.hide": {
        "background.image": {
            "normal": "fredit_bt_2.png 5px 0px",
            "pressed": "fredit_bt_2_tap.png 5px 0px",
            "dimmed": "fredit_bt_2.png 5px 0px"
        },
        "fontSize": 14,
        "text.shadow": {
            "normal": "#000000, 0.0",
            "offset": "0px 0px",
            "pressed": "#000000, 0.0",
            "dimmed": "#000000, 0.0"
        },
        "fontWeight": "bold",
        "text.color": {
            "normal": "#917c54",
            "pressed": "#917c54",
            "dimmed": "#917c54, 0.45"
        }
    },
    "line.chat.edit.checkIcon": {"background.image": {
        "normal": "friend_check_off.png",
        "selected": "friend_check_on.png"
    }},
    "line.welcomeView": {
        "image.default02": "default_friend_mc01.png",
        "image.default03": "default_friend_mc01.png",
        "image.default04": "default_friend_mc01.png",
        "image.default05": "default_friend_mc01.png",
        "background.color": "#fffad7",
        "image.arrow": "arrow_image.png",
        "image.default01": "default_friend_mc01.png"
    },
    "line.passcode": {
        "title.text.color": "#594737",
        "inputHintMark2.image": "passcode_code_2b.png",
        "keypad.digit.pressed.color": "#ffeb90",
        "inputHintMark3.image": "passcode_code_2c.png",
        "keypad.delete.normal.color": "#917c54",
        "background.color": "#fffad7",
        "keypad.text.normal.color": "#917c54",
        "keypad.digit.color": "#917c54",
        "inputHintUnMark4.image": "passcode_code_1d.png",
        "keypad.background.color": "#fff4a9",
        "keypad.text.pressed.color": "#917c54",
        "inputHintMark4.image": "passcode_code_2d.png",
        "inputHintUnMark3.image": "passcode_code_1c.png",
        "keypad.delete.pressed.color": "#917c54",
        "inputHintUnMark1.image": "passcode_code_1.png",
        "description.text.color": "#594737, 0.4",
        "inputHintMark1.image": "passcode_code_2.png",
        "inputHintUnMark2.image": "passcode_code_1b.png"
    },
    "line.tableview.cell.chatlist.time": {
        "fontSize": 10,
        "text.shadow": {
            "normal": "#ffffff,0.1",
            "offset": "0px 0px"
        },
        "text.color": {
            "normal": "#c4b96e",
            "pressed": "#c4b96e"
        }
    },
    "line.group.home.addMember.inviteButton.smsImage": {"image": "gr_icon_sms.png #9e8b5e"},
    "line.privateChat.room.background": {
        "loadStyle": "line.chat.room.background",
        "image": "bg_private_chatroom.png",
        "contentMode": "scaleaspectratio"
    },
    "linealbum.navigationBar.button.list": {
        "content.edgeInsets": "0px 6px 0px -6px",
        "background.image": {
            "normal": "navigation_btn_02.png 7px 0px",
            "pressed": "navigation_btn_02_tab.png 7px 0px"
        },
        "icon.image": {
            "normal": "navigation_btn_icon_07.png",
            "pressed": "navigation_btn_icon_07.png"
        }
    },
    "line.friend.bulkEdit.bottom": {
        "image": "fredit_bg.png",
        "hideButtonNumberText.color": "#ffffff",
        "blockButtonNumberText.color": "#ffffff"
    },
    "line.chat.cell.autoresend": {"image": "autoresend_icon.png #d5cb84"},
    "line.tabBar.badgeText": {"text.shadow": {
        "normal": "#ffffff,0.0",
        "offset": "0px 0px"
    }},
    "line.navigationBar.addChat": {
        "content.edgeInsets": "0px 0px 0px 0px",
        "loadStyle": "line.navigationBar.normal.portrait",
        "size": "52px 38px",
        "icon.image": {
            "normal": "navigation_icon_04.png",
            "pressed": "navigation_icon_04.png"
        }
    },
    "line.chat.cell.callMessage.receive.infoLabel": {
        "fontSize": 11,
        "fontWeight": "bold",
        "text.color": "#aea69f"
    },
    "line.chat.cell.info.background": {"image": "bg_readpoint01.png 10px, 10px"},
    "line.tableview.cell.chatlist": {
        "loadStyle": "line.tableview.cell",
        "friendlistArrow.image": {"normal": "friendlist_arrow.png #e1d9a2"},
        "linecallIcon.image": "img_chatlist_freecall03.png #c6c6c6",
        "speakerIcon.image": "icon_speaker.png #c4b96e",
        "background.color": {
            "normal": "@TableViewCellBackgroundColor",
            "pressed": "@TableViewPressedBackgroundColor",
            "selected": "@TableViewPressedBackgroundColor"
        },
        "selectedCheckmark.image": {
            "normal": "friend_check_off.png",
            "selected": "friend_check_on.png"
        },
        "text.color": "#c4b96e"
    },
    "myhome.tableview.cell.header.label": {
        "offset": "0px 0px",
        "fontSize": 12,
        "fontWeight": "bold",
        "text.color": "#594737"
    },
    "line.tableview.cell.more.nohome": {
        "loadStyle": "line.tableview.cell.more.Btype",
        "text.shadow": {
            "normal": "#000000,0.0",
            "offset": "0px 0px"
        },
        "fontWeight": "bold",
        "text.color": "#6a2925"
    },
    "line.chat.edit.sendButton": {"loadStyle": "line.friend.bulkEdit.block"},
    "line.group.home.addMember.inviteButton": {"background.color": {
        "normal": "#fff7c0",
        "pressed": "#fff4a9"
    }},
    "line.more": {
        "payIcon.image": "icon_more_pay.png",
        "lineStoreIcon.image": "icon_more_linestore.png",
        "tintColor": "#9e8b5e",
        "lineAppIcon.image": "icon_more_lineapp.png",
        "freeCoinIcon.image": "icon_more_freecoin.png",
        "noticeIcon.image": "icon_more_notices.png",
        "alumniIcon.image": "icon_more_alumni.png",
        "settingsIcon.image": "icon_setting.png",
        "themeShopIcon.image": "icon_more_themeshop.png",
        "addFriendsIcon.image": "icon_addfriend.png",
        "gamesIcon.image": "icon_more_games.png",
        "officialIcon.image": "icon_more_Officialaccounts.png",
        "stickerShopIcon.image": "icon_more_Stickershop.png",
        "lineCallIcon.image": "icon_more_freecall.png",
        "giftShopIcon.image": "icon_more_giftshop.png"
    },
    "line.chat.cell.presentMessage.receive.bubbleView": {"image": "wbubble.png 15px 15px"},
    "line.recendRecommend.findContactButton": {
        "fontSize": 11,
        "text.color": {
            "normal": "#c4b96e",
            "pressed": "#c4b96e"
        }
    },
    "line.group.home.addMember.inviteButton.mailImage": {"image": "gr_icon_mail.png #9e8b5e"},
    "line.group.home.addMember.inviteButton.dividerView": {"background.color": "#fff7c0"},
    "myhome.tableview.cell.recallUser.commentText": {"text.color": {"normal": "#ee896a"}},
    "line.tableview.cell.callRecentlist": {
        "image.call.arrow.send": "list_call_arrow_send.png #d5cb84",
        "loadStyle": "line.tableview.cell",
        "image.call.type.icon.lineout": {
            "normal": "list_call_icon_lineout.png #594737",
            "pressed": "list_call_icon_lineout.png #594737"
        },
        "image.call.back.quickButton": {
            "normal": "button_type_gray_normal.png 5px 5px",
            "pressed": "button_type_gray_pressed.png 5px 5px"
        },
        "missedcall.text.color": "#ff3600",
        "image.call.arrow.receive": "list_call_arrow_receive.png #d5cb84",
        "image.call.type.icon.videocall": {
            "normal": "list_call_icon_videocall.png #594737",
            "pressed": "list_call_icon_videocall.png #594737"
        },
        "background.color": {
            "normal": "#fffad7",
            "pressed": "#fffad7",
            "selected": "#fffad7"
        },
        "fontSize": 16,
        "image.call.type.icon.freecall": {
            "normal": "list_call_icon_freecall.png #594737",
            "pressed": "list_call_icon_freecall.png #594737"
        },
        "text.color": "#594737"
    },
    "line.group.home.newAlbumButton": {"icon.image": {
        "normal": "gr_btn_album_bottom_normal.png",
        "pressed": "gr_btn_album_bottom_press.png"
    }},
    "line.sticker.manageMySticker.bottomButton.disable": {
        "loadStyle": "line.friend.bulkEdit.hide",
        "fontWeight": "bold",
        "text.color": {
            "normal": "#ffffff",
            "pressed": "#ffffff",
            "dimmed": "#ffffff, 0.45"
        }
    },
    "line.chat.cell.devideColor": {
        "cell.devideColor.Bottom": "#222222, 0.0",
        "cell.devideColor.Top": "#76332e, 0.1"
    },
    "line.navigationBar.edit": {"loadStyle": "line.navigationBar.normal.portrait"},
    "line.chat.cell.callMessage.send.linecallLabel": {
        "fontSize": 8,
        "fontWeight": "bold",
        "text.color": "#5d4929"
    },
    "line.chat.cell.e2eeMessage.send.lockIcon": {"image": "message_icon_e2ee.png #ae9a5c"},
    "line.chat.room.topDropMenu.menuName": {
        "fontSize": 11,
        "text.shadow": {
            "normal": "#333333, 0.0",
            "offset": "0px -0px",
            "dimmed": "#333333, 0.0"
        },
        "text.color": {
            "normal": "#917c54",
            "dimmed": "#917c54, 0.4"
        }
    },
    "myhome.tableview.cell.footer.shadowImageView": {"image": "tm_commentbg_cornershadow.png 1px 1px"},
    "line.tableview.sectionheader.addfriends": {"loadStyle": "line.tableview.sectionheader"},
    "line.chat.cell.e2eeMessage.recv.title": {
        "fontSize": 14,
        "text.color": "#aea69f"
    },
    "line.group.home.guide.subTitleLabel": {
        "fontSize": 12,
        "text.color": {"normal": "#999999"}
    },
    "line.chat.room.topDropMenu.icons": {
        "image.linecall.disable": "topmenu_call_off.png",
        "image.invitation.disable": "topmenu_02_off.png",
        "image.editName.disable": "topmenu_15_off.png",
        "image.recommend": "topmenu_16.png",
        "image.notification.on": "topmenu_03.png",
        "image.notification.on.disable": "topmenu_03_off.png",
        "image.settings": "topmenu_07.png",
        "image.posts": "topmenu_posts.png",
        "image.addGroup": "ip_new_icon01.png",
        "image.unblock": "topmenu_04_press.png",
        "image.hiddenChat": "topmenu_hiddenchat.png",
        "image.members.disable": "topmenu_members_off.png",
        "image.posts.disable": "topmenu_posts_off.png",
        "image.members": "topmenu_members.png",
        "image.hiddenChat.disable": "topmenu_hiddenchat_off.png",
        "image.editMessages.disable": "topmenu_17_off.png",
        "image.leaveRoom": "topmenu_10.png",
        "image.invitation": "topmenu_02.png",
        "image.notification.off.disable": "topmenu_03_press_off.png",
        "image.recommend.disable": "topmenu_16_off.png",
        "image.privateTimeset": "topmenu_timeset.png",
        "image.gallery": "topmenu_12.png",
        "image.leaveGroup": "topmenu_10.png",
        "image.album": "topmenu_13.png",
        "image.leaveGroup.disable": "topmenu_10_off.png",
        "image.album.disable": "topmenu_13_off.png",
        "image.notification.off": "topmenu_03_press.png",
        "image.unblock.disable": "topmenu_04_press.png",
        "image.addGroup.disable": "ip_new_icon02.png",
        "image.editMessages": "topmenu_17.png",
        "image.editName": "topmenu_15.png",
        "image.block": "topmenu_04.png",
        "image.linecall": "topmenu_call.png"
    },
    "line.chat.menu.attachment.item.statusView": {"image": "c_menu_linkage.png #d3be85"},
    "line.chat.cell.UrlCard.send": {
        "title.text.color": "#5d4929",
        "background.color": "#F8ED75",
        "sub.text.color": "#ae9a5c",
        "Outline.color": "#E3D342"
    },
    "myhome.error.button": {
        "background.image": {
            "normal": "default_friend_bnt01.png 5px 5px",
            "pressed": "default_friend_bnt01_press.png 5px 5px"
        },
        "fontSize": 13,
        "text.color": {"normal": "#9e8b5e"}
    },
    "line.chat.room.callButton.portrait": {
        "content.edgeInsets": "0px 14px 0px 0px",
        "size": "41px 38px",
        "icon.image": {
            "normal": "navi_icon_call_nor.png",
            "selected": "navi_icon_call_nor.png"
        }
    },
    "line.navigationBar.removeChat": {
        "loadStyle": "line.navigationBar.normal.portrait",
        "background.image": {
            "normal": "navigation_btn_02.png 16px 0px",
            "pressed": "navigation_btn_02_01.png 16px 0px",
            "dimmed": "navigation_btn_02.png 16px 0px"
        },
        "text.shadow": {
            "normal": "#222222, 0.0",
            "offset": "0px 0px",
            "pressed": "#222222, 0.0",
            "dimmed": "#222222, 0.0"
        },
        "text.color": {
            "normal": "#9e8b5e",
            "pressed": "#9e8b5e",
            "dimmed": "#9e8b5e, 0.5"
        }
    },
    "line.tableview.cell.addfriend": {
        "loadStyle": "line.tableview.cell.friend",
        "selectedCheckmark.image": {
            "normal": "friend_check_off.png",
            "selected": "friend_check_on.png"
        }
    },
    "myhome.tableview.cell.nodataLabel": {
        "fontSize": 14,
        "text.shadow": {
            "normal": "#ffffff,0.1",
            "offset": "0px 0px"
        },
        "text.color": "#d5cb84"
    },
    "line.share.writeHome.button": {
        "background.image": {
            "normal": "btn_homewrite01.png 6px 0px",
            "pressed": "btn_homewrite01_press.png 6px 0px"
        },
        "icon.image": "btn_icon_homewrite01.png",
        "fontSize": 14,
        "text.shadow": {
            "normal": "#ffffff,0.0",
            "offset": "0px 0px"
        },
        "fontWeight": "bold",
        "image.edgeInsets": "0px -5px 0px 0px",
        "text.color": {
            "normal": "#ffffff",
            "dimmed": "#ffffff, 0.4"
        }
    },
    "myhome.tableview.cell.footer.likelistButton": {"icon.image": {"normal": "tm_icon_more_normal.png #e1d9a2"}},
    "line.tableview.cell.chatlist.name": {
        "fontSize": 16,
        "text.color": {
            "normal": "#594737",
            "pressed": "#594737"
        }
    },
    "myhome.navigationBar.button.back.landscape": {
        "content.edgeInsets": "0px -7px 0px 7px",
        "background.image": {
            "normal": "width_header_bt02.png 15px 0px",
            "pressed": "width_header_bt02_tap.png 15px 0px"
        },
        "icon.image": {"normal": "navigation_icon_05_landscape.png"}
    },
    "line.tableview": {
        "background.color": "@TableViewBackgroundColor",
        "separator.color": "#f3efb5"
    },
    "line.chat.cell.soundImage": {"image": "icon_AniSticker_speaker.png #d5cb84"},
    "line.friend.recommend.makeGroup.lineColor": {"background.color": "#f8f1ad"},
    "line.navigationBar.back.chatWithNumber.portrait": {
        "content.edgeInsets": "0px 5px 0px 0px",
        "loadStyle": "line.navigationBar.back.portrait",
        "fontSize": 16,
        "title.edgeInsets": "0px -8px 0px 0px",
        "text.color": "#8D7A49"
    },
    "myhome.tableview.cell.header.groupButton": {
        "background.image": {
            "normal": "gr_btn_go_group_n.png 5px 5px",
            "pressed": "gr_btn_go_group_p.png 5px 5px"
        },
        "icon.image": {"normal": "gr_btn_icon_group.png #d5cb84"}
    },
    "line.chat.cell.e2eeMessage.send.title": {
        "fontSize": 14,
        "text.color": "#ae9a5c"
    },
    "line.searchBar.location": {"loadStyle": "line.searchBar"},
    "line.privateChat.cell.userName": {
        "fontSize": 10,
        "fontWeight": "bold",
        "text.color": "#d5cb84"
    },
    "line.search.detailView.navigationBar.cancelButton": {
        "content.edgeInsets": "0px 10px 0px 10px",
        "background.image": {
            "normal": "searchbar_btn_cancel.png 16px 15px",
            "pressed": "searchbar_btn_cancel_on.png 16px 16px"
        },
        "fontSize": 16,
        "text.shadow": {
            "normal": "#ffffff,0.0",
            "offset": "0px 0px"
        },
        "fontWeight": "normal",
        "text.color": "#9e8b5e"
    },
    "line.friend.multiInvite.bottom": {"image": "fredit_bg.png"},
    "myhome.navigationBar.button.common": {
        "content.edgeInsets": "0px 12px 0px 12px",
        "background.image": {
            "normal": "navigation_btn_02.png 16px 0px",
            "pressed": "navigation_btn_02_tab.png 15px 0px"
        },
        "fontSize": 16,
        "text.shadow": {
            "normal": "#222222, 0.0",
            "offset": "0px 0px",
            "pressed": "#222222, 0.0",
            "dimmed": "#222222, 0.0",
            "selected": "#222222, 0.0"
        },
        "fontWeight": "bold",
        "text.color": {
            "normal": "#9e8b5e",
            "pressed": "#9e8b5e",
            "dimmed": "#9e8b5e, 0.4",
            "selected": "#9e8b5e"
        }
    },
    "myhome.navigationBar.title": {
        "fontSize": 16,
        "text.shadow": {
            "normal": "#222222, 0.0",
            "offset": "0px 0px"
        },
        "fontWeight": "bold",
        "text.color": "#9e8b5e"
    },
    "line.group.dashboard.popup": {"image": "gr_noti_bg.png 7px 12px"},
    "line.group.home.member.nameLabel": {"text.color": "#222222"},
    "line.privateChat.titleView.lockImage": {"image": "ico_private_lock.png"},
    "myhome.navigationBar.title.timelineButton": {
        "icon.image": {
            "normal": "tm_topbar_menu_cur.png #9e8b5e",
            "selected": "tm_topbar_menu_cur_open.png #9e8b5e"
        },
        "fontSize": 16,
        "text.shadow": {
            "normal": "#222222, 0.0",
            "offset": "0px 0px"
        },
        "fontWeight": "bold",
        "text.color": {"normal": "#9e8b5e"}
    },
    "myhome.tableview.cell.footer.likeButton": {
        "icon.image": {
            "normal": "tm_icon_like.png",
            "selected": "tm_icon_like_on.png"
        },
        "text.color": {"normal": "#9e8b5e"}
    },
    "line.chat.attachButton": {
        "background.image": {
            "normal": "chat_btn_icon_04.png",
            "pressed": "chat_btn_icon_05.png",
            "selected": "chat_btn_icon_04.png"
        },
        "icon.image": {
            "normal": "chat_btn_icon_01.png",
            "pressed": "chat_btn_icon_01.png",
            "selected": "chat_btn_icon_02.png"
        }
    },
    "line.chat.menu.attachment": {"background.color": "#ecd177"},
    "line.navigationBar.mySticker": {
        "content.edgeInsets": "0px -20px 0px -20px",
        "loadStyle": "line.navigationBar.normal.portrait",
        "icon.image": {
            "normal": "navigation_icon_03.png",
            "pressed": "navigation_icon_03.png"
        }
    },
    "line.tabControl.underline": {"background.color": "#f1e592"},
    "myhome.tableview": {"background.image": "tm_bg.png"},
    "myhome.tableview.cell.pickFriendGuide": {
        "background.color": {"normal": "#fffad7"},
        "fontSize": 11,
        "text.color": {"normal": "#594737"}
    },
    "line.friend.recommend.makeGroup": {"background.image": {
        "normal": "group_bt_bg.png 1px 0px",
        "pressed": "group_bt_bg_press.png 1px 0px"
    }},
    "myhome.navigationBar.button.back": {
        "content.edgeInsets": "0px -4px 0px 4px",
        "background.image": {
            "normal": "navigation_btn_02.png 16px 0px",
            "pressed": "navigation_btn_02_01.png 16px 0px"
        },
        "icon.image": {"normal": "navigation_icon_05.png"}
    },
    "view.common": {
        "DefaultTextColor": "#594737",
        "TableViewSelectedBackgroundColor": "#fff8c9",
        "TableViewBackgroundColor": "#fffad7",
        "SeperatorColor": "#f2ebb7",
        "TableViewCellBackgroundColor": "#fffad7",
        "TableViewPressedBackgroundColor": "#fff8c9"
    },
    "line.friend.recommend.addfriends.addbutton": {
        "background.image": {
            "normal": "button_type_lightgreen_normal.png 5px 5px #ffeaa5",
            "pressed": "button_type_lightgreen_pressed.png 5px 5px #ffe692"
        },
        "text.color": "#9E8B5E"
    },
    "line.group.home.addMember.inviteButton.titleLabel": {"text.color": "#9e8b5e"},
    "myhome.tableview.cell.recallUser.separator": {"background.color": {"normal": "#f5f5f5"}},
    "line.tableview.cell.more.banner.subText": {"text.color": "#c4b96e"},
    "line.recendRecommend.line.icon": {"image": "call_text_line.png #00c63c"},
    "chat.activity.navigation.pageControl": {
        "inactive_dot_image": "navi_dot_off.png #9e8b5e",
        "disable_dot_image": "navi_dot_disable.png #cebf83",
        "active_dot_image": "navi_dot_on.png #9e8b5e",
        "dot_spacing": 6
    },
    "groupboard.navigationBar.button.multiBack.close": {
        "content.edgeInsets": "0px 12px 0px 10px",
        "background.image": {
            "normal": "navigation_btn_03_01_default.png 13px 0px",
            "pressed": "navigation_btn_03_01_select.png 13px 0px",
            "dimmed": "navigation_btn_03_01_select.png 13px 0px"
        },
        "fontSize": 16,
        "text.shadow": {
            "normal": "#222222, 0.0",
            "offset": "0px 0px",
            "pressed": "#222222, 0.0"
        },
        "text.color": {
            "normal": "#9e8b5e",
            "pressed": "#9e8b5e"
        }
    },
    "line.chat.richMessage.bubbleView": {"image": "rich_content_bg.png 6px 5px"},
    "line.tabControl.updatedot": {"background.color": "#ee896a"},
    "line.search.result.Shop": {
        "loadStyle": "line.tableview.cell.friend",
        "companyName.text.color": "#c4b96e",
        "coin.text.color": "#d30000",
        "subtext.color": "#c4b96e"
    },
    "myhome.navigationBar.title.likelistImage.portrait": {"image": "tm_end_like_more_img2.png #9e8b5e"},
    "line.chat.voicetalk.closeButton": {"background.image": {
        "normal": "voice_X_button.png",
        "pressed": "voice_X_button_tap.png"
    }},
    "line.navigationBar.normal.landscape": {"background.image": {
        "normal": "navigation_02_btn_02.png 15px 0px",
        "pressed": "navigation_02_btn_02_tab.png 15px 0px"
    }},
    "line.search.result.yellowPage.locationInfo": {
        "loadStyle": "line.tableview.cell",
        "Search.Setting.icon": {
            "normal": "search_yp_setting_normal.png #594737",
            "pressed": "search_yp_setting_pressed.png #594737"
        },
        "Search.Location.icon": {
            "normal": "search_yp_location_normal.png #594737",
            "pressed": "search_yp_location_pressed.png #594737"
        },
        "Location.name.text.color": "#594737"
    },
    "line.chat.cell.videoMessage.sent": {
        "loadStyle": "line.chat.cell.sendBubble",
        "playIcon.image": {
            "normal": "movie_play01.png",
            "pressed": "movie_play01_tap.png"
        },
        "errorIcon.image": "movie_play_error.png",
        "contentImage": "image_02_shape_02_right.png 25px 25px"
    },
    "line.chat.voiceTalk.message.talkButton.normal": {
        "loadStyle": "line.chat.voiceTalk.message.talkButton",
        "background.image": "voice_button.png 10px 17px",
        "text.color": "#917c54"
    },
    "line.chat.onAir": {
        "image": "user_bg_board.png 1px, 1px",
        "divide.image": "fanmeeting_line.png"
    },
    "line.navigationBar.sortingArrow": {"image": "top_sorting_arrow.png #9e8b5e"},
    "myhome.navigationBar.badgeImage": {"image": "top_number_noti.png 8px 0px"},
    "line.chat.cell.presentMessage": {
        "text.color.receive": "#5d4d3f",
        "text.color.send": "#5d4929"
    },
    "line.chat.cell.userName": {
        "loadStyle": "line.chat.cell.messageTime",
        "fontSize": 10,
        "fontWeight": "bold",
        "text.color": "#d5cb84"
    },
    "line.photo.list.newPhotoButton": {"icon.image": {
        "normal": "gr_btn_plus_bottom_normal.png",
        "pressed": "gr_btn_plus_bottom_pressed.png"
    }},
    "myhome.navigationBar.title.likelistImage.landscape": {"image": "tm_end_like_more_img2.png #9e8b5e"},
    "myhome.tableview.cell.footer.likelistLabel": {"text.color": "#e1d9a2"},
    "line.tabBar.chat": {
        "loadStyle": "line.tabBar.badgeText",
        "icon.image": {
            "normal": "line_GNB_02.png",
            "selected": "line_GNB_02_on.png"
        },
        "text.shadow": {
            "normal": "#000000,0.0",
            "offset": "0px 0px"
        }
    },
    "line.tabBar.more": {
        "loadStyle": "line.tabBar.badgeText",
        "icon.image": {
            "normal": "line_GNB_05.png",
            "selected": "line_GNB_05_on.png"
        },
        "text.shadow": {
            "normal": "#000000,0.0",
            "offset": "0px 0px"
        }
    },
    "line.chat.menu.attachment.notInstalledItem.title": {
        "loadStyle": "line.chat.menu.attachment.item.title",
        "text.color": {
            "normal": "#9e8b5e",
            "pressed": "#9e8b5e"
        }
    },
    "line.chat.edit.bottom": {"loadStyle": "line.friend.bulkEdit.bottom"},
    "line.chat.menu.attachment.item": {
        "menuItem10.image": "c_menu_icon10.png #917c54",
        "menuItem01.image": "c_menu_icon02.png",
        "menuItem06.image": "c_menu_icon06.png",
        "background.color": {
            "normal": "#ffeaa5",
            "pressed": "#ffe692"
        },
        "menuItem02.image": "c_menu_icon01.png",
        "menuItem12.image": "c_menu_icon12.png #917c54",
        "menuItem07.image": "c_menu_icon07.png",
        "menuItem03.image": "c_menu_icon03.png",
        "menuItem13.image": "c_menu_icon13.png #917c54",
        "menuItem04.image": "c_menu_icon04.png",
        "menuItem08.image": "c_menu_icon08.png #917c54",
        "menuItem05.image": "c_menu_icon05.png #917c54",
        "menuItem11.image": "c_menu_icon11.png #917c54",
        "menuItem14.image": "c_menu_icon14.png #917c54",
        "menuItem15.image": "c_menu_icon15.png #917c54",
        "menuItem09.image": "c_menu_icon09.png #917c54"
    },
    "line.chat.messageInputBar": {
        "icon.image.call": "icon_chat_call01.png #917c54",
        "image.background": "background_chat_send.png",
        "icon.image.voice": "icon_chat_voice01.png #917c54",
        "icon.image.richmenu.open": "icon_chat_oa_arrow02.png #917c54",
        "icon.image.richmenu.close": "icon_chat_oa_arrow01.png #917c54",
        "image.input": "chat_input.png 8px 10px"
    },
    "line.tableview.cell.chatlist.memberCount": {
        "fontSize": 14,
        "text.shadow": {
            "normal": "#ffffff,0.0",
            "offset": "0px 0px"
        },
        "text.color": {
            "normal": "#594737",
            "pressed": "#594737"
        }
    },
    "line.chat.cell.UrlCard.recv": {
        "title.text.color": "#5d4d3f",
        "background.color": "#FFFFFF",
        "sub.text.color": "#aea69f",
        "Outline.color": "#D8D785"
    },
    "line.chat.spammerView.label": {
        "fontSize": 12,
        "fontWeight": "bold",
        "text.color": "#594737"
    },
    "myhome.tableview.cell.header.groupButtonLabel": {
        "fontSize": 10,
        "text.color": {"normal": "#d5cb84"}
    },
    "line.group.home.cell.noteEmpty": {
        "empty.buttonTextColor": "#9e8b5e",
        "empty.buttonImage": {
            "normal": "default_friend_bnt01.png 5px 5px",
            "pressed": "default_friend_bnt01_press.png 5px 5px"
        },
        "fontSize": 14,
        "empty.image": "gr_post_icon.png #d5cb84",
        "empty.buttonFontSize": 13,
        "text.color": "#d5cb84"
    },
    "line.navigationBar.titleView": {
        "fontSize": 16,
        "text.shadow": {
            "normal": "#222222, 0.0",
            "offset": "0px 0px"
        },
        "fontWeight": "bold",
        "text.color": "#9e8b5e"
    },
    "line.group.home.addMember.searchBar.dividerView": {"background.color": "#f1e592"},
    "line.navigationBar.search": {
        "cancelButton.image": {
            "normal": "searchbar_btn_cancel.png 16px 15px",
            "pressed": "searchbar_btn_cancel_on.png 16px 16px"
        },
        "canceButtonFontSize": 16,
        "cancelButtonText.shadow": {
            "normal": "#222222,0.0",
            "offset": "0px 0px"
        },
        "background.image": "searchbar_bg.png 0px 22px",
        "searchbarTextFieldBackground.image": "searchbar_input_bg.png",
        "background.color": "#fff5bb",
        "statusBarStyle": "black",
        "text.color": "#574631",
        "placeHolderText.color": "#c8bb95",
        "cancelButtonText.color": "#9e8b5e",
        "fontSize": 14,
        "cancelButtonFontWeight": "normal",
        "searchbarTextFieldLeftView.image": "searchbar_icon_search.png",
        "fontWeight": "bold",
        "clearButton.image": {
            "normal": "searchbar_btn_clear.png",
            "pressed": "searchbar_btn_clear_on.png"
        }
    },
    "line.chat.onAir.messageLabel": {
        "fontSize": 15,
        "text.shadow": {
            "normal": "#333333, 0.1",
            "offset": "0px 0px"
        },
        "fontWeight": "bold",
        "text.color": "#917c54"
    },
    "line.chat.cell.voiceMessage.sent": {
        "loadStyle": "line.chat.cell.sendBubble",
        "pauseButton.image": {
            "normal": "ico_green_pause.png #ae9a5c",
            "pressed": "ico_green_pause.png #5d4929"
        },
        "loadingIndicator.color": "#5d4929",
        "playing.image": {
            "icon03.image": "ico_yellow_speak_02.png",
            "icon01.image": "ico_yellow_speak.png",
            "icon04.image": "ico_yellow_speak_03.png",
            "icon02.image": "ico_yellow_speak_01.png"
        },
        "horizontalSeperator.image": "bg_yellow_partition_horizontal01.png",
        "playButton.image": {
            "normal": "ico_greeny_play.png #ae9a5c",
            "pressed": "ico_greeny_play_inactive.png #5d4929",
            "dimmed": "ico_greeny_play_inactive.png #ae9a5c"
        },
        "expired.image": "novoice_icon_01.png",
        "text.color": {
            "normal": "#ae9a5c",
            "pressed": "#5d4929"
        },
        "loadingIndicatorType": "gray",
        "exportButton.image": {
            "normal": "ico_green_export.png #ae9a5c",
            "pressed": "ico_green_export.png #ae9a5c",
            "dimmed": "ico_green_export_inactive.png #ae9a5c"
        },
        "fontSize": 20,
        "verticalSeperator.image": "bg_yellow_partition_vertical01.png",
        "text.shadow": {
            "normal": "#ffffff, 0.1",
            "offset": "0px 0px"
        },
        "colon.image": {
            "normal": "voice_count_A.png #ae9a5c",
            "pressed": "voice_count_A_tap.png #5d4929"
        },
        "fontWeight": "bold",
        "speaker.image": "ico_yellow_speak.png"
    },
    "myhome.tableview.cell.footer.backgroundImage": {"image": "tm_table_bg2.png 11px 11px"},
    "line.navigationBar.lineAt": {"loadStyle": "line.navigationBar.normal.portrait"},
    "chat.activity.navigation.titleButton": {
        "fontSize": 16,
        "fontWeight": "bold",
        "text.color": "#9e8b5e"
    },
    "line.chat.messageSendTypeSelectionView": {
        "image.icon.checked": "icon_chat_bloon_check01.png #917c54",
        "image.background.count.two": "bg_chat_bloon01.png 12px 0px",
        "text.shadow": {
            "normal": "#ffffff, 0.0",
            "offset": "0px 0px",
            "selected": "#ffffff, 0.0"
        },
        "fontWeight": "bold",
        "image.background.count.three": "bg_chat_bloon02.png 12px 0px",
        "text.color": {
            "normal": "#917c54, 0.35",
            "selected": "#917c54"
        }
    },
    "line.search.result.Category": {
        "arrow.image": "friendlist_arrow.png #ebd8a3",
        "thumbnail.icon": "search_thumbnail_img_oa.png #594737"
    },
    "line.search.PopuralCategory": {
        "tintColor": "#594737",
        "text.color": "#594737"
    },
    "line.navigationBar.contact": {
        "content.edgeInsets": "-3px -0px -3px 0px",
        "loadStyle": "line.navigationBar.normal.portrait",
        "size": "46px 31px",
        "icon.image": {
            "normal": "navi_icon_contact_nor.png #9e8b5e",
            "pressed": "navi_icon_contact_press.png #9e8b5e"
        }
    },
    "line.chat.spammerView": {
        "background.image": "user_bg_board.png 0px, 0px",
        "plus.icon.image": "spam_icon_add.png #ffffff"
    },
    "line.chat.voiceTalk.voip.talkButton": {
        "loadStyle": "line.chat.voiceTalk.message.talkButton",
        "background.image": {
            "normal": "voice_button.png 10px 17px",
            "pressed": "voice_button_tap.png 10px 17px"
        },
        "text.shadow": {
            "normal": "#000000, 0.0",
            "offset": "0px 0px",
            "pressed": "#000000, 0.0"
        },
        "text.color": {
            "normal": "#917c54",
            "pressed": "#917c54"
        }
    },
    "line.friend.recommend.makeGroup.groupArrow": {"image": "group_link.png #e6dea5"},
    "line.tabBar": {
        "badgeOffset": "10px -12px",
        "iconTopMargin": 3.5,
        "badge.image": "noti_img.png 10px 0px",
        "background.image.pattern": true,
        "background.image": "line_GNB_bg.png",
        "titleTopMargin": 2,
        "fontSize": 10,
        "text.shadow": {
            "normal": "#ffffff,.0.0",
            "offset": "0px 0px",
            "pressed": "#ffffff,0.0"
        },
        "fontWeight": "bold",
        "text.color": {
            "normal": "#d3bc79",
            "pressed": "#917c54"
        }
    },
    "line.navigationBar.question": {
        "content.edgeInsets": "0px 0px 0px 0px",
        "loadStyle": "line.navigationBar.normal.portrait",
        "size": "37px 31px",
        "icon.image": {"normal": "regi_btn_icon_01.png"}
    },
    "line.tabBar.friends": {
        "loadStyle": "line.tabBar.badgeText",
        "icon.image": {
            "normal": "line_GNB_01.png",
            "selected": "line_GNB_01_on.png"
        },
        "text.shadow": {
            "normal": "#000000, 0.0",
            "offset": "0px 0px"
        }
    },
    "line.sticker.manageMySticker.bottomButton.enable": {
        "loadStyle": "line.friend.multiInvite.inviteButton",
        "background.image": {
            "normal": "fredit_bt_1.png 5px 0px",
            "pressed": "fredit_bt_1_tap.png 5px 0px",
            "dimmed": "fredit_bt_1.png 5px 0px"
        },
        "fontSize": 14,
        "fontWeight": "bold",
        "text.color": {
            "normal": "#ffffff",
            "pressed": "#ffffff",
            "dimmed": "#ffffff, 0.45"
        }
    },
    "line.chat.cell.contactMessage.recvName": {
        "loadStyle": "line.chat.cell.contactMessage.sendName",
        "fontSize": 15,
        "text.color": "#5d4d3f"
    },
    "line.friend.recommend.invite": {
        "background.image": {
            "normal": "btn_wbubble.png 7px 7px",
            "pressed": "btn_wbubble_over.png 7px 7px"
        },
        "fontSize": 13,
        "plusIcon.image": "btn_icon_homewrite02.png #ffffff",
        "fontWeight": "bold",
        "text.color": "#ffffff"
    },
    "line.navigationBar.addPerson": {
        "loadStyle": "line.navigationBar.normal.portrait",
        "size": "47px 30px",
        "icon.image": {
            "normal": "navigation_icon_01.png",
            "pressed": "navigation_icon_01.png"
        }
    },
    "line.privateChat.cell.autoresend": {"loadStyle": "line.chat.cell.autoresend"},
    "line.tableview.cell.friend": {
        "statusMessageBackground.image": {"normal": "friends_recom_balloon.png 8px 8px"},
        "loadStyle": "line.tableview.cell",
        "statusMessageEdgeInset": "0px -3px 0px 3px",
        "friendlistArrow.image": {"normal": "friendlist_arrow.png #e1d9a2"},
        "statusMessageText.color": "#c4b96e",
        "text.shadow": {
            "normal": "#ffffff",
            "offset": "0px 0px"
        },
        "newFriendBackground.color": "#fffde5",
        "text.color": {
            "normal": "#594737",
            "pressed": "#594737"
        }
    },
    "line.group.home.guide.titleLabel": {
        "fontSize": 23,
        "text.color": {"normal": "#333333"}
    },
    "line.chat.search.highlightColor": {
        "text.color.chatList": "#ee896a",
        "text.color.receiveMessage": "#f08d65",
        "text.color.sendMessage": "#f08d65"
    },
    "line.chat.cell.e2eeMessage.send.description": {
        "fontSize": 13,
        "text.color": "#ae9a5c"
    },
    "line.chat.cell.recvBubble": {
        "loadStyle": "line.chat.cell.devideColor",
        "effectImage": "image_04_effect_01_left.png 0px 0px",
        "contentImage": "speech_bubble_01_default.png 24px, 15px"
    },
    "manifest": {
        "schemaVersion": 1,
        "provider": {
            "name": "LINE Corporation",
            "url": "http://www.linecorp.com"
        },
        "themeVersion": "5.9.0",
        "name": "Sumikko-gurashi",
        "platform": "iOS",
        "revision": 9
    },
    "chat.activity.members.inviteMembers": {
        "background.image": {
            "normal": "btn_homewrite01.png 6px 0px",
            "pressed": "btn_homewrite01_press.png 6px 0px"
        },
        "fontSize": 15,
        "title.edgeInsets": "0px 2px 0px -2px",
        "fontWeight": "bold",
        "image.edgeInsets": "0px -3px 0px 3px",
        "text.color": {
            "normal": "#917c54",
            "dimmed": "#917c54, 0.5"
        }
    },
    "line.navigationBar.add": {
        "content.edgeInsets": "0px 0px 0px 0px",
        "loadStyle": "line.navigationBar.normal.portrait",
        "size": "50px 38px",
        "icon.image": {
            "normal": "navigation_icon_07.png",
            "pressed": "navigation_icon_07.png"
        }
    },
    "line.group.home.addMember.inviteButton.copyLinkImage": {"image": "gr_icon_link.png #9e8b5e"},
    "line.search.result.yellowPage.cell": {
        "loadStyle": "line.tableview.cell",
        "content.subtext.divider.image": "search_list_devider.png #c4b96e",
        "content.name.text.color": "#594737",
        "content.coupon.image": "search_list_coupon.png #c4b96e",
        "content.subtext.color": "#c4b96e",
        "content.coupon.text.color": "#c4b96e"
    },
    "line.search.result.seeMore": {"text.color": "#c4b96e"},
    "myhome.error.bottom": {
        "icon.image": "gr_error_icon.png #d5cb84",
        "fontSize": 12,
        "text.color": "#d5cb84"
    },
    "line.chat.room.callButton.landscape": {
        "content.edgeInsets": "0px 14px 0px 0px",
        "size": "40px 28px",
        "icon.image": {
            "normal": "navi_icon_call_nor.png",
            "selected": "navi_icon_call_nor.png"
        }
    },
    "line.navigationBar.stickerClose": {
        "loadStyle": "line.navigationBar.normal.portrait",
        "size": "36px 30px",
        "icon.image": {
            "normal": "navi_icon_close_nor.png",
            "pressed": "navi_icon_close_nor.png"
        }
    },
    "myhome.tableview.cell.myhomePostButton": {
        "content.edgeInsets": "7px 2px 7px 8px",
        "background.image": {
            "normal": "default_friend_bnt01.png 5px 5px",
            "pressed": "default_friend_bnt01_press.png 5px 5px"
        },
        "icon.image": {"normal": "btn_icon_homewrite01.png"},
        "fontSize": 14,
        "text.shadow": {
            "normal": "#3c1305, 0.0",
            "offset": "0px 0px"
        },
        "fontWeight": "bold",
        "text.color": "#9e8b5e"
    },
    "myhome.grouphome.tooltip.actionButton": {
        "background.image": {
            "normal": "gr_btn_popup_02_nor.png 15px 7px",
            "normal.selected": "gr_btn_popup_04_nor.png 7px 4px",
            "pressed": "gr_btn_popup_02_press.png 15px 7px",
            "pressed.selected": "gr_btn_popup_04_press.png 7px 4px"
        },
        "icon.image": "gr_btn_popup_arrow.png #dbc47f",
        "fontSize": 10,
        "title.edgeInsets": "0px 6px 0px 12px",
        "text.color": "#917c54"
    },
    "myhome.tableview.cell.recallUser.inputText": {
        "background.color": {"normal": "#ee896a"},
        "text.color": {"normal": "#fce7e1"}
    },
    "line.notificationCenter.popup.setting": {"icon.image": "tm_noti_icon_setting.png #9e8b5e"},
    "line.chat.cell.videoMessage.recv": {
        "loadStyle": "line.chat.cell.recvBubble",
        "playIcon.image": {
            "normal": "movie_play01.png",
            "pressed": "movie_play01_tap.png"
        },
        "errorIcon.image": "movie_play_error.png",
        "contentImage": "image_02_shape_01_left.png 25px 25px"
    },
    "myhome.tableview.cell.footer.commentButton": {
        "icon.image": {"normal": "tm_icon_comment.png"},
        "text.color": {"normal": "#9e8b5e"}
    },
    "myhome.tableview.cell.officialProfile.arrowImage": {"image": "hlist_noti_arrow.png #e1d9a2"},
    "myhome.tableview.header.label": {
        "fontSize": 12,
        "text.color": "#d1ba7c"
    },
    "line.navigationBar": {
        "background.image.128": "tm_topbar_128.png 0px 1px",
        "background.image": "tm_topbar.png 0px 1px",
        "statusBarStyle": "black"
    },
    "line.tableview.cell": {
        "background.color": {
            "normal": "@TableViewCellBackgroundColor",
            "pressed": "@TableViewPressedBackgroundColor",
            "selected": "@TableViewSelectedBackgroundColor"
        },
        "separator.color": "#f3efb5"
    },
    "line.tableview.more": {"background.color": "#fffad7"},
    "myhome.navigationBar.button.groupHome": {
        "content.edgeInsets": "0px 5.5px 0px -5.5px",
        "background.image": {
            "normal": "navigation_btn_02.png 7px 0px",
            "pressed": "navigation_btn_02_tab.png 7px 0px"
        },
        "icon.image": {
            "normal": "tm_topbar_btn_home.png",
            "pressed": "tm_topbar_btn_home.png"
        }
    },
    "line.multi.userselect.background": {"background.color": "#ffe796"}
}