{
    "calllist.item": {
        "dateText.color": "#5c93a6",
        "phoneIcon.tintcolor": {
            "normal": "#21809d",
            "pressed": "#21809d"
        },
        "nameText.color": "#013344",
        "phoneIcon.background.tintcolor": {
            "normal": "#93d8ed",
            "pressed": "#75bcd2"
        },
        "dateIcon.tintcolor": "#5c93a6"
    },
    "chathistory.attach.header": {
        "background.image": "header_bg.9.png",
        "text.color": "#ffffff"
    },
    "friendlist.category": {
        "textSeeAll.color": "#afccd6",
        "arrowClose.tintcolor": "#afccd6",
        "arrowOpen.tintcolor": "#afccd6",
        "textSeeAll.arrow.tintcolor": "#afccd6",
        "background.color": "#f3fbff",
        "text.color": "#afccd6"
    },
    "chathistory.file.recv.msg": {
        "file.icon.tintcolor": "#335b69",
        "expire.text.color": "#5c93a6",
        "arrow.tintcolor": "#aac8d2",
        "text.color": "#013344"
    },
    "tabBar.item.talk": {
        "normal.image": "gnb_ic_chats_normal.png",
        "selected.image": "gnb_ic_chats_selected.png"
    },
    "chathistory.text.send.msg": {"text.color": "#004960"},
    "grouphome.main": {
        "tab.text.color": "#66ffffff",
        "moreTab.icon.tintcolor": {
            "normal": "#ffffff",
            "pressed": "#ebf8fc"
        },
        "albumCreateBtn.image": {
            "normal": "group_ic_postalbum.png",
            "pressed": "group_ic_postalbum_pressed.png"
        },
        "selectedTab.text.color": "#ffffff",
        "tab.background.color": "#9cddf1",
        "postWriteBtn.image": {
            "normal": "group_ic_writepost.png",
            "pressed": "group_ic_writepost_pressed.png"
        },
        "tabBottomLine.background.color": "#ffffff"
    },
    "chathistory.option.item.voip.video": {
        "background.color": {
            "normal": "#93d8ed",
            "pressed": "#83cee9"
        },
        "text.color": {
            "normal": "#ffffff",
            "dimmed": "#66ffffff"
        }
    },
    "chathistory.text.recv.msg": {"text.color": "#013344"},
    "addFriend.tab.icon": {
        "idsearch.image": "gnb_ic_search.png",
        "invite.image": "gnb_ic_contacts.png",
        "qrcode.image": "gnb_ic_qrcode.png",
        "shakeit.image": "gnb_ic_shakeit.png"
    },
    "chathistory.balloon.text.send": {"background.image": {
        "normal": "chatroom_balloon_send_normal.9.png",
        "padding": "11 5 16 8",
        "pressed": "chatroom_balloon_send_pressed.9.png"
    }},
    "friendlist.common": {"noresult.text.color": "#5c93a6"},
    "chatlist.item": {
        "messageText.color": "#5c93a6",
        "nameText.color": "#013344",
        "newIcon.image": "list_category_chat_new.png",
        "timeText.color": "#afccd6",
        "muteIcon.tintcolor": "#d0d4d6",
        "messageCountText.color": "#ffffff",
        "messageCountText.background.image": "list_category_chat_num.9.png"
    },
    "chathistory.attach.item": {
        "icon.tintcolor": "#ffffff",
        "external.icon.tintcolor": "#c9ecf6",
        "background.color": {
            "normal": "#93d8ed",
            "pressed": "#83cee9"
        },
        "text.color": "#ffffff"
    },
    "chathistory.common": {
        "datebar.background.image": "chatroom_date.9.png",
        "soundsticker.icon.tintcolor": "#afccd6",
        "autoresend.icon.tintcolor": "#afccd6",
        "checkBox.image": {
            "normal": "list_checkbox_img_normal.png",
            "selected": "list_checkbox_img_selected.png"
        },
        "time.color": "#afccd6",
        "name.color": "#afccd6",
        "datebar.text.color": "#ffffff"
    },
    "bottom.button.common": {
        "button1.background.color": {
            "normal": "#9a2727",
            "pressed": "#891818",
            "dimmed": "#9a2727"
        },
        "button2.background.color": {
            "normal": "#3ba65a",
            "pressed": "#227a3b",
            "dimmed": "#3ba65a"
        },
        "button1.text.color": {
            "normal": "#ffffff",
            "dimmed": "#66ffffff"
        },
        "button2.text.color": {
            "normal": "#ffffff",
            "dimmed": "#66ffffff"
        }
    },
    "invitemember.tab.item": {
        "icon.tintcolor": "#ffffff",
        "background.image": {
            "normal": "gnb_bg_addfriend_normal.9.png",
            "pressed": "gnb_bg_addfriend_pressed.9.png"
        },
        "text.color": "#ffffff"
    },
    "chathistory.music.recv.msg": {
        "title.text.color": "#013344",
        "playlist.default.image": "chatroom_ic_music_playlist.png",
        "playbtn.default.image": "chatroom_music_play_default.png",
        "playing.image": "chatroom_music_bar_playing.png",
        "playbtn.background.pressed.image": "chatroom_music_bar_pressed.png",
        "stopbtn.default.image": "chatroom_music_stop_default.png",
        "playbtn.pressed.image": "chatroom_music_play_pressed.png",
        "playbtn.background.default.image": "chatroom_music_bar_default.png",
        "typename.text.color": "#5c93a6",
        "topic.default.image": "chatroom_ic_music_topic.png",
        "service.text.color": "#5c93a6",
        "loading.image": "chatroom_music_loading.png",
        "artist.text.color": "#5c93a6",
        "stopbtn.pressed.image": "chatroom_music_stop_pressed.png"
    },
    "myhome.post.bottom": {
        "commentText.color": "#013344",
        "commentIcon.image": {
            "normal": "timeline_ic_postcomment.png",
            "selected": "timeline_ic_postcomment.png"
        },
        "likeText.color": "#013344",
        "likeIcon.image": {
            "normal": "timeline_ic_postlike_off.png",
            "selected": "timeline_ic_postlike_on.png"
        },
        "likeCountText.color": "#013344",
        "commentCountText.color": "#013344"
    },
    "chathistory.balloon.recv": {"background.image": {
        "normal": "chatroom_balloon_rec_normal.9.png",
        "pressed": "chatroom_balloon_rec_pressed.9.png"
    }},
    "chathistory.memberlist.area": {"background.color": "#e593d8ed"},
    "chathistory.contact.send.msg": {
        "arrow.tintcolor": "#44a0bd",
        "text.color": "#004960"
    },
    "tabBar.item.friend": {
        "normal.image": "gnb_ic_friends_normal.png",
        "selected.image": "gnb_ic_friends_selected.png"
    },
    "moreMenu.item": {
        "addfriend.image": "more_ic_addfriends.png",
        "newIcon.image": "more_ic_new.png",
        "setting.image": "more_ic_settings.png",
        "background.color": {
            "normal": "#f3fbff",
            "pressed": "#e6f1f7"
        },
        "text.color": "#013344"
    },
    "myhome.list.header": {
        "updateTitleText.color": "#76a5b6",
        "updateText.color": "#76a5b6",
        "updateTimeText.color": "#76a5b6"
    },
    "chathistory.file.send.msg": {
        "file.icon.tintcolor": "#19647c",
        "expire.text.color": "#0b7090",
        "arrow.tintcolor": "#44a0bd",
        "text.color": "#004960"
    },
    "chathistory.privatechat.balloon.receive.text": {
        "background.image": {
            "normal": "chatroom_balloon_hidden.9.png",
            "pressed": "chatroom_balloon_hidden.9.png"
        },
        "icon.arrow.tintcolor": "#c9dde4",
        "text.color": "#013344"
    },
    "common.empty.page": {
        "zero.subtitle.color": "#5c93a6",
        "zerobutton.text.color": "#ffffff",
        "call.name.text.color": "#013344",
        "zero.title.color": "#013344",
        "zero.image": "zero_img_empty.png",
        "error.subtitle.color": "#5c93a6",
        "error.button.background.image": {
            "normal": "button_r07_normal.9.png",
            "pressed": "button_r07_pressed.9.png"
        },
        "call.link.text.color": "#5c93a6",
        "error.button.text.color": "#ffffff",
        "zerobutton.background.image": {
            "normal": "button_r07_normal.9.png",
            "pressed": "button_r07_pressed.9.png"
        },
        "error.image": "zero_img_error.png"
    },
    "grouphome.friend.request": {
        "btn.background.color": {
            "normal": "#3ba65a",
            "pressed": "#227a3b"
        },
        "btn.text.color": "#ffffff",
        "background.color": "#e593d8ed",
        "message.text.color": "#ffffff",
        "message.icon.tintcolor": "#ffffff"
    },
    "notification.popup": {
        "setting.checkbox.background.image": {
            "normal": "list_checkbox_img_normal.png",
            "selected": "list_checkbox_img_selected.png"
        },
        "title.logo.tintcolor": "#ffffff",
        "title.username.text.color": "#ffffff",
        "title.groupname.text.color": "#ffffff",
        "title.count.background.image": "popup_noti_img_num_bg.9.png",
        "title.background.image": "popup_noti_bg_top.9.png",
        "title.setting.image.tintcolor": "#ffffff",
        "reply.input.bar.background.color": {
            "normal": "#d6d6d6",
            "selected": "#d6d6d6"
        },
        "title.count.text.color": "#ffffff",
        "reply.sendbutton.tintcolor": {
            "normal": "#357c49",
            "pressed": "#025b1c",
            "selected": "#357c49"
        }
    },
    "tabBar.item.call": {
        "normal.image": "gnb_ic_call_normal.png",
        "selected.image": "gnb_ic_call_selected.png"
    },
    "tabBar": {
        "background.image.pattern": true,
        "background.image": "gnb_bg.png",
        "selectorBar.background.color": "#9c1e00",
        "shadow.image": "gnb_gra.9.png"
    },
    "chathistory.attach.item.image": {
        "contact.image": {"normal": "chatroom_attach_ic_info.png"},
        "take.video.image": {"normal": "chatroom_attach_ic_takevideo.png"},
        "choose.video.image": {"normal": "chatroom_attach_ic_chooesvideo.png"},
        "take.photo.image": {"normal": "chatroom_attach_ic_takephoto.png"},
        "choose.photo.image": {"normal": "chatroom_attach_ic_photo.png"},
        "audio.image": {"normal": "chatroom_attach_ic_voicemessage.png"},
        "location.image": {"normal": "chatroom_attach_ic_location.png"}
    },
    "tabBar.item.more": {
        "normal.image": "gnb_ic_more_normal.png",
        "selected.image": "gnb_ic_more_selected.png"
    },
    "chathistory.groupboard.recv.msg": {
        "videoicon.tintcolor": "#5c93a6",
        "more.text.color": "#5c93a6",
        "photo.default.tintcolor": "#5c93a6",
        "photoicon.tintcolor": "#5c93a6",
        "bottom.background.image": "chatroom_gamemsg_line_rec.9.png",
        "sticker.default.tintcolor": "#5c93a6",
        "video.default.tintcolor": "#5c93a6",
        "location.text.color": "#013344",
        "arrow.tintcolor": "#aac8d2",
        "text.color": "#013344",
        "bottom.text.color": "#5c93a6"
    },
    "myhome.background": {"background.color": "#f3fbff"},
    "navigationBar.tab": {"text.color": {
        "normal": "#66ffffff",
        "selected": "#ffffff"
    }},
    "grouphome.member.category": {
        "edit.btn.background.image": {
            "normal": "button_r10_normal.9.png",
            "pressed": "button_r10_pressed.9.png"
        },
        "category.text.color": "#afccd6",
        "category.divider.background.color": "#cfdde1",
        "category.count.text.color": "#afccd6",
        "edit.btn.text.color": "#ffffff"
    },
    "chathistory.balloon.video.default.send": {"background.color": "#7dd0ea"},
    "moreMenu.topbanner.item": {
        "subtext.color": "#5c93a6",
        "arrowIcon.tintcolor": "#cfdde1",
        "background.color": "#f3fbff",
        "topDivider.background.color": "#cfdde1",
        "text.color": "#013344"
    },
    "chathistory.music.send.msg": {
        "title.text.color": "#004960",
        "playlist.default.image": "chatroom_ic_music_playlist.png",
        "playbtn.default.image": "chatroom_music_play_default.png",
        "playing.image": "chatroom_music_bar_playing.png",
        "playbtn.background.pressed.image": "chatroom_music_bar_pressed.png",
        "stopbtn.default.image": "chatroom_music_stop_default.png",
        "playbtn.pressed.image": "chatroom_music_play_pressed.png",
        "playbtn.background.default.image": "chatroom_music_bar_default.png",
        "typename.text.color": "#187b9a",
        "topic.default.image": "chatroom_ic_music_topic.png",
        "service.text.color": "#0b7090",
        "loading.image": "chatroom_music_loading.png",
        "artist.text.color": "#187b9a",
        "stopbtn.pressed.image": "chatroom_music_stop_pressed.png"
    },
    "grouphome.error": {
        "btn.text.color": "#ffffff",
        "sticker.image": "zero_img_error.png",
        "icon.tintcolor": "#b4d0da",
        "msg.text.color": "#5c93a6",
        "btn.text.background.image": {
            "normal": "button_r07_normal.9.png",
            "pressed": "button_r07_pressed.9.png"
        },
        "msg.text.shadow": "#00000000"
    },
    "select.chat.bottom": {
        "button.background.color": {
            "normal": "#3ba65a",
            "pressed": "#227a3b"
        },
        "button.icon.tintcolor": "#ffffff",
        "button.text.color": {
            "normal": "#ffffff",
            "dimmed": "#7fffffff"
        }
    },
    "chathistory.option.item.voip.voice": {
        "background.color": {
            "normal": "#93d8ed",
            "pressed": "#83cee9"
        },
        "text.color": {
            "normal": "#ffffff",
            "dimmed": "#66ffffff"
        }
    },
    "chathistory.view.common": {
        "background.image.pattern": false,
        "background.image": {"normal": "chatroom_bg.9.png"},
        "background.color": "#f3fbff"
    },
    "chathistory.input": {
        "inputText.color": "#ffffff",
        "photoButton.icon.image": "chatroom_ic_photo.png",
        "inputText.hint": "#7fffffff",
        "attachButton.icon.image": "chatroom_ic_add.png",
        "background.image": "chatroom_input_bg.9.png",
        "sendButton.background.color": {
            "normal": "#025b1c",
            "pressed": "#024215"
        },
        "sendButton.tintcolor": "#ffffff",
        "eskButton.icon.image": "chatroom_ic_stickers.png"
    },
    "friendlist.item.common": {
        "new.background.color": {
            "normal": "#e6f5fd",
            "pressed": "#d8eaf3"
        },
        "checked.background.color": {
            "normal": "#e7f4fa",
            "pressed": "#e7f4fa"
        },
        "background.color": {
            "normal": "#f3fbff",
            "pressed": "#e7f4fa"
        }
    },
    "chathistory.privatechat.tooltip": {"text.color": "#013344"},
    "chathistory.option.item.image": {
        "block.image": "chatroom_option_ic_block.png",
        "timer.image": "chatroom_option_ic_timer_normal.png",
        "recommend.dimmed.image": "chatroom_option_ic_recom_disable.png",
        "edit.group.image": "chatroom_option_ic_editgroup_normal.png",
        "invite.image": "chatroom_option_ic_invite_normal.png",
        "leave.dimmed.image": "chatroom_option_ic_leave_disable.png",
        "leave.image": "chatroom_option_ic_leave_normal.png",
        "line.call.dimmed.image": "chatroom_option_ic_linecall_disable.png",
        "album.image": "chatroom_option_ic_albums_normal.png",
        "recommend.image": "chatroom_option_ic_recom_normal.png",
        "create.group.dimmed.image": "chatroom_option_ic_creategroup_disable.png",
        "timer.dimmed.image": "chatroom_option_ic_timer_disable.png",
        "create.group.image": "chatroom_option_ic_creategroup_normal.png",
        "edit.image": "chatroom_option_ic_edit_normal.png",
        "edit.group.dimmed.image": "chatroom_option_ic_editgroup_disable.png",
        "photo.video.dimmed.image": "chatroom_option_ic_pv_disable.png",
        "notification.on.image": "chatroom_option_ic_noti_on.png",
        "album.dimmed.image": "chatroom_option_ic_albums_disable.png",
        "setting.dimmed.image": "chatroom_option_ic_setting_disable.png",
        "invite.dimmed.image": "chatroom_option_ic_invite_disable.png",
        "notification.off.image": "chatroom_option_ic_noti_off.png",
        "setting.image": "chatroom_option_ic_setting_normal.png",
        "unblock.image": "chatroom_option_ic_unblock.png",
        "photo.video.image": "chatroom_option_ic_pv_normal.png",
        "edit.dimmed.image": "chatroom_option_ic_edit_disable.png",
        "line.call.image": "chatroom_option_ic_linecall_normal.png",
        "photo.image": "chatroom_option_ic_pv_normal.png",
        "send.gift.dimmed.image": "chatroom_option_ic_gift_disable.png",
        "send.gift.image": "chatroom_option_ic_gift_normal.png"
    },
    "myhome.write.post": {
        "icon.tintcolor": "#013344",
        "text.color": "#013344"
    },
    "chathistory.gift.send.msg": {
        "background.image": "chatroom_balloon_gift_send.9.png",
        "text.color": "#004960"
    },
    "chathistory.voip.send.msg": {
        "icon.tintcolor": "#19647c",
        "linecall.text.color": "#004960",
        "text.color": "#004960"
    },
    "chathistory.privatechat.header.banner.item": {
        "icon.tintcolor": "#013344",
        "text.color": "#013344"
    },
    "view.common": {"background.color": "#f3fbff"},
    "chathistory.groupboard.tip": {"text.color": "#013344"},
    "search.chat.highlightColor": {
        "chatList.text.color": "#e54317",
        "receiveMessage.text.color": "#e54317",
        "sendMessage.text.color": "#e54317"
    },
    "myhome.cover": {
        "officialHomeProfileText.color": "#013344",
        "officialHomeProfileArrow.tintcolor": {
            "normal": "#013344",
            "pressed": "#013344"
        }
    },
    "navigationBar": {
        "title.text.color": "#ffffff",
        "button.background.color": {
            "normal": "#00000000",
            "pressed": "#00000000"
        },
        "badge.text.color": "#ffffff",
        "button.tintcolor": {
            "normal": "#ffffff",
            "pressed": "#c4ebf7",
            "dimmed": "#c4ebf7",
            "selected": "#ffffff"
        },
        "background.image": "header_bg.9.png",
        "badge.new.image": "header_ic_new.png",
        "button.text.color": {
            "normal": "#ffffff",
            "pressed": "#c4ebf7",
            "dimmed": "#c4ebf7",
            "selected": "#ffffff"
        },
        "title.button.tintcolor": "#ffffff",
        "status.background.color": "#9cddf1",
        "badge.count.background.image": "header_num_bg.9.png"
    },
    "chathistory.voice.recv.msg": {
        "speak.expire.image": "chatroom_ic_voicemsg_rec_x.png",
        "bottom.background.image": "chatroom_voicemsg_line_w_rec.9.png",
        "colon.tintcolor": {
            "normal": "#96acb4",
            "selected": "#335b69"
        },
        "seperator.image": "chatroom_voicemsg_line_h_rec.9.png",
        "speak3.image": "chatroom_ic_voicemsg_rec_03.png",
        "speak1.image": "chatroom_ic_voicemsg_rec_01.png",
        "share.image": {
            "normal": "chatroom_ic_voicemsg_rec_share.png",
            "selected": "chatroom_ic_voicemsg_rec_share_pressed.png"
        },
        "play.image": {
            "normal": "chatroom_ic_voicemsg_rec_play.png",
            "selected": "chatroom_ic_voicemsg_rec_play_pressed.png"
        },
        "speak.image": "chatroom_ic_voicemsg_rec_00.png",
        "pause.image": {
            "normal": "chatroom_ic_voicemsg_rec_pause.png",
            "selected": "chatroom_ic_voicemsg_rec_pause_pressed.png"
        },
        "speak2.image": "chatroom_ic_voicemsg_rec_02.png",
        "text.color": {
            "normal": "#96acb4",
            "selected": "#335b69"
        }
    },
    "tabBar.item.timeline": {
        "highlight.image": "gnb_ic_timeline_new.png",
        "normal.image": "gnb_ic_timeline_normal.png",
        "selected.image": "gnb_ic_timeline_selected.png"
    },
    "grouphome.member.profile": {
        "add.btn.icon.tintcolor": "#013344",
        "profile.name.text.color": "#013344"
    },
    "addFriend.tab.item": {
        "background.image": {
            "normal": "gnb_bg_addfriend_normal.9.png",
            "pressed": "gnb_bg_addfriend_pressed.9.png"
        },
        "text.color": "#ffffff"
    },
    "chathistory.voice.send.msg": {
        "speak.expire.image": "chatroom_ic_voicemsg_send_x.png",
        "bottom.background.image": "chatroom_voicemsg_line_w_send.9.png",
        "colon.tintcolor": {
            "normal": "#4b9ab3",
            "selected": "#19647c"
        },
        "seperator.image": "chatroom_voicemsg_line_h_send.9.png",
        "speak3.image": "chatroom_ic_voicemsg_send_03.png",
        "speak1.image": "chatroom_ic_voicemsg_send_01.png",
        "share.image": {
            "normal": "chatroom_ic_voicemsg_send_share.png",
            "selected": "chatroom_ic_voicemsg_send_share_pressed.png"
        },
        "play.image": {
            "normal": "chatroom_ic_voicemsg_send_play.png",
            "selected": "chatroom_ic_voicemsg_send_play_pressed.png"
        },
        "speak.image": "chatroom_ic_voicemsg_send_00.png",
        "pause.image": {
            "normal": "chatroom_ic_voicemsg_send_pause.png",
            "selected": "chatroom_ic_voicemsg_send_pause_pressed.png"
        },
        "speak2.image": "chatroom_ic_voicemsg_send_02.png",
        "text.color": {
            "normal": "#4b9ab3",
            "selected": "#19647c"
        }
    },
    "chathistory.option.item.voip.voice.image": {
        "voice.call.dimmed.image": "chatroom_option_ic_freecall_disable.png",
        "voice.call.image": "chatroom_option_ic_freecall_normal.png"
    },
    "chathistory.onair": {
        "background.image": "chatroom_onair_bg.9.png",
        "subtext.color": "#ffffff",
        "text.color": "#ffffff"
    },
    "chathistory.voip.recv.msg": {
        "icon.tintcolor": "#335b69",
        "linecall.text.color": "#013344",
        "text.color": "#013344"
    },
    "moreMenu.view": {"background.color": "#f3fbff"},
    "myhome.post.header": {
        "groupBtn.popup.arrow.tintcolor": "#b1dbbd",
        "nameText.color": "#013344",
        "groupBtn.background.image": {
            "normal": "button_r09_normal.9.png",
            "pressed": "button_r09_pressed.9.png"
        },
        "groupBtn.text.color": "#7da9b8",
        "groupBtn.popup.background.image": "timeline_img_bg_see_bg01.9.png",
        "sharePostMessage.color": "#013344",
        "groupBtn.popup.pressed.reverse.background.image": {
            "normal": "",
            "pressed": "timeline_img_bg_see_bg02_pressed.9.png"
        },
        "groupBtn.popup.divider.background.color": "#2b9049",
        "groupBtn.icon.tintcolor": "#7da9b8",
        "groupBtn.popup.reverse.background.image": "timeline_img_bg_see_bg02.9.png",
        "timeText.color": "#76a5b6",
        "groupBtn.popup.detail.text.color": "#d8edde",
        "groupBtn.popup.pressed.background.image": {
            "normal": "",
            "pressed": "timeline_img_bg_see_bg01_pressed.9.png"
        },
        "groupBtn.popup.text.color": "#ffffff"
    },
    "chathistory.balloon.text.recv": {"background.image": {
        "normal": "chatroom_balloon_rec_normal.9.png",
        "padding": "16 5 11 8",
        "pressed": "chatroom_balloon_rec_pressed.9.png"
    }},
    "timeline.list.newpost": {
        "background.image": {
            "normal": "timeline_newpost_btn.9.png",
            "pressed": "timeline_newpost_btn_pressed.9.png"
        },
        "text.color": "#ffffff"
    },
    "chathistory.gift.recv.msg": {
        "button.background.image": {
            "normal": "button_r07_normal.9.png",
            "pressed": "button_r07_pressed.9.png"
        },
        "background.image": "chatroom_balloon_gift_rec.9.png",
        "button.text.color": "#ffffff",
        "button.text.shadow": "#00000000",
        "text.color": "#013344"
    },
    "grouphome.empty": {
        "empty.album.icon.image.tintcolor": "#b4d0da",
        "empty.btn.text.color": "#ffffff",
        "empty.note.icon.image.tintcolor": "#b4d0da",
        "empty.btn.background.image": {
            "normal": "button_r07_normal.9.png",
            "pressed": "button_r07_pressed.9.png"
        },
        "empty.text.color": "#76a5b6"
    },
    "multi.userselect": {
        "name.text.color": "#ffffff",
        "background.color": "#93d8ed"
    },
    "chathistory.link.recv.msg": {
        "bottom.background.image": "chatroom_gamemsg_line_rec.9.png",
        "detail.text.color": "#5c93a6",
        "arrow.tintcolor": "#aac8d2",
        "text.color": "#013344"
    },
    "timeline.userrecall": {
        "recalled.user.text.color": "#e54317",
        "recall.user.text.color": "#ffffff",
        "suggest.dialog.text.color": "#e54317",
        "recall.user.text.background.color": "#e54317"
    },
    "searchBar": {
        "underbar.background.color": {
            "normal": "#cee1e9",
            "selected": "#cee1e9"
        },
        "text.hint": "#cee1e9",
        "search.icon.image": "list_ic_search.png",
        "cancel.icon.tintcolor": "#7aa8b8",
        "text.color": "#315b69"
    },
    "chathistory.groupboard.send.msg": {
        "videoicon.tintcolor": "#0b7090",
        "more.text.color": "#0b7090",
        "photo.default.tintcolor": "#0b7090",
        "photoicon.tintcolor": "#0b7090",
        "bottom.background.image": "chatroom_gamemsg_line_send.9.png",
        "sticker.default.tintcolor": "#0b7090",
        "video.default.tintcolor": "#0b7090",
        "location.text.color": "#004960",
        "arrow.tintcolor": "#44a0bd",
        "text.color": "#004960",
        "bottom.text.color": "#0b7090"
    },
    "chathistory.privatechat.common": {
        "name.text.color": "#afccd6",
        "timer.text.color": "#afccd6",
        "autoresend.icon.tintcolor": "#afccd6",
        "time.text.color": "#afccd6"
    },
    "select.chat.tab": {
        "background.image": "gnb_bg_select.9.png",
        "selectorBar.background.color": "#3ba65a",
        "text.shadow": "#00000000",
        "text.color": {
            "normal": "#bee8f4",
            "selected": "#ffffff"
        }
    },
    "chathistory.input.sendButton.selectType": {
        "icon.tintcolor": {
            "normal": "#5c93a6",
            "selected": "#e54317"
        },
        "text.color": {
            "normal": "#5c93a6",
            "selected": "#e54317"
        }
    },
    "chathistory.option.item.voip.video.image": {
        "video.call.image": "chatroom_option_ic_videocall_normal.png",
        "video.call.dimmed.image": "chatroom_option_ic_videocall_disable.png"
    },
    "moreMenu.lower.item": {
        "newIcon.image": "more_ic_new.png",
        "icon.tintcolor": "#013344",
        "background.color": {
            "normal": "#f3fbff",
            "pressed": "#e6f1f7"
        },
        "text.color": "#013344"
    },
    "list.common": {"divider.background.color": "#cfdde1"},
    "chathistory.balloon.send": {"background.image": {
        "normal": "chatroom_balloon_send_normal.9.png",
        "pressed": "chatroom_balloon_send_pressed.9.png"
    }},
    "navigationBar.search": {
        "back.icon.tintcolor": {
            "normal": "#ffffff",
            "pressed": "#ceeef8"
        },
        "underbar.background.color": "#c4ebf7",
        "background.image": "header_bg.9.png",
        "text.hint": "#ceeef8",
        "cancel.icon.tintcolor": "#ffffff",
        "text.color": "#ffffff"
    },
    "album.detail.menu": {
        "checked.icon.tintcolor": "#e54317",
        "item.color": {
            "normal": "#5c93a6",
            "selected": "#e54317"
        }
    },
    "friendlist.item": {
        "phoneIcon.tintcolor": {
            "normal": "#21809d",
            "pressed": "#21809d"
        },
        "phoneNumberText.color": "#5c93a6",
        "nameText.color": "#013344",
        "phoneIcon.background.tintcolor": {
            "normal": "#93d8ed",
            "pressed": "#75bcd2"
        },
        "addFriend.background.tintcolor": {
            "normal": "#93d8ed",
            "pressed": "#75bcd2"
        },
        "arrowIcon.tintcolor": "#afccd6",
        "moreButton.text.color": "#ffffff",
        "updateIcon.tintcolor": "#e54317",
        "addInviteButton.background.image": {
            "normal": "button_r10_normal.9.png",
            "pressed": "button_r10_pressed.9.png"
        },
        "addFriend.icon.tintcolor": "#21809d",
        "descriptionText.color": "#5c93a6",
        "statusText.color": "#5c93a6",
        "checkboxOff.image": "list_checkbox_img_normal.png",
        "checkboxOn.image": "list_checkbox_img_selected.png",
        "addInviteButton.color": "#ffffff",
        "moreButton.background.image": {
            "normal": "button_r01_normal.9.png",
            "pressed": "button_r01_pressed.9.png"
        }
    },
    "chathistory.option.item": {
        "button.background.color": {
            "normal": "#93d8ed",
            "pressed": "#83cee9"
        },
        "bottom.divider.background.color": "#79bfd4",
        "text.color": {
            "normal": "#ffffff",
            "dimmed": "#66ffffff"
        }
    },
    "profile.thumbnail": {
        "group.small.image": "group_thumbnail_small.png",
        "single.big.image": "user_thumbnail_large_00.png",
        "group.big.image": "group_thumbnail_large.png",
        "single.small.image": "user_thumbnail_small_00.png"
    },
    "chathistory.privatechat.view.common": {"background.image": "chatroom_bg_hidden.9.png"},
    "main.view.common": {"background.color": "#f3fbff"},
    "chathistory.input.voice": {
        "voip.background.color": {
            "normal": "#3ba65a",
            "pressed": "#227a3b"
        },
        "voip.icon.tintcolor": "#ffffff",
        "voip.text.color": "#ffffff",
        "close.background.color": {
            "normal": "#025b1c",
            "pressed": "#024215"
        },
        "close.icon.tintcolor": "#ffffff"
    },
    "manifest": {
        "schemaVersion": 1,
        "provider": {
            "name": "LINE Corporation",
            "url": "http://www.linecorp.com"
        },
        "themeVersion": "5.10.0",
        "name": "Kumainu",
        "platform": "Android",
        "revision": 1,
        "quality": 85
    },
    "noticenter2": {
        "title.text.color": "#013344",
        "arrow.icon.image": "timeline_img_tabarrow.png",
        "background.color": "#ffffff",
        "more.icon.tintcolor": "#9dbeca"
    },
    "chathistory.link.send.msg": {
        "bottom.background.image": "chatroom_gamemsg_line_send.9.png",
        "detail.text.color": "#0b7090",
        "arrow.tintcolor": "#44a0bd",
        "text.color": "#004960"
    },
    "chathistory.spammer": {
        "name.text.color": "#ffffff",
        "button.background.image": {
            "normal": "button_r06_normal.9.png",
            "pressed": "button_r06_pressed.9.png"
        },
        "background.image": "chatroom_onair_bg.9.png",
        "button.text.color": "#ffffff",
        "text.color": "#ffffff"
    },
    "navigationBar.moreMenu": {"item.text.color": "#013344"},
    "tabBar.item": {
        "badge.text.color": "#ffffff",
        "badge.background.image": "gnb_num_bg.9.png"
    },
    "chathistory.balloon.video.default.recv": {"background.color": "#f9fdff"},
    "addFriend.tab.addGroup": {
        "icon.background.tintcolor": "#b1ddea",
        "icon.tintcolor": "#619bac",
        "subtext.color": "#5c93a6",
        "updateButton.tintcolor": {
            "normal": "#3ba65a",
            "pressed": "#227a3b"
        },
        "background.color": {
            "normal": "#f3fbff",
            "pressed": "#e7f4fa"
        },
        "addButton.text.color": "#ffffff",
        "addButton.background.tintcolor": {
            "normal": "#3ba65a",
            "pressed": "#227a3b"
        },
        "arrow.tintcolor": "#afccd6",
        "text.color": "#013344"
    },
    "chathistory.contact.recv.msg": {
        "arrow.tintcolor": "#aac8d2",
        "text.color": "#013344"
    },
    "myhome.lineend.smiley": {"smiley.tintcolor": "#ffffff"},
    "splash": {"splash.background.image": {
        "normal": "splash_bg.9.png",
        "top": [
            "splash_img.png",
            "splash_logo.png"
        ],
        "gravity": [
            "center",
            "bottom"
        ]
    }},
    "passcode": {
        "number.background.tintcolor": {
            "normal": "#9cddf1",
            "pressed": "#83c7dc"
        },
        "passcode3.input.image": "password_ic_03_on.png",
        "passcode2.background.image": "password_ic_02_off.png",
        "passcode1.input.image": "password_ic_01_on.png",
        "number.text.tintcolor": "#ffffff",
        "passcode2.input.image": "password_ic_02_on.png",
        "passcode4.background.image": "password_ic_04_off.png",
        "background.color": "#9cddf1",
        "top.background.color": "#f3fbff",
        "text.color": "#013344",
        "infotext.color": "#5c93a6",
        "passcode1.background.image": "password_ic_01_off.png",
        "number.delete.tintcolor": {
            "normal": "#ffffff",
            "pressed": "#ffffff"
        },
        "passcode3.background.image": "password_ic_03_off.png",
        "number.cancel.text.color": {
            "normal": "#ffffff",
            "pressed": "#7fffffff"
        },
        "passcode4.input.image": "password_ic_04_on.png"
    },
    "myhome.post.body": {"text.color": "#76a5b6"}
}