{
    "calllist.item": {
        "dateText.color": "#e7a9a9",
        "phoneIcon.tintcolor": {
            "normal": "#912e2e",
            "pressed": "#912e2e"
        },
        "nameText.color": "#671212",
        "phoneIcon.background.tintcolor": {
            "normal": "#ffb8c0",
            "pressed": "#ffa9b3"
        },
        "dateIcon.tintcolor": "#e7a9a9"
    },
    "chathistory.attach.header": {
        "background.image": "header_bg.9.png",
        "text.color": "#ffffff"
    },
    "friendlist.category": {
        "textSeeAll.color": "#efbcbc",
        "arrowClose.tintcolor": "#f2c3c3",
        "arrowOpen.tintcolor": "#f2c3c3",
        "textSeeAll.arrow.tintcolor": "#efbcbc",
        "background.color": "#ffd9dd",
        "text.color": "#efbcbc"
    },
    "chathistory.file.recv.msg": {
        "file.icon.tintcolor": "#854141",
        "expire.text.color": "#671212",
        "arrow.tintcolor": "#b38888",
        "text.color": "#671212"
    },
    "tabBar.item.talk": {
        "normal.image": "gnb_ic_chats_normal.png",
        "selected.image": "gnb_ic_chats_selected.png"
    },
    "chathistory.text.send.msg": {"text.color": "#671212"},
    "grouphome.main": {
        "tab.text.color": "#a44f4f",
        "moreTab.icon.tintcolor": {
            "normal": "#ffffff",
            "pressed": "#a44f4f"
        },
        "albumCreateBtn.image": {
            "normal": "group_ic_postalbum.png",
            "pressed": "group_ic_postalbum_pressed.png"
        },
        "selectedTab.text.color": "#ffffff",
        "tab.background.color": "#851414",
        "postWriteBtn.image": {
            "normal": "group_ic_writepost.png",
            "pressed": "group_ic_writepost_pressed.png"
        },
        "tabBottomLine.background.color": "#b32222"
    },
    "chathistory.option.item.voip.video": {
        "background.color": {
            "normal": "#9b2828",
            "pressed": "#8f2121"
        },
        "text.color": {
            "normal": "#ffffff",
            "dimmed": "#66ffffff"
        }
    },
    "chathistory.text.recv.msg": {"text.color": "#671212"},
    "addFriend.tab.icon": {
        "idsearch.image": "gnb_ic_search.png",
        "invite.image": "gnb_ic_contacts.png",
        "qrcode.image": "gnb_ic_qrcode.png",
        "shakeit.image": "gnb_ic_shakeit.png"
    },
    "chathistory.balloon.text.send": {"background.image": {
        "normal": "chatroom_balloon_send_normal.9.png",
        "padding": "11 5 16 8",
        "pressed": "chatroom_balloon_send_pressed.9.png"
    }},
    "friendlist.common": {"noresult.text.color": "#e7a9a9"},
    "chatlist.item": {
        "messageText.color": "#e7a9a9",
        "nameText.color": "#671212",
        "newIcon.image": "list_category_chat_new.png",
        "timeText.color": "#e7a9a9",
        "muteIcon.tintcolor": "#edb6b7",
        "messageCountText.color": "#ffffff",
        "messageCountText.background.image": "list_category_chat_num.9.png"
    },
    "chathistory.attach.item": {
        "icon.tintcolor": "#ffffff",
        "external.icon.tintcolor": "#c38080",
        "background.color": {
            "normal": "#9b2b2b",
            "pressed": "#8f2424"
        },
        "text.color": "#ffffff"
    },
    "chathistory.common": {
        "datebar.background.image": "chatroom_date.9.png",
        "soundsticker.icon.tintcolor": "#f2aeb5",
        "autoresend.icon.tintcolor": "#f2aeb5",
        "checkBox.image": {
            "normal": "list_checkbox_img_normal.png",
            "selected": "list_checkbox_img_selected.png"
        },
        "time.color": "#f2aeb5",
        "name.color": "#f2aeb5",
        "datebar.text.color": "#ffffff"
    },
    "bottom.button.common": {
        "button1.background.color": {
            "normal": "#9b2828",
            "pressed": "#891f1f",
            "dimmed": "#9b2828"
        },
        "button2.background.color": {
            "normal": "#f88199",
            "pressed": "#f6748e",
            "dimmed": "#f88199"
        },
        "button1.text.color": {
            "normal": "#ffffff",
            "dimmed": "#66ffffff"
        },
        "button2.text.color": {
            "normal": "#ffffff",
            "dimmed": "#66ffffff"
        }
    },
    "invitemember.tab.item": {
        "icon.tintcolor": "#ffffff",
        "background.image": {
            "normal": "gnb_bg_addfriend_normal.9.png",
            "pressed": "gnb_bg_addfriend_pressed.9.png"
        },
        "text.color": "#ffffff"
    },
    "chathistory.music.recv.msg": {
        "title.text.color": "#671212",
        "playlist.default.image": "chatroom_ic_music_playlist.png",
        "playbtn.default.image": "chatroom_music_play_default.png",
        "playing.image": "chatroom_music_bar_playing.png",
        "playbtn.background.pressed.image": "chatroom_music_bar_pressed.png",
        "stopbtn.default.image": "chatroom_music_stop_default.png",
        "playbtn.pressed.image": "chatroom_music_play_pressed.png",
        "playbtn.background.default.image": "chatroom_music_bar_default.png",
        "typename.text.color": "#671212",
        "topic.default.image": "chatroom_ic_music_topic.png",
        "service.text.color": "#671212",
        "loading.image": "chatroom_music_loading.png",
        "artist.text.color": "#671212",
        "stopbtn.pressed.image": "chatroom_music_stop_pressed.png"
    },
    "myhome.post.bottom": {
        "commentText.color": "#b32222",
        "commentIcon.image": {
            "normal": "timeline_ic_postcomment.png",
            "selected": "timeline_ic_postcomment.png"
        },
        "likeText.color": "#b32222",
        "likeIcon.image": {
            "normal": "timeline_ic_postlike_off.png",
            "selected": "timeline_ic_postlike_on.png"
        },
        "likeCountText.color": "#b32222",
        "commentCountText.color": "#b32222"
    },
    "chathistory.balloon.recv": {"background.image": {
        "normal": "chatroom_balloon_rec_normal.9.png",
        "pressed": "chatroom_balloon_rec_pressed.9.png"
    }},
    "chathistory.memberlist.area": {"background.color": "#e59b2828"},
    "chathistory.contact.send.msg": {
        "arrow.tintcolor": "#b36a6d",
        "text.color": "#671212"
    },
    "tabBar.item.friend": {
        "normal.image": "gnb_ic_friends_normal.png",
        "selected.image": "gnb_ic_friends_selected.png"
    },
    "moreMenu.item": {
        "addfriend.image": "more_ic_addfriends.png",
        "newIcon.image": "more_ic_new.png",
        "setting.image": "more_ic_settings.png",
        "background.color": {
            "normal": "#ffd9dd",
            "pressed": "#ffcfd4"
        },
        "text.color": "#b31b1b"
    },
    "myhome.list.header": {
        "updateTitleText.color": "#e7a9a9",
        "updateText.color": "#e7a9a9",
        "updateTimeText.color": "#e7a9a9"
    },
    "chathistory.file.send.msg": {
        "file.icon.tintcolor": "#853536",
        "expire.text.color": "#671212",
        "arrow.tintcolor": "#b36a6d",
        "text.color": "#671212"
    },
    "chathistory.privatechat.balloon.receive.text": {
        "background.image": {
            "normal": "chatroom_balloon_hidden.9.png",
            "pressed": "chatroom_balloon_hidden.9.png"
        },
        "icon.arrow.tintcolor": "#efcfcf",
        "text.color": "#671212"
    },
    "common.empty.page": {
        "zero.subtitle.color": "#e1a1a1",
        "zerobutton.text.color": "#ffffff",
        "call.name.text.color": "#671212",
        "zero.title.color": "#671212",
        "zero.image": "zero_img_empty.png",
        "error.subtitle.color": "#e1a1a1",
        "error.button.background.image": {
            "normal": "button_r07_normal.9.png",
            "pressed": "button_r07_pressed.9.png"
        },
        "call.link.text.color": "#e1a1a1",
        "error.button.text.color": "#ffffff",
        "zerobutton.background.image": {
            "normal": "button_r07_normal.9.png",
            "pressed": "button_r07_pressed.9.png"
        },
        "error.image": "zero_img_error.png"
    },
    "grouphome.friend.request": {
        "btn.background.color": {
            "normal": "#9b2828",
            "pressed": "#891f1f"
        },
        "btn.text.color": "#ffffff",
        "background.color": "#999b2828",
        "message.text.color": "#ffffff",
        "message.icon.tintcolor": "#ffffff"
    },
    "notification.popup": {
        "setting.checkbox.background.image": {
            "normal": "list_checkbox_img_normal.png",
            "selected": "list_checkbox_img_selected.png"
        },
        "title.logo.tintcolor": "#ffffff",
        "title.username.text.color": "#ffffff",
        "title.groupname.text.color": "#ffffff",
        "title.count.background.image": "popup_noti_img_num_bg.9.png",
        "title.background.image": "popup_noti_bg_top.9.png",
        "title.setting.image.tintcolor": "#ffffff",
        "reply.input.bar.background.color": {
            "normal": "#d6d6d6",
            "selected": "#d6d6d6"
        },
        "title.count.text.color": "#ffffff",
        "reply.sendbutton.tintcolor": {
            "normal": "#9d4343",
            "pressed": "#851414",
            "selected": "#9d4343"
        }
    },
    "tabBar.item.call": {
        "normal.image": "gnb_ic_call_normal.png",
        "selected.image": "gnb_ic_call_selected.png"
    },
    "tabBar": {
        "background.image.pattern": true,
        "background.image": "gnb_bg_pattern.png",
        "selectorBar.background.color": "#661203",
        "shadow.image": "gnb_gra.9.png"
    },
    "chathistory.attach.item.image": {
        "contact.image": {"normal": "chatroom_attach_ic_info.png"},
        "take.video.image": {"normal": "chatroom_attach_ic_takevideo.png"},
        "choose.video.image": {"normal": "chatroom_attach_ic_chooesvideo.png"},
        "take.photo.image": {"normal": "chatroom_attach_ic_takephoto.png"},
        "choose.photo.image": {"normal": "chatroom_attach_ic_photo.png"},
        "audio.image": {"normal": "chatroom_attach_ic_voicemessage.png"},
        "location.image": {"normal": "chatroom_attach_ic_location.png"}
    },
    "tabBar.item.more": {
        "normal.image": "gnb_ic_more_normal.png",
        "selected.image": "gnb_ic_more_selected.png"
    },
    "chathistory.groupboard.recv.msg": {
        "videoicon.tintcolor": "#671212",
        "more.text.color": "#671212",
        "photo.default.tintcolor": "#671212",
        "photoicon.tintcolor": "#671212",
        "bottom.background.image": "chatroom_gamemsg_line_rec.9.png",
        "sticker.default.tintcolor": "#671212",
        "video.default.tintcolor": "#671212",
        "location.text.color": "#671212",
        "arrow.tintcolor": "#b38888",
        "text.color": "#671212",
        "bottom.text.color": "#671212"
    },
    "myhome.background": {"background.color": "#ffd9dd"},
    "navigationBar.tab": {"text.color": {
        "normal": "#b67272",
        "selected": "#ffffff"
    }},
    "grouphome.member.category": {
        "edit.btn.background.image": {
            "normal": "button_r10_normal.9.png",
            "pressed": "button_r10_pressed.9.png"
        },
        "category.text.color": "#e7a9a9",
        "category.divider.background.color": "#f4c8cd",
        "category.count.text.color": "#e7a9a9",
        "edit.btn.text.color": "#ffffff"
    },
    "chathistory.balloon.video.default.send": {"background.color": "#ffc2c8"},
    "moreMenu.topbanner.item": {
        "subtext.color": "#e7a9a9",
        "arrowIcon.tintcolor": "#f5b8ba",
        "background.color": "#ffd9dd",
        "topDivider.background.color": "#f8c4ca",
        "text.color": "#671212"
    },
    "chathistory.music.send.msg": {
        "title.text.color": "#671212",
        "playlist.default.image": "chatroom_ic_music_playlist.png",
        "playbtn.default.image": "chatroom_music_play_default.png",
        "playing.image": "chatroom_music_bar_playing.png",
        "playbtn.background.pressed.image": "chatroom_music_bar_pressed.png",
        "stopbtn.default.image": "chatroom_music_stop_default.png",
        "playbtn.pressed.image": "chatroom_music_play_pressed.png",
        "playbtn.background.default.image": "chatroom_music_bar_default.png",
        "typename.text.color": "#671212",
        "topic.default.image": "chatroom_ic_music_topic.png",
        "service.text.color": "#671212",
        "loading.image": "chatroom_music_loading.png",
        "artist.text.color": "#671212",
        "stopbtn.pressed.image": "chatroom_music_stop_pressed.png"
    },
    "grouphome.error": {
        "btn.text.color": "#ffffff",
        "sticker.image": "zero_img_error.png",
        "icon.tintcolor": "#f3c1c3",
        "msg.text.color": "#e7a9a9",
        "btn.text.background.image": {
            "normal": "button_r08_normal.9.png",
            "pressed": "button_r08_pressed.9.png"
        },
        "msg.text.shadow": "#00000000"
    },
    "select.chat.bottom": {
        "button.background.color": {
            "normal": "#9b2828",
            "pressed": "#891f1f"
        },
        "button.icon.tintcolor": "#ffffff",
        "button.text.color": {
            "normal": "#ffffff",
            "dimmed": "#7fffffff"
        }
    },
    "chathistory.option.item.voip.voice": {
        "background.color": {
            "normal": "#9b2828",
            "pressed": "#8f2121"
        },
        "text.color": {
            "normal": "#ffffff",
            "dimmed": "#66ffffff"
        }
    },
    "chathistory.view.common": {
        "background.image.pattern": true,
        "background.image": {"normal": "chatroom_bg_pattern.png"}
    },
    "chathistory.input": {
        "inputText.color": "#671212",
        "photoButton.icon.image": "chatroom_ic_photo.png",
        "inputText.hint": "#c68a8a",
        "attachButton.icon.image": "chatroom_ic_add.png",
        "background.image": "chatroom_input_bg.9.png",
        "sendButton.background.color": {
            "normal": "#ae2222",
            "pressed": "#891f1f"
        },
        "sendButton.tintcolor": "#ffffff",
        "eskButton.icon.image": "chatroom_ic_stickers.png"
    },
    "friendlist.item.common": {
        "new.background.color": {
            "normal": "#ffeff1",
            "pressed": "#ffe8eb"
        },
        "checked.background.color": {
            "normal": "#ffcfd4",
            "pressed": "#ffcfd4"
        },
        "background.color": {
            "normal": "#ffd9dd",
            "pressed": "#ffcfd4"
        }
    },
    "chathistory.privatechat.tooltip": {"text.color": "#9b2828"},
    "chathistory.option.item.image": {
        "block.image": "chatroom_option_ic_block.png",
        "timer.image": "chatroom_option_ic_timer_normal.png",
        "recommend.dimmed.image": "chatroom_option_ic_recom_disable.png",
        "edit.group.image": "chatroom_option_ic_editgroup_normal.png",
        "invite.image": "chatroom_option_ic_invite_normal.png",
        "leave.dimmed.image": "chatroom_option_ic_leave_disable.png",
        "leave.image": "chatroom_option_ic_leave_normal.png",
        "line.call.dimmed.image": "chatroom_option_ic_linecall_disable.png",
        "album.image": "chatroom_option_ic_albums_normal.png",
        "recommend.image": "chatroom_option_ic_recom_normal.png",
        "create.group.dimmed.image": "chatroom_option_ic_creategroup_disable.png",
        "timer.dimmed.image": "chatroom_option_ic_timer_disable.png",
        "create.group.image": "chatroom_option_ic_creategroup_normal.png",
        "edit.image": "chatroom_option_ic_edit_normal.png",
        "edit.group.dimmed.image": "chatroom_option_ic_editgroup_disable.png",
        "photo.video.dimmed.image": "chatroom_option_ic_pv_disable.png",
        "notification.on.image": "chatroom_option_ic_noti_on.png",
        "album.dimmed.image": "chatroom_option_ic_albums_disable.png",
        "setting.dimmed.image": "chatroom_option_ic_setting_disable.png",
        "invite.dimmed.image": "chatroom_option_ic_invite_disable.png",
        "notification.off.image": "chatroom_option_ic_noti_off.png",
        "setting.image": "chatroom_option_ic_setting_normal.png",
        "unblock.image": "chatroom_option_ic_unblock.png",
        "photo.video.image": "chatroom_option_ic_pv_normal.png",
        "edit.dimmed.image": "chatroom_option_ic_edit_disable.png",
        "line.call.image": "chatroom_option_ic_linecall_normal.png",
        "photo.image": "chatroom_option_ic_pv_normal.png",
        "send.gift.dimmed.image": "chatroom_option_ic_gift_disable.png",
        "send.gift.image": "chatroom_option_ic_gift_normal.png"
    },
    "myhome.write.post": {
        "icon.tintcolor": "#b32222",
        "text.color": "#b32222"
    },
    "chathistory.gift.send.msg": {
        "background.image": "chatroom_balloon_gift_send.9.png",
        "text.color": "#671212"
    },
    "chathistory.voip.send.msg": {
        "icon.tintcolor": "#853536",
        "linecall.text.color": "#671212",
        "text.color": "#671212"
    },
    "chathistory.privatechat.header.banner.item": {
        "icon.tintcolor": "#9b2828",
        "text.color": "#9b2828"
    },
    "view.common": {"background.color": "#ffd9dd"},
    "chathistory.groupboard.tip": {"text.color": "#9b2828"},
    "search.chat.highlightColor": {
        "chatList.text.color": "#d92b2b",
        "receiveMessage.text.color": "#ffecc7",
        "sendMessage.text.color": "#ffecc7"
    },
    "myhome.cover": {
        "officialHomeProfileText.color": "#671212",
        "officialHomeProfileArrow.tintcolor": {
            "normal": "#671212",
            "pressed": "#671212"
        }
    },
    "navigationBar": {
        "title.text.color": "#ffffff",
        "button.background.color": {
            "normal": "#00000000",
            "pressed": "#00000000"
        },
        "badge.text.color": "#ffffff",
        "button.tintcolor": {
            "normal": "#ffffff",
            "pressed": "#b67272",
            "dimmed": "#b67272",
            "selected": "#ffffff"
        },
        "background.image": "header_bg.9.png",
        "badge.new.image": "header_ic_new.png",
        "button.text.color": {
            "normal": "#ffffff",
            "pressed": "#b67272",
            "dimmed": "#b67272",
            "selected": "#ffffff"
        },
        "title.button.tintcolor": "#ffffff",
        "status.background.color": "#7b1212",
        "badge.count.background.image": "header_num_bg.9.png"
    },
    "chathistory.voice.recv.msg": {
        "speak.expire.image": "chatroom_ic_voicemsg_rec_x.png",
        "bottom.background.image": "chatroom_voicemsg_line_w_rec.9.png",
        "colon.tintcolor": {
            "normal": "#c2a0a0",
            "selected": "#671212"
        },
        "seperator.image": "chatroom_voicemsg_line_h_rec.9.png",
        "speak3.image": "chatroom_ic_voicemsg_rec_03.png",
        "speak1.image": "chatroom_ic_voicemsg_rec_01.png",
        "share.image": {
            "normal": "chatroom_ic_voicemsg_rec_share.png",
            "selected": "chatroom_ic_voicemsg_rec_share_pressed.png"
        },
        "play.image": {
            "normal": "chatroom_ic_voicemsg_rec_play.png",
            "selected": "chatroom_ic_voicemsg_rec_play_pressed.png"
        },
        "speak.image": "chatroom_ic_voicemsg_rec_00.png",
        "pause.image": {
            "normal": "chatroom_ic_voicemsg_rec_pause.png",
            "selected": "chatroom_ic_voicemsg_rec_pause_pressed.png"
        },
        "speak2.image": "chatroom_ic_voicemsg_rec_02.png",
        "text.color": {
            "normal": "#c2a0a0",
            "selected": "#671212"
        }
    },
    "tabBar.item.timeline": {
        "highlight.image": "gnb_ic_timeline_new.png",
        "normal.image": "gnb_ic_timeline_normal.png",
        "selected.image": "gnb_ic_timeline_selected.png"
    },
    "grouphome.member.profile": {
        "add.btn.icon.tintcolor": "#ae2222",
        "profile.name.text.color": "#671212"
    },
    "addFriend.tab.item": {
        "background.image": {
            "normal": "gnb_bg_addfriend_normal.9.png",
            "pressed": "gnb_bg_addfriend_pressed.9.png"
        },
        "text.color": "#ffffff"
    },
    "chathistory.voice.send.msg": {
        "speak.expire.image": "chatroom_ic_voicemsg_send_x.png",
        "bottom.background.image": "chatroom_voicemsg_line_w_send.9.png",
        "colon.tintcolor": {
            "normal": "#c27c7f",
            "selected": "#671212"
        },
        "seperator.image": "chatroom_voicemsg_line_h_send.9.png",
        "speak3.image": "chatroom_ic_voicemsg_send_03.png",
        "speak1.image": "chatroom_ic_voicemsg_send_01.png",
        "share.image": {
            "normal": "chatroom_ic_voicemsg_send_share.png",
            "selected": "chatroom_ic_voicemsg_send_share_pressed.png"
        },
        "play.image": {
            "normal": "chatroom_ic_voicemsg_send_play.png",
            "selected": "chatroom_ic_voicemsg_send_play_pressed.png"
        },
        "speak.image": "chatroom_ic_voicemsg_send_00.png",
        "pause.image": {
            "normal": "chatroom_ic_voicemsg_send_pause.png",
            "selected": "chatroom_ic_voicemsg_send_pause_pressed.png"
        },
        "speak2.image": "chatroom_ic_voicemsg_send_02.png",
        "text.color": {
            "normal": "#c27c7f",
            "selected": "#671212"
        }
    },
    "chathistory.option.item.voip.voice.image": {
        "voice.call.dimmed.image": "chatroom_option_ic_freecall_disable.png",
        "voice.call.image": "chatroom_option_ic_freecall_normal.png"
    },
    "chathistory.onair": {
        "background.image": "chatroom_onair_bg.9.png",
        "subtext.color": "#b96969",
        "text.color": "#ffffff"
    },
    "chathistory.voip.recv.msg": {
        "icon.tintcolor": "#854141",
        "linecall.text.color": "#671212",
        "text.color": "#671212"
    },
    "moreMenu.view": {"background.color": "#ffd9dd"},
    "myhome.post.header": {
        "groupBtn.popup.arrow.tintcolor": "#dfa5a5",
        "nameText.color": "#671212",
        "groupBtn.background.image": {
            "normal": "button_r09_normal.9.png",
            "pressed": "button_r09_pressed.9.png"
        },
        "groupBtn.text.color": "#f8a4a4",
        "groupBtn.popup.background.image": "timeline_img_bg_see_bg01.9.png",
        "sharePostMessage.color": "#671212",
        "groupBtn.popup.pressed.reverse.background.image": {
            "normal": "",
            "pressed": "timeline_img_bg_see_bg02_pressed.9.png"
        },
        "groupBtn.popup.divider.background.color": "#8c1919",
        "groupBtn.icon.tintcolor": "#f3a0a0",
        "groupBtn.popup.reverse.background.image": "timeline_img_bg_see_bg02.9.png",
        "timeText.color": "#888888",
        "groupBtn.popup.detail.text.color": "#efd2d2",
        "groupBtn.popup.pressed.background.image": {
            "normal": "",
            "pressed": "timeline_img_bg_see_bg01_pressed.9.png"
        },
        "groupBtn.popup.text.color": "#ffffff"
    },
    "chathistory.balloon.text.recv": {"background.image": {
        "normal": "chatroom_balloon_rec_normal.9.png",
        "padding": "16 5 11 8",
        "pressed": "chatroom_balloon_rec_pressed.9.png"
    }},
    "timeline.list.newpost": {
        "background.image": {
            "normal": "timeline_newpost_btn.9.png",
            "pressed": "timeline_newpost_btn_pressed.9.png"
        },
        "text.color": "#ffffff"
    },
    "chathistory.gift.recv.msg": {
        "button.background.image": {
            "normal": "button_r07_normal.9.png",
            "pressed": "button_r07_pressed.9.png"
        },
        "background.image": "chatroom_balloon_gift_rec.9.png",
        "button.text.color": "#ffffff",
        "button.text.shadow": "#00000000",
        "text.color": "#671212"
    },
    "grouphome.empty": {
        "empty.album.icon.image.tintcolor": "#f3c1c3",
        "empty.btn.text.color": "#ffffff",
        "empty.note.icon.image.tintcolor": "#f3c1c3",
        "empty.btn.background.image": {
            "normal": "button_r08_normal.9.png",
            "pressed": "button_r08_pressed.9.png"
        },
        "empty.text.color": "#e7a9a9"
    },
    "multi.userselect": {
        "name.text.color": "#ffffff",
        "background.color": "#9b2828"
    },
    "chathistory.link.recv.msg": {
        "bottom.background.image": "chatroom_gamemsg_line_rec.9.png",
        "detail.text.color": "#671212",
        "arrow.tintcolor": "#b38888",
        "text.color": "#671212"
    },
    "timeline.userrecall": {
        "recalled.user.text.color": "#ae2222",
        "recall.user.text.color": "#ffffff",
        "suggest.dialog.text.color": "#ae2222",
        "recall.user.text.background.color": "#ffc0c7"
    },
    "searchBar": {
        "underbar.background.color": {
            "normal": "#f5c9ca",
            "selected": "#f5c9ca"
        },
        "text.hint": "#ecb3b3",
        "search.icon.image": "list_ic_search.png",
        "cancel.icon.tintcolor": "#f0bbbb",
        "text.color": "#853a3b"
    },
    "chathistory.groupboard.send.msg": {
        "videoicon.tintcolor": "#671212",
        "more.text.color": "#671212",
        "photo.default.tintcolor": "#671212",
        "photoicon.tintcolor": "#671212",
        "bottom.background.image": "chatroom_gamemsg_line_send.9.png",
        "sticker.default.tintcolor": "#671212",
        "video.default.tintcolor": "#671212",
        "location.text.color": "#671212",
        "arrow.tintcolor": "#b36a6d",
        "text.color": "#671212",
        "bottom.text.color": "#671212"
    },
    "chathistory.privatechat.common": {
        "name.text.color": "#f2c4c9",
        "timer.text.color": "#f2c4c9",
        "autoresend.icon.tintcolor": "#f2c4c9",
        "time.text.color": "#f2c4c9"
    },
    "select.chat.tab": {
        "background.image": "gnb_bg_select.9.png",
        "selectorBar.background.color": "#720f0f",
        "text.shadow": "#00000000",
        "text.color": {
            "normal": "#b45e5e",
            "selected": "#ffffff"
        }
    },
    "chathistory.input.sendButton.selectType": {
        "icon.tintcolor": {
            "normal": "#d34e4e",
            "selected": "#f88199"
        },
        "text.color": {
            "normal": "#d34e4e",
            "selected": "#f88199"
        }
    },
    "chathistory.option.item.voip.video.image": {
        "video.call.image": "chatroom_option_ic_videocall_normal.png",
        "video.call.dimmed.image": "chatroom_option_ic_videocall_disable.png"
    },
    "moreMenu.lower.item": {
        "newIcon.image": "more_ic_new.png",
        "icon.tintcolor": "#b21b1b",
        "background.color": {
            "normal": "#ffd9dd",
            "pressed": "#ffcfd4"
        },
        "text.color": "#b31b1b"
    },
    "list.common": {"divider.background.color": "#f4c8cd"},
    "chathistory.balloon.send": {"background.image": {
        "normal": "chatroom_balloon_send_normal.9.png",
        "pressed": "chatroom_balloon_send_pressed.9.png"
    }},
    "navigationBar.search": {
        "back.icon.tintcolor": {
            "normal": "#ffffff",
            "pressed": "#b67272"
        },
        "underbar.background.color": "#a44f4f",
        "background.image": "header_bg.9.png",
        "text.hint": "#a44f4f",
        "cancel.icon.tintcolor": "#ffffff",
        "text.color": "#ffffff"
    },
    "album.detail.menu": {
        "checked.icon.tintcolor": "#9b2828",
        "item.color": {
            "normal": "#9b2828",
            "selected": "#9b2828"
        }
    },
    "friendlist.item": {
        "phoneIcon.tintcolor": {
            "normal": "#912e2e",
            "pressed": "#912e2e"
        },
        "phoneNumberText.color": "#e7a9a9",
        "nameText.color": "#671212",
        "phoneIcon.background.tintcolor": {
            "normal": "#ffb8c0",
            "pressed": "#ffa9b3"
        },
        "addFriend.background.tintcolor": {
            "normal": "#ffb8c0",
            "pressed": "#ffa9b3"
        },
        "arrowIcon.tintcolor": "#f2c3c3",
        "moreButton.text.color": "#ffffff",
        "updateIcon.tintcolor": "#f98199",
        "addInviteButton.background.image": {
            "normal": "button_r10_normal.9.png",
            "pressed": "button_r10_pressed.9.png"
        },
        "addFriend.icon.tintcolor": "#912e2e",
        "descriptionText.color": "#e7a9a9",
        "statusText.color": "#e7a9a9",
        "checkboxOff.image": "list_checkbox_img_normal.png",
        "checkboxOn.image": "list_checkbox_img_selected.png",
        "addInviteButton.color": "#ffffff",
        "moreButton.background.image": {
            "normal": "button_r01_normal.9.png",
            "pressed": "button_r01_pressed.9.png"
        }
    },
    "chathistory.option.item": {
        "button.background.color": {
            "normal": "#9b2828",
            "pressed": "#8f2121"
        },
        "bottom.divider.background.color": "#801d1d",
        "text.color": {
            "normal": "#ffffff",
            "dimmed": "#66ffffff"
        }
    },
    "profile.thumbnail": {
        "group.small.image": "group_thumbnail_small.png",
        "single.big.image": "user_thumbnail_large_00.png",
        "group.big.image": "group_thumbnail_large.png",
        "single.small.image": "user_thumbnail_small_00.png"
    },
    "chathistory.privatechat.view.common": {"background.image": "chatroom_bg_hidden.9.png"},
    "main.view.common": {"background.color": "#ffd9dd"},
    "chathistory.input.voice": {
        "voip.background.color": {
            "normal": "#9b2828",
            "pressed": "#891f1f"
        },
        "voip.icon.tintcolor": "#ffffff",
        "voip.text.color": "#ffffff",
        "close.background.color": {
            "normal": "#912121",
            "pressed": "#801919"
        },
        "close.icon.tintcolor": "#f9f9f9"
    },
    "manifest": {
        "schemaVersion": 1,
        "provider": {
            "name": "LINE Corporation",
            "url": "http://www.linecorp.com"
        },
        "themeVersion": "5.10.0",
        "name": "Chocolate_Kitty",
        "platform": "Android",
        "revision": 3,
        "quality": 0
    },
    "noticenter2": {
        "title.text.color": "#7b1212",
        "arrow.icon.image": "timeline_img_tabarrow.png",
        "background.color": "#ffffff",
        "more.icon.tintcolor": "#bd7c7d"
    },
    "chathistory.link.send.msg": {
        "bottom.background.image": "chatroom_gamemsg_line_send.9.png",
        "detail.text.color": "#671212",
        "arrow.tintcolor": "#b36a6d",
        "text.color": "#671212"
    },
    "chathistory.spammer": {
        "name.text.color": "#b96969",
        "button.background.image": {
            "normal": "button_r06_normal.9.png",
            "pressed": "button_r06_pressed.9.png"
        },
        "background.image": "chatroom_spammer_bg.9.png",
        "button.text.color": "#ffffff",
        "text.color": "#ffffff"
    },
    "navigationBar.moreMenu": {"item.text.color": "#9b2828"},
    "tabBar.item": {"badge.background.image": "gnb_num_bg.9.png"},
    "chathistory.balloon.video.default.recv": {"background.color": "#ffffff"},
    "addFriend.tab.addGroup": {
        "icon.background.tintcolor": "#ffb8c0",
        "icon.tintcolor": "#671212",
        "subtext.color": "#e7a9a9",
        "updateButton.tintcolor": {
            "normal": "#9b2828",
            "pressed": "#891f1f"
        },
        "addButton.text.color": "#ffffff",
        "background.color": {
            "normal": "#ffd9dd",
            "pressed": "#ffcfd4"
        },
        "addButton.background.tintcolor": {
            "normal": "#9b2828",
            "pressed": "#891f1f"
        },
        "arrow.tintcolor": "#f6b4bc",
        "text.color": "#671212"
    },
    "chathistory.contact.recv.msg": {
        "arrow.tintcolor": "#b38888",
        "text.color": "#671212"
    },
    "myhome.lineend.smiley": {"smiley.tintcolor": "#ffffff"},
    "splash": {
        "splash.background.image": {
            "normal": "",
            "top": [
                "splash_img.png",
                "splash_logo.png"
            ],
            "gravity": [
                "center",
                "bottom"
            ]
        },
        "background.color": "#ffd9dd"
    },
    "passcode": {
        "number.background.tintcolor": {
            "normal": "#971a1a",
            "pressed": "#8a1313"
        },
        "passcode3.input.image": "password_ic_03_on.png",
        "passcode2.background.image": "password_ic_02_off.png",
        "passcode1.input.image": "password_ic_01_on.png",
        "number.text.tintcolor": "#ffffff",
        "passcode2.input.image": "password_ic_02_on.png",
        "passcode4.background.image": "password_ic_04_off.png",
        "background.color": "#971a1a",
        "top.background.color": "#ffd9dd",
        "text.color": "#971a1a",
        "infotext.color": "#e19595",
        "passcode1.background.image": "password_ic_01_off.png",
        "number.delete.tintcolor": {
            "normal": "#ffffff",
            "pressed": "#ffffff"
        },
        "passcode3.background.image": "password_ic_03_off.png",
        "number.cancel.text.color": {
            "normal": "#ffffff",
            "pressed": "#66ffffff"
        },
        "passcode4.input.image": "password_ic_04_on.png"
    },
    "myhome.post.body": {"text.color": "#323232"}
}