{
    "calllist.item": {
        "dateText.color": "#b08273",
        "phoneIcon.tintcolor": {
            "normal": "#ffd93a",
            "pressed": "#be9b36"
        },
        "nameText.color": "#eedbd5",
        "phoneIcon.background.tintcolor": {
            "normal": "#513528",
            "pressed": "#4c3124"
        },
        "dateIcon.tintcolor": "#b08273"
    },
    "chathistory.attach.header": {
        "background.image": "header_bg.9.png",
        "text.color": "#ffffff"
    },
    "friendlist.category": {
        "textSeeAll.color": "#986758",
        "arrowClose.tintcolor": "#986758",
        "arrowOpen.tintcolor": "#986758",
        "textSeeAll.arrow.tintcolor": "#986758",
        "background.color": "#5c3e30",
        "text.color": "#9d7260"
    },
    "chathistory.file.recv.msg": {
        "file.icon.tintcolor": "#5a3013",
        "expire.text.color": "#9c8371",
        "arrow.tintcolor": "#9c8371",
        "text.color": "#5a3013"
    },
    "tabBar.item.talk": {
        "normal.image": "gnb_ic_chats_normal.png",
        "selected.image": "gnb_ic_chats_selected.png"
    },
    "chathistory.text.send.msg": {"text.color": "#24120b"},
    "grouphome.main": {
        "tab.text.color": "#c0a79c",
        "moreTab.icon.tintcolor": {
            "normal": "#c0a79c",
            "pressed": "#a4806d"
        },
        "albumCreateBtn.image": {
            "normal": "group_ic_postalbum.png",
            "pressed": "group_ic_postalbum_pressed.png"
        },
        "selectedTab.text.color": "#492e21",
        "tab.background.color": "#ffffff",
        "postWriteBtn.image": {
            "normal": "group_ic_writepost.png",
            "pressed": "group_ic_writepost_pressed.png"
        },
        "tabBottomLine.background.color": "#492e21"
    },
    "chathistory.option.item.voip.video": {
        "background.color": {
            "normal": "#55382a",
            "pressed": "#4c3226"
        },
        "text.color": {
            "normal": "#a96d5b",
            "dimmed": "#66a96d5b"
        }
    },
    "chathistory.text.recv.msg": {"text.color": "#24120b"},
    "addFriend.tab.icon": {
        "idsearch.image": "gnb_ic_search.png",
        "invite.image": "gnb_ic_contacts.png",
        "qrcode.image": "gnb_ic_qrcode.png",
        "shakeit.image": "gnb_ic_shakeit.png"
    },
    "chathistory.balloon.text.send": {"background.image": {
        "normal": "chatroom_balloon_send_normal.9.png",
        "padding": "11 5 16 8",
        "pressed": "chatroom_balloon_send_pressed.9.png"
    }},
    "friendlist.common": {"noresult.text.color": "#a4867c"},
    "chatlist.item": {
        "messageText.color": "#b08273",
        "nameText.color": "#eedbd5",
        "newIcon.image": "list_category_chat_new.png",
        "timeText.color": "#a96d5b",
        "muteIcon.tintcolor": "#ad7e70",
        "messageCountText.color": "#5c3e30",
        "messageCountText.background.image": "list_category_chat_num.9.png"
    },
    "chathistory.attach.item": {
        "icon.tintcolor": "#7c4923",
        "external.icon.tintcolor": "#bc9a85",
        "background.color": {
            "normal": "#fcece7",
            "pressed": "#ecd7ce"
        },
        "text.color": "#6c2e00"
    },
    "chathistory.common": {
        "datebar.background.image": "chatroom_date.9.png",
        "soundsticker.icon.tintcolor": "#9a7162",
        "autoresend.icon.tintcolor": "#9a7162",
        "checkBox.image": {
            "normal": "list_checkbox_img_normal.png",
            "selected": "list_checkbox_img_selected.png"
        },
        "time.color": "#9a7162",
        "name.color": "#b58677",
        "datebar.text.color": "#b79c91"
    },
    "bottom.button.common": {
        "button1.background.color": {
            "normal": "#ffd93b",
            "pressed": "#d59b00",
            "dimmed": "#ffd93b"
        },
        "button2.background.color": {
            "normal": "#e0c9c2",
            "pressed": "#b59f98",
            "dimmed": "#e0c9c2"
        },
        "button1.text.color": {
            "normal": "#3d231b",
            "dimmed": "#663d231b"
        },
        "button2.text.color": {
            "normal": "#3d231b",
            "dimmed": "#663d231b"
        }
    },
    "invitemember.tab.item": {
        "icon.tintcolor": "#ffffff",
        "background.image": {
            "normal": "gnb_bg_addfriend_normal.9.png",
            "pressed": "gnb_bg_addfriend_pressed.9.png"
        },
        "text.color": "#ffffff"
    },
    "chathistory.music.recv.msg": {
        "title.text.color": "#5a3013",
        "playlist.default.image": "chatroom_ic_music_playlist.png",
        "playbtn.default.image": "chatroom_music_play_default.png",
        "playing.image": "chatroom_music_bar_playing.png",
        "playbtn.background.pressed.image": "chatroom_music_bar_pressed.png",
        "stopbtn.default.image": "chatroom_music_stop_default.png",
        "playbtn.pressed.image": "chatroom_music_play_pressed.png",
        "playbtn.background.default.image": "chatroom_music_bar_default.png",
        "typename.text.color": "#7f5a3013",
        "topic.default.image": "chatroom_ic_music_topic.png",
        "service.text.color": "#5a3013",
        "loading.image": "chatroom_music_loading.png",
        "artist.text.color": "#7f5a3013",
        "stopbtn.pressed.image": "chatroom_music_stop_pressed.png"
    },
    "myhome.post.bottom": {
        "commentText.color": "#aa6e52",
        "commentIcon.image": {
            "normal": "timeline_ic_postcomment.png",
            "selected": "timeline_ic_postcomment.png"
        },
        "likeText.color": "#aa6e52",
        "likeIcon.image": {
            "normal": "timeline_ic_postlike_off.png",
            "selected": "timeline_ic_postlike_on.png"
        },
        "likeCountText.color": "#aa6e52",
        "commentCountText.color": "#aa6e52"
    },
    "chathistory.balloon.recv": {"background.image": {
        "normal": "chatroom_balloon_rec_normal.9.png",
        "pressed": "chatroom_balloon_rec_pressed.9.png"
    }},
    "chathistory.memberlist.area": {"background.color": "#f24f362a"},
    "chathistory.contact.send.msg": {
        "arrow.tintcolor": "#9c7423",
        "text.color": "#24120b"
    },
    "tabBar.item.friend": {
        "normal.image": "gnb_ic_friends_normal.png",
        "selected.image": "gnb_ic_friends_selected.png"
    },
    "moreMenu.item": {
        "newIcon.image": "more_ic_new.png",
        "background.color": {
            "normal": "#5c3e30",
            "pressed": "#53382b"
        },
        "text.color": "#c2aea6"
    },
    "myhome.list.header": {
        "updateTitleText.color": "#a4806d",
        "updateText.color": "#825039",
        "updateTimeText.color": "#a4806d"
    },
    "chathistory.file.send.msg": {
        "file.icon.tintcolor": "#5a3013",
        "expire.text.color": "#9c7423",
        "arrow.tintcolor": "#9c7423",
        "text.color": "#5a3013"
    },
    "chathistory.privatechat.balloon.receive.text": {
        "background.image": {
            "normal": "chatroom_balloon_hidden.9.png",
            "pressed": "chatroom_balloon_hidden.9.png"
        },
        "icon.arrow.tintcolor": "#7d5446",
        "text.color": "#000000"
    },
    "common.empty.page": {
        "zero.subtitle.color": "#966a56",
        "zerobutton.text.color": "#3d231b",
        "call.name.text.color": "#eedbd5",
        "zero.title.color": "#966a56",
        "zero.image": "zero_img_empty.png",
        "error.subtitle.color": "#966a56",
        "error.button.background.image": {
            "normal": "button_r07_normal.9.png",
            "pressed": "button_r07_pressed.9.png"
        },
        "call.link.text.color": "#966a56",
        "error.button.text.color": "#3d231b",
        "zerobutton.background.image": {
            "normal": "button_r07_normal.9.png",
            "pressed": "button_r07_pressed.9.png"
        },
        "error.image": "zero_img_error.png"
    },
    "grouphome.friend.request": {
        "btn.background.color": {
            "normal": "#5c3e30",
            "pressed": "#3d231b"
        },
        "btn.text.color": "#ffffff",
        "background.color": "#cceff1f4",
        "message.text.color": "#626774",
        "message.icon.tintcolor": "#626774"
    },
    "notification.popup": {
        "setting.checkbox.background.image": {
            "normal": "list_checkbox_img_normal.png",
            "selected": "list_checkbox_img_selected.png"
        },
        "title.logo.tintcolor": "#ffffff",
        "title.username.text.color": "#ffffff",
        "title.groupname.text.color": "#ffffff",
        "title.count.background.image": "popup_noti_img_num_bg.9.png",
        "title.background.image": "popup_noti_bg_top.9.png",
        "title.setting.image.tintcolor": "#ffffff",
        "reply.input.bar.background.color": {
            "normal": "#d4d7dd",
            "selected": "#5c3e30"
        },
        "title.count.text.color": "#3d231b",
        "reply.sendbutton.tintcolor": {
            "normal": "#d4d7dd",
            "pressed": "#3d231b",
            "selected": "#5c3e30"
        }
    },
    "tabBar.item.call": {
        "normal.image": "gnb_ic_call_normal.png",
        "selected.image": "gnb_ic_call_selected.png"
    },
    "tabBar": {
        "background.image": "gnb_bg.9.png",
        "selectorBar.background.color": "#ffd93a",
        "shadow.image": "gnb_gra.9.png"
    },
    "chathistory.attach.item.image": {
        "contact.image": {"normal": "chatroom_attach_ic_info.png"},
        "take.video.image": {"normal": "chatroom_attach_ic_takevideo.png"},
        "choose.video.image": {"normal": "chatroom_attach_ic_chooesvideo.png"},
        "take.photo.image": {"normal": "chatroom_attach_ic_takephoto.png"},
        "choose.photo.image": {"normal": "chatroom_attach_ic_photo.png"},
        "audio.image": {"normal": "chatroom_attach_ic_voicemessage.png"},
        "location.image": {"normal": "chatroom_attach_ic_location.png"}
    },
    "tabBar.item.more": {
        "normal.image": "gnb_ic_more_normal.png",
        "selected.image": "gnb_ic_more_selected.png"
    },
    "chathistory.groupboard.recv.msg": {
        "videoicon.tintcolor": "#9c8371",
        "more.text.color": "#9c8371",
        "photo.default.tintcolor": "#9c8371",
        "photoicon.tintcolor": "#9c8371",
        "bottom.background.image": "chatroom_gamemsg_line_rec.9.png",
        "sticker.default.tintcolor": "#9c8371",
        "video.default.tintcolor": "#9c8371",
        "location.text.color": "#24120b",
        "arrow.tintcolor": "#9c8371",
        "text.color": "#24120b",
        "bottom.text.color": "#9c8371"
    },
    "myhome.background": {"background.color": "#d8c7bc"},
    "navigationBar.tab": {"text.color": {
        "normal": "#ffffff",
        "selected": "#66ffffff"
    }},
    "grouphome.member.category": {
        "edit.btn.background.image": {
            "normal": "button_r10_normal.9.png",
            "pressed": "button_r10_pressed.9.png"
        },
        "category.text.color": "#825039",
        "category.divider.background.color": "#c7b5a9",
        "category.count.text.color": "#825039",
        "edit.btn.text.color": "#825039"
    },
    "chathistory.balloon.video.default.send": {"background.color": "#ffd93b"},
    "moreMenu.topbanner.item": {
        "subtext.color": "#b08273",
        "arrowIcon.tintcolor": "#715042",
        "background.color": "#5c3e30",
        "topDivider.background.color": "#4e3124",
        "text.color": "#edddd8"
    },
    "chathistory.music.send.msg": {
        "title.text.color": "#5a3013",
        "playlist.default.image": "chatroom_ic_music_playlist.png",
        "playbtn.default.image": "chatroom_music_play_default.png",
        "playing.image": "chatroom_music_bar_playing.png",
        "playbtn.background.pressed.image": "chatroom_music_bar_pressed.png",
        "stopbtn.default.image": "chatroom_music_stop_default.png",
        "playbtn.pressed.image": "chatroom_music_play_pressed.png",
        "playbtn.background.default.image": "chatroom_music_bar_default.png",
        "typename.text.color": "#7f5a3013",
        "topic.default.image": "chatroom_ic_music_topic.png",
        "service.text.color": "#5a3013",
        "loading.image": "chatroom_music_loading.png",
        "artist.text.color": "#7f5a3013",
        "stopbtn.pressed.image": "chatroom_music_stop_pressed.png"
    },
    "grouphome.error": {
        "btn.text.color": "#ffffff",
        "sticker.image": "zero_img_error.png",
        "icon.tintcolor": "#5c3e30",
        "msg.text.color": "#3d231b",
        "btn.text.background.image": {
            "normal": "button_r08_normal.9.png",
            "pressed": "button_r08_pressed.9.png"
        },
        "msg.text.shadow": "#00000000"
    },
    "select.chat.bottom": {
        "button.background.color": {
            "normal": "#ffd93b",
            "pressed": "#d59b00"
        },
        "button.icon.tintcolor": "#3d231b",
        "button.text.color": {
            "normal": "#3d231b",
            "dimmed": "#7f3d231b"
        }
    },
    "chathistory.option.item.voip.voice": {
        "background.color": {
            "normal": "#55382a",
            "pressed": "#4c3226"
        },
        "text.color": {
            "normal": "#a96d5b",
            "dimmed": "#66a96d5b"
        }
    },
    "chathistory.view.common": {
        "background.image.pattern": false,
        "background.image": {
            "normal": "chatroom_bg_p.png",
            "top": "chatroom_bg.png",
            "gravity": "bottom"
        },
        "background.color": "#5c3e30"
    },
    "chathistory.input": {
        "inputText.color": "#000000",
        "photoButton.icon.image": "chatroom_ic_photo.png",
        "inputText.hint": "#c2bebc",
        "attachButton.icon.image": "chatroom_ic_add.png",
        "background.image": "chatroom_input_bg.9.png",
        "sendButton.background.color": {
            "normal": "#e7d8d0",
            "pressed": "#c2a798"
        },
        "sendButton.tintcolor": "#5c3e30",
        "eskButton.icon.image": "chatroom_ic_stickers.png"
    },
    "friendlist.item.common": {
        "new.background.color": {
            "normal": "#6c4837",
            "pressed": "#654231"
        },
        "checked.background.color": {
            "normal": "#492e21",
            "pressed": "#492e21"
        },
        "background.color": {
            "normal": "#5c3e30",
            "pressed": "#492e21"
        }
    },
    "chathistory.privatechat.tooltip": {"text.color": "#3d231b"},
    "chathistory.option.item.image": {
        "block.image": "chatroom_option_ic_block.png",
        "timer.image": "chatroom_option_ic_timer_normal.png",
        "recommend.dimmed.image": "chatroom_option_ic_recom_disable.png",
        "edit.group.image": "chatroom_option_ic_editgroup_normal.png",
        "invite.image": "chatroom_option_ic_invite_normal.png",
        "leave.dimmed.image": "chatroom_option_ic_leave_disable.png",
        "leave.image": "chatroom_option_ic_leave_normal.png",
        "line.call.dimmed.image": "chatroom_option_ic_linecall_disable.png",
        "album.image": "chatroom_option_ic_albums_normal.png",
        "recommend.image": "chatroom_option_ic_recom_normal.png",
        "create.group.dimmed.image": "chatroom_option_ic_creategroup_disable.png",
        "timer.dimmed.image": "chatroom_option_ic_timer_disable.png",
        "create.group.image": "chatroom_option_ic_creategroup_normal.png",
        "edit.image": "chatroom_option_ic_edit_normal.png",
        "edit.group.dimmed.image": "chatroom_option_ic_editgroup_disable.png",
        "photo.video.dimmed.image": "chatroom_option_ic_pv_disable.png",
        "notification.on.image": "chatroom_option_ic_noti_on.png",
        "album.dimmed.image": "chatroom_option_ic_albums_disable.png",
        "setting.dimmed.image": "chatroom_option_ic_setting_disable.png",
        "invite.dimmed.image": "chatroom_option_ic_invite_disable.png",
        "notification.off.image": "chatroom_option_ic_noti_off.png",
        "setting.image": "chatroom_option_ic_setting_normal.png",
        "unblock.image": "chatroom_option_ic_unblock.png",
        "photo.video.image": "chatroom_option_ic_pv_normal.png",
        "edit.dimmed.image": "chatroom_option_ic_edit_disable.png",
        "line.call.image": "chatroom_option_ic_linecall_normal.png",
        "photo.image": "chatroom_option_ic_pv_normal.png",
        "send.gift.dimmed.image": "chatroom_option_ic_gift_disable.png",
        "send.gift.image": "chatroom_option_ic_gift_normal.png"
    },
    "myhome.write.post": {
        "icon.tintcolor": "#825039",
        "text.color": "#404040"
    },
    "chathistory.gift.send.msg": {
        "background.image": "chatroom_balloon_gift_send.9.png",
        "text.color": "#24120b"
    },
    "chathistory.voip.send.msg": {
        "icon.tintcolor": "#5a3013",
        "linecall.text.color": "#5a3013",
        "text.color": "#5a3013"
    },
    "chathistory.privatechat.header.banner.item": {
        "icon.tintcolor": "#825039",
        "text.color": "#422b21"
    },
    "view.common": {"background.color": "#5c3e30"},
    "chathistory.groupboard.tip": {"text.color": "#3d231b"},
    "search.chat.highlightColor": {
        "chatList.text.color": "#00ca7c",
        "receiveMessage.text.color": "#00ca7c",
        "sendMessage.text.color": "#00ca7c"
    },
    "myhome.cover": {
        "officialHomeProfileText.color": "#24120b",
        "officialHomeProfileArrow.tintcolor": {
            "normal": "#aa6e52",
            "pressed": "#aa6e52"
        }
    },
    "navigationBar": {
        "title.text.color": "#ffffff",
        "button.background.color": {
            "normal": "#00000000",
            "pressed": "#00000000"
        },
        "badge.text.color": "#ffffff",
        "button.tintcolor": {
            "normal": "#ffffff",
            "pressed": "#8e807a",
            "dimmed": "#8e807a",
            "selected": "#ffffff"
        },
        "background.image": "header_bg.9.png",
        "badge.new.image": "header_ic_new.png",
        "button.text.color": {
            "normal": "#ffffff",
            "pressed": "#8e807a",
            "dimmed": "#8e807a",
            "selected": "#ffffff"
        },
        "title.button.tintcolor": "#ffffff",
        "status.background.color": "#38251c",
        "badge.count.background.image": "header_num_bg.9.png"
    },
    "chathistory.voice.recv.msg": {
        "speak.expire.image": "chatroom_ic_voicemsg_rec_x.png",
        "bottom.background.image": "chatroom_voicemsg_line_w_rec.9.png",
        "colon.tintcolor": {
            "normal": "#b08273",
            "selected": "#5a3013"
        },
        "seperator.image": "chatroom_voicemsg_line_h_rec.9.png",
        "speak3.image": "chatroom_ic_voicemsg_rec_03.png",
        "speak1.image": "chatroom_ic_voicemsg_rec_01.png",
        "share.image": {
            "normal": "chatroom_ic_voicemsg_rec_share.png",
            "selected": "chatroom_ic_voicemsg_rec_share_pressed.png"
        },
        "play.image": {
            "normal": "chatroom_ic_voicemsg_rec_play.png",
            "selected": "chatroom_ic_voicemsg_rec_play_pressed.png"
        },
        "speak.image": "chatroom_ic_voicemsg_rec_00.png",
        "pause.image": {
            "normal": "chatroom_ic_voicemsg_rec_pause.png",
            "selected": "chatroom_ic_voicemsg_rec_pause_pressed.png"
        },
        "speak2.image": "chatroom_ic_voicemsg_rec_02.png",
        "text.color": {
            "normal": "#b08273",
            "selected": "#5a3013"
        }
    },
    "tabBar.item.timeline": {
        "highlight.image": "gnb_ic_timeline_new.png",
        "normal.image": "gnb_ic_timeline_normal.png",
        "selected.image": "gnb_ic_timeline_selected.png"
    },
    "grouphome.member.profile": {
        "add.btn.icon.tintcolor": "#7d6559",
        "profile.name.text.color": "#492e21"
    },
    "addFriend.tab.item": {
        "background.image": {
            "normal": "gnb_bg_addfriend_normal.9.png",
            "pressed": "gnb_bg_addfriend_pressed.9.png"
        },
        "text.color": "#ffffff"
    },
    "chathistory.voice.send.msg": {
        "speak.expire.image": "chatroom_ic_voicemsg_send_x.png",
        "bottom.background.image": "chatroom_voicemsg_line_w_send.9.png",
        "colon.tintcolor": {
            "normal": "#b68a00",
            "selected": "#5a3013"
        },
        "seperator.image": "chatroom_voicemsg_line_h_send.9.png",
        "speak3.image": "chatroom_ic_voicemsg_send_03.png",
        "speak1.image": "chatroom_ic_voicemsg_send_01.png",
        "share.image": {
            "normal": "chatroom_ic_voicemsg_send_share.png",
            "selected": "chatroom_ic_voicemsg_send_share_pressed.png"
        },
        "play.image": {
            "normal": "chatroom_ic_voicemsg_send_play.png",
            "selected": "chatroom_ic_voicemsg_send_play_pressed.png"
        },
        "speak.image": "chatroom_ic_voicemsg_send_00.png",
        "pause.image": {
            "normal": "chatroom_ic_voicemsg_send_pause.png",
            "selected": "chatroom_ic_voicemsg_send_pause_pressed.png"
        },
        "speak2.image": "chatroom_ic_voicemsg_send_02.png",
        "text.color": {
            "normal": "#b68a00",
            "selected": "#5a3013"
        }
    },
    "chathistory.option.item.voip.voice.image": {
        "voice.call.dimmed.image": "chatroom_option_ic_freecall_disable.png",
        "voice.call.image": "chatroom_option_ic_freecall_normal.png"
    },
    "chathistory.onair": {
        "background.image": "chatroom_onair_bg.9.png",
        "subtext.color": "#b08273",
        "text.color": "#e9d3cc"
    },
    "chathistory.voip.recv.msg": {
        "icon.tintcolor": "#5a3013",
        "linecall.text.color": "#5a3013",
        "text.color": "#5a3013"
    },
    "moreMenu.view": {"background.color": "#5c3e30"},
    "myhome.post.header": {
        "groupBtn.popup.arrow.tintcolor": "#cdb9b0",
        "nameText.color": "#312019",
        "groupBtn.background.image": {
            "normal": "button_r09_normal.9.png",
            "pressed": "button_r09_pressed.9.png"
        },
        "groupBtn.text.color": "#916043",
        "groupBtn.popup.background.image": "timeline_img_bg_see_bg01.9.png",
        "sharePostMessage.color": "#312019",
        "groupBtn.popup.pressed.reverse.background.image": {
            "normal": "",
            "pressed": "timeline_img_bg_see_bg02_pressed.9.png"
        },
        "groupBtn.popup.divider.background.color": "#68402e",
        "groupBtn.icon.tintcolor": "#916043",
        "groupBtn.popup.reverse.background.image": "timeline_img_bg_see_bg02.9.png",
        "timeText.color": "#8a8f96",
        "groupBtn.popup.detail.text.color": "#cdb9b0",
        "groupBtn.popup.pressed.background.image": {
            "normal": "",
            "pressed": "timeline_img_bg_see_bg01_pressed.9.png"
        },
        "groupBtn.popup.text.color": "#ffffff"
    },
    "chathistory.balloon.text.recv": {"background.image": {
        "normal": "chatroom_balloon_rec_normal.9.png",
        "padding": "16 5 11 8",
        "pressed": "chatroom_balloon_rec_pressed.9.png"
    }},
    "timeline.list.newpost": {
        "background.image": {
            "normal": "timeline_newpost_btn.9.png",
            "pressed": "timeline_newpost_btn.9.png"
        },
        "text.color": "#825039"
    },
    "chathistory.gift.recv.msg": {
        "button.background.image": {
            "normal": "button_r07_normal.9.png",
            "pressed": "button_r07_pressed.9.png"
        },
        "background.image": "chatroom_balloon_gift_rec.9.png",
        "button.text.color": "#ffffff",
        "button.text.shadow": "#00000000",
        "text.color": "#24120b"
    },
    "grouphome.empty": {
        "empty.album.icon.image.tintcolor": "#5c3e30",
        "empty.btn.text.color": "#ffffff",
        "empty.note.icon.image.tintcolor": "#5c3e30",
        "empty.btn.background.image": {
            "normal": "button_r08_normal.9.png",
            "pressed": "button_r08_pressed.9.png"
        },
        "empty.text.color": "#5c3e30"
    },
    "multi.userselect": {
        "name.text.color": "#eedbd5",
        "background.color": "#422b21"
    },
    "chathistory.link.recv.msg": {
        "bottom.background.image": "chatroom_gamemsg_line_rec.9.png",
        "detail.text.color": "#9c8371",
        "arrow.tintcolor": "#9c8371",
        "text.color": "#24120b"
    },
    "timeline.userrecall": {
        "recalled.user.text.color": "#00ca7c",
        "recall.user.text.color": "#ffffff",
        "suggest.dialog.text.color": "#00ca7c",
        "recall.user.text.background.color": "#00ca7c"
    },
    "searchBar": {
        "underbar.background.color": {
            "normal": "#8f7165",
            "selected": "#a4867c"
        },
        "text.hint": "#8f7165",
        "search.icon.image": "list_ic_search.png",
        "cancel.icon.tintcolor": "#a4867c",
        "text.color": "#ffffff"
    },
    "chathistory.groupboard.send.msg": {
        "videoicon.tintcolor": "#9c8371",
        "more.text.color": "#9c8371",
        "photo.default.tintcolor": "#9c8371",
        "photoicon.tintcolor": "#9c8371",
        "bottom.background.image": "chatroom_gamemsg_line_send.9.png",
        "sticker.default.tintcolor": "#9c8371",
        "video.default.tintcolor": "#9c8371",
        "location.text.color": "#24120b",
        "arrow.tintcolor": "#9c7423",
        "text.color": "#111111",
        "bottom.text.color": "#9c8371"
    },
    "chathistory.privatechat.common": {
        "name.text.color": "#b58677",
        "timer.text.color": "#9a7162",
        "autoresend.icon.tintcolor": "#9a7162",
        "time.text.color": "#9a7162"
    },
    "select.chat.tab": {
        "background.image": "gnb_bg_select.9.png",
        "selectorBar.background.color": "#ffffff",
        "text.shadow": "#00000000",
        "text.color": {
            "normal": "#856e65",
            "selected": "#ffffff"
        }
    },
    "chathistory.input.sendButton.selectType": {
        "icon.tintcolor": {
            "normal": "#825039",
            "selected": "#825039"
        },
        "text.color": {
            "normal": "#422b21",
            "selected": "#00a85b"
        }
    },
    "chathistory.option.item.voip.video.image": {
        "video.call.image": "chatroom_option_ic_videocall_normal.png",
        "video.call.dimmed.image": "chatroom_option_ic_videocall_disable.png"
    },
    "moreMenu.lower.item": {
        "newIcon.image": "more_ic_new.png",
        "icon.tintcolor": "#eedbd5",
        "background.color": {
            "normal": "#5c3e30",
            "pressed": "#53382b"
        },
        "text.color": "#c2aea6"
    },
    "list.common": {"divider.background.color": "#4e3124"},
    "chathistory.balloon.send": {"background.image": {
        "normal": "chatroom_balloon_send_normal.9.png",
        "pressed": "chatroom_balloon_send_pressed.9.png"
    }},
    "navigationBar.search": {
        "back.icon.tintcolor": {
            "normal": "#ffffff",
            "pressed": "#8e807a"
        },
        "underbar.background.color": "#ffffff",
        "background.image": "header_bg.9.png",
        "text.hint": "#8e807a",
        "cancel.icon.tintcolor": "#ffffff",
        "text.color": "#ffffff"
    },
    "album.detail.menu": {
        "checked.icon.tintcolor": "#492e21",
        "item.color": {
            "normal": "#c0a79c",
            "selected": "#492e21"
        }
    },
    "friendlist.item": {
        "phoneIcon.tintcolor": {
            "normal": "#ffd93a",
            "pressed": "#be9b36"
        },
        "phoneNumberText.color": "#ad7e70",
        "nameText.color": "#f3e5e1",
        "phoneIcon.background.tintcolor": {
            "normal": "#513528",
            "pressed": "#4c3124"
        },
        "addFriend.background.tintcolor": {
            "normal": "#513528",
            "pressed": "#4c3124"
        },
        "arrowIcon.tintcolor": "#986758",
        "updateIcon.tintcolor": "#ffd93b",
        "addInviteButton.background.image": {
            "normal": "button_r10_normal.9.png",
            "pressed": "button_r10_pressed.9.png"
        },
        "addFriend.icon.tintcolor": "#a4867c",
        "descriptionText.color": "#ad7e70",
        "statusText.color": "#ad7e70",
        "checkboxOff.image": "list_checkbox_img_normal.png",
        "checkboxOn.image": "list_checkbox_img_selected.png",
        "addInviteButton.color": "#825039"
    },
    "chathistory.option.item": {
        "button.background.color": {
            "normal": "#55382a",
            "pressed": "#4c3226"
        },
        "bottom.divider.background.color": "#462b1f",
        "text.color": {
            "normal": "#a96d5b",
            "dimmed": "#66a96d5b"
        }
    },
    "profile.thumbnail": {
        "group.small.image": "group_thumbnail_small.png",
        "single.big.image": "user_thumbnail_large_00.png",
        "group.big.image": "group_thumbnail_large.png",
        "single.small.image": "user_thumbnail_small_00.png"
    },
    "chathistory.privatechat.view.common": {"background.image": "chatroom_bg_hidden.9.png"},
    "main.view.common": {"background.color": "#5c3e30"},
    "chathistory.input.voice": {
        "voip.background.color": {
            "normal": "#00b670",
            "pressed": "#00985d"
        },
        "voip.icon.tintcolor": "#ffffff",
        "voip.text.color": "#ffffff",
        "close.background.color": {
            "normal": "#e7d8d0",
            "pressed": "#c2a798"
        },
        "close.icon.tintcolor": "#5c3e30"
    },
    "manifest": {
        "schemaVersion": 1,
        "provider": {
            "name": "LINE Corporation",
            "url": "http://www.linecorp.com"
        },
        "themeVersion": "5.10.0",
        "name": "BrownSpecial",
        "platform": "Android",
        "revision": 12,
        "quality": 85
    },
    "noticenter2": {
        "title.text.color": "#422b21",
        "arrow.icon.image": "timeline_img_tabarrow.png",
        "background.color": "#ffffff",
        "more.icon.tintcolor": "#422b21"
    },
    "chathistory.link.send.msg": {
        "bottom.background.image": "chatroom_gamemsg_line_send.9.png",
        "detail.text.color": "#9c7423",
        "arrow.tintcolor": "#9c7423",
        "text.color": "#24120b"
    },
    "chathistory.spammer": {
        "name.text.color": "#e9d3cc",
        "button.background.image": {
            "normal": "button_r06_normal.9.png",
            "pressed": "button_r06_pressed.9.png"
        },
        "background.image": "chatroom_spammer_bg.9.png",
        "button.text.color": "#3d231b",
        "text.color": "#b08273"
    },
    "navigationBar.moreMenu": {"item.text.color": "#422b21"},
    "tabBar.item": {"badge.background.image": "gnb_num_bg.9.png"},
    "chathistory.balloon.video.default.recv": {"background.color": "#ffffff"},
    "addFriend.tab.addGroup": {
        "icon.background.tintcolor": "#513528",
        "icon.tintcolor": "#f3e5e1",
        "subtext.color": "#ad7e70",
        "updateButton.tintcolor": {
            "normal": "#825039",
            "pressed": "#6c402c"
        },
        "background.color": {
            "normal": "#5c3e30",
            "pressed": "#492e21"
        },
        "addButton.text.color": "#ffffff",
        "addButton.background.tintcolor": {
            "normal": "#825039",
            "pressed": "#6c402c"
        },
        "arrow.tintcolor": "#986758",
        "text.color": "#f3e5e1"
    },
    "chathistory.contact.recv.msg": {
        "arrow.tintcolor": "#9c8371",
        "text.color": "#24120b"
    },
    "myhome.lineend.smiley": {"smiley.tintcolor": "#ffffff"},
    "splash": {
        "splash.background.image": {
            "normal": "",
            "top": [
                "splash_img.png",
                "splash_logo.png"
            ],
            "gravity": [
                "bottom",
                "center"
            ]
        },
        "background.color": "#ffd93b"
    },
    "passcode": {
        "number.background.tintcolor": {
            "normal": "#5c3e30",
            "pressed": "#53382b"
        },
        "passcode3.input.image": "password_ic_03_on.png",
        "passcode2.background.image": "password_ic_02_off.png",
        "passcode1.input.image": "password_ic_01_on.png",
        "number.text.tintcolor": "#f3e5e1",
        "passcode2.input.image": "password_ic_02_on.png",
        "passcode4.background.image": "password_ic_04_off.png",
        "background.color": "#5c3e30",
        "top.background.color": "#422b21",
        "text.color": "#f3e5e1",
        "infotext.color": "#ad7e70",
        "passcode1.background.image": "password_ic_01_off.png",
        "number.delete.tintcolor": {
            "normal": "#f3e5e1",
            "pressed": "#f3e5e1"
        },
        "passcode3.background.image": "password_ic_03_off.png",
        "number.cancel.text.color": {
            "normal": "#f3e5e1",
            "pressed": "#f7f3e5e1"
        },
        "passcode4.input.image": "password_ic_04_on.png"
    },
    "myhome.post.body": {"text.color": "#000000"}
}