{
    "calllist.item": {
        "dateText.color": "#705a8f",
        "phoneIcon.tintcolor": {
            "normal": "#705a8f",
            "pressed": "#523f6e"
        },
        "nameText.color": "#e4d0ff",
        "phoneIcon.background.tintcolor": {
            "normal": "#392950",
            "pressed": "#332546"
        },
        "nameMissedText.color": "#fb9253",
        "dateIcon.tintcolor": "#705a8f"
    },
    "chathistory.attach.header": {
        "background.image": "header_bg.9.png",
        "text.color": "#280f46"
    },
    "friendlist.category": {
        "textSeeAll.color": "#4f3e68",
        "arrowClose.tintcolor": "#564969",
        "arrowOpen.tintcolor": "#564969",
        "textSeeAll.arrow.tintcolor": "#4f3e68",
        "background.color": "#291f37",
        "text.color": "#4f3e68"
    },
    "chathistory.file.recv.msg": {
        "file.icon.tintcolor": "#361c5b",
        "expire.text.color": "#72608c",
        "arrow.tintcolor": "#d4c3d5",
        "text.color": "#361c5b"
    },
    "tabBar.item.talk": {
        "normal.image": "gnb_ic_chats_normal.png",
        "selected.image": "gnb_ic_chats_selected.png"
    },
    "chathistory.text.send.msg": {"text.color": "#000000"},
    "grouphome.main": {
        "tab.text.color": "#b25c28",
        "moreTab.icon.tintcolor": {
            "normal": "#b25c28",
            "pressed": "#b25c28"
        },
        "albumCreateBtn.image": {
            "normal": "group_ic_postalbum.png",
            "pressed": "group_ic_postalbum_pressed.png"
        },
        "selectedTab.text.color": "#291f37",
        "tab.background.color": "#f48e50",
        "postWriteBtn.image": {
            "normal": "group_ic_writepost.png",
            "pressed": "group_ic_writepost_pressed.png"
        },
        "tabBottomLine.background.color": "#5c3e87"
    },
    "chathistory.option.item.voip.video": {
        "background.color": {
            "normal": "#f48e50",
            "pressed": "#ef8849"
        },
        "text.color": {
            "normal": "#a53a02",
            "dimmed": "#66a53a02"
        }
    },
    "chathistory.text.recv.msg": {"text.color": "#000000"},
    "addFriend.tab.icon": {
        "idsearch.image": "gnb_ic_search.png",
        "invite.image": "gnb_ic_contacts.png",
        "qrcode.image": "gnb_ic_qrcode.png",
        "shakeit.image": "gnb_ic_shakeit.png"
    },
    "chathistory.balloon.text.send": {"background.image": {
        "normal": "chatroom_balloon_send_normal.9.png",
        "padding": "11 5.5 16 7.5",
        "pressed": "chatroom_balloon_send_pressed.9.png"
    }},
    "friendlist.common": {"noresult.text.color": "#705a8f"},
    "chatlist.item": {
        "messageText.color": "#705a8f",
        "nameText.color": "#e4d0ff",
        "newIcon.image": "list_category_chat_new.png",
        "timeText.color": "#4f3e68",
        "muteIcon.tintcolor": "#524466",
        "messageCountText.color": "#ffffff",
        "messageCountText.background.image": "list_category_chat_num.9.png"
    },
    "chathistory.attach.item": {
        "icon.tintcolor": "#a53a02",
        "external.icon.tintcolor": "#da7743",
        "background.color": {
            "normal": "#f48e50",
            "pressed": "#ef8849"
        },
        "text.color": "#a53a02"
    },
    "chathistory.common": {
        "datebar.background.image": "chatroom_date.9.png",
        "soundsticker.icon.tintcolor": "#d8602d",
        "autoresend.icon.tintcolor": "#d8602d",
        "checkBox.image": {
            "normal": "list_checkbox_img_normal.png",
            "selected": "list_checkbox_img_selected.png"
        },
        "time.color": "#d8602d",
        "name.color": "#462e46",
        "datebar.text.color": "#ffb589"
    },
    "bottom.button.common": {
        "button1.background.color": {
            "normal": "#ffda0a",
            "pressed": "#fec520",
            "dimmed": "#ffda0a"
        },
        "button2.background.color": {
            "normal": "#fb9253",
            "pressed": "#f48848",
            "dimmed": "#fb9253"
        },
        "button1.text.color": {
            "normal": "#291f37",
            "dimmed": "#7f291f37"
        },
        "button2.text.color": {
            "normal": "#291f37",
            "dimmed": "#7f291f37"
        }
    },
    "invitemember.tab.item": {
        "icon.tintcolor": "#a53a02",
        "background.image": {
            "normal": "gnb_bg_addfriend.9.png",
            "pressed": "gnb_bg_addfriend_pressed.9.png"
        },
        "text.color": "#a53a02"
    },
    "chathistory.music.recv.msg": {
        "title.text.color": "#361c5b",
        "playlist.default.image": "chatroom_ic_music_playlist.png",
        "playbtn.default.image": "chatroom_music_play_default.png",
        "playing.image": "chatroom_music_bar_playing.png",
        "playbtn.background.pressed.image": "chatroom_music_bar_pressed.png",
        "stopbtn.default.image": "chatroom_music_stop_default.png",
        "playbtn.pressed.image": "chatroom_music_play_pressed.png",
        "playbtn.background.default.image": "chatroom_music_bar_default.png",
        "typename.text.color": "#72608c",
        "topic.default.image": "chatroom_ic_music_topic.png",
        "service.text.color": "#72608c",
        "loading.image": "chatroom_music_loading.png",
        "artist.text.color": "#72608c",
        "stopbtn.pressed.image": "chatroom_music_stop_pressed.png"
    },
    "myhome.post.bottom": {
        "commentText.color": "#481d61",
        "commentIcon.image": {
            "normal": "timeline_ic_postcomment.png",
            "selected": "timeline_ic_postcomment.png"
        },
        "likeText.color": "#481d61",
        "likeIcon.image": {
            "normal": "timeline_ic_postlike_off.png",
            "selected": "timeline_ic_postlike_on.png"
        },
        "likeCountText.color": "#481d61",
        "commentCountText.color": "#481d61"
    },
    "chathistory.balloon.recv": {"background.image": {
        "normal": "chatroom_balloon_rec_normal.9.png",
        "pressed": "chatroom_balloon_rec_pressed.9.png"
    }},
    "chathistory.memberlist.area": {"background.color": "#e5f48e50"},
    "chathistory.contact.send.msg": {
        "arrow.tintcolor": "#d4b023",
        "text.color": "#000000"
    },
    "tabBar.item.friend": {
        "normal.image": "gnb_ic_friends_normal.png",
        "selected.image": "gnb_ic_friends_selected.png"
    },
    "moreMenu.item": {
        "addfriend.image": "more_ic_addfriends.png",
        "newIcon.image": "more_ic_new.png",
        "setting.image": "more_ic_settings.png",
        "background.color": {
            "normal": "#291f37",
            "pressed": "#1e1629"
        },
        "text.color": "#b69dd9"
    },
    "myhome.list.header": {
        "updateTitleText.color": "#705a8f",
        "updateText.color": "#705a8f",
        "updateTimeText.color": "#705a8f"
    },
    "chathistory.file.send.msg": {
        "file.icon.tintcolor": "#361c5b",
        "expire.text.color": "#725840",
        "arrow.tintcolor": "#d4b023",
        "text.color": "#361c5b"
    },
    "chathistory.privatechat.balloon.receive.text": {
        "background.image": {
            "normal": "chatroom_balloon_hidden.9.png",
            "pressed": "chatroom_balloon_hidden.9.png"
        },
        "icon.arrow.tintcolor": "#f8ddcd",
        "text.color": "#000000"
    },
    "common.empty.page": {
        "zero.subtitle.color": "#705a8f",
        "zerobutton.text.color": "#280f46",
        "call.name.text.color": "#e4d0ff",
        "zero.title.color": "#9e88be",
        "zero.image": "zero_img_empty.png",
        "error.subtitle.color": "#705a8f",
        "error.button.background.image": {
            "normal": "button_r07_normal.9.png",
            "pressed": "button_r07_pressed.9.png"
        },
        "call.link.text.color": "#705a8f",
        "error.button.text.color": "#280f46",
        "zerobutton.background.image": {
            "normal": "button_r07_normal.9.png",
            "pressed": "button_r07_pressed.9.png"
        },
        "error.image": "zero_img_error.png"
    },
    "grouphome.friend.request": {
        "btn.background.color": {
            "normal": "#fb9253",
            "pressed": "#f48848"
        },
        "btn.text.color": "#280f46",
        "background.color": "#7ffb9253",
        "message.text.color": "#411b43",
        "message.icon.tintcolor": "#411b43"
    },
    "notification.popup": {
        "setting.checkbox.background.image": {
            "normal": "list_checkbox_img_normal.png",
            "selected": "list_checkbox_img_selected.png"
        },
        "title.logo.tintcolor": "#ffffff",
        "title.username.text.color": "#ffffff",
        "title.groupname.text.color": "#ffffff",
        "title.count.background.image": "popup_noti_img_num_bg.9.png",
        "title.background.image": "popup_noti_bg_top.9.png",
        "title.setting.image.tintcolor": "#ffffff",
        "reply.input.bar.background.color": {
            "normal": "#d6d6d6",
            "selected": "#d6d6d6"
        },
        "title.count.text.color": "#ffffff",
        "reply.sendbutton.tintcolor": {
            "normal": "#d6d6d6",
            "pressed": "#d36c2e",
            "selected": "#fb9253"
        }
    },
    "tabBar.item.call": {
        "normal.image": "gnb_ic_call_normal.png",
        "selected.image": "gnb_ic_call_selected.png"
    },
    "tabBar": {
        "background.image": "gnb_bg.9.png",
        "selectorBar.background.color": "#ffb864",
        "shadow.image": "gnb_gra.9.png"
    },
    "chathistory.attach.item.image": {
        "contact.image": {"normal": "chatroom_attach_ic_info.png"},
        "take.video.image": {"normal": "chatroom_attach_ic_takevideo.png"},
        "choose.video.image": {"normal": "chatroom_attach_ic_chooesvideo.png"},
        "take.photo.image": {"normal": "chatroom_attach_ic_takephoto.png"},
        "choose.photo.image": {"normal": "chatroom_attach_ic_photo.png"},
        "audio.image": {"normal": "chatroom_attach_ic_voicemessage.png"},
        "location.image": {"normal": "chatroom_attach_ic_location.png"}
    },
    "tabBar.item.more": {
        "normal.image": "gnb_ic_more_normal.png",
        "selected.image": "gnb_ic_more_selected.png"
    },
    "chathistory.groupboard.recv.msg": {
        "videoicon.tintcolor": "#72608c",
        "more.text.color": "#72608c",
        "photo.default.tintcolor": "#72608c",
        "photoicon.tintcolor": "#72608c",
        "bottom.background.image": "chatroom_gamemsg_line_rec.9.png",
        "sticker.default.tintcolor": "#72608c",
        "video.default.tintcolor": "#72608c",
        "location.text.color": "#000000",
        "arrow.tintcolor": "#d4c3d5",
        "text.color": "#000000",
        "bottom.text.color": "#72608c"
    },
    "myhome.background": {"background.color": "#291f37"},
    "navigationBar.tab": {"text.color": {
        "normal": "#291f37",
        "selected": "#b25c28"
    }},
    "grouphome.member.category": {
        "edit.btn.background.image": {
            "normal": "button_r10_normal.9.png",
            "pressed": "button_r10_pressed.9.png"
        },
        "category.text.color": "#4f3e68",
        "category.divider.background.color": "#140d1d",
        "category.count.text.color": "#4f3e68",
        "edit.btn.text.color": "#e4d0ff"
    },
    "chathistory.balloon.video.default.send": {"background.color": "#ffe400"},
    "moreMenu.topbanner.item": {
        "subtext.color": "#705a8f",
        "arrowIcon.tintcolor": "#4d3d63",
        "background.color": "#291f37",
        "topDivider.background.color": "#140d1d",
        "text.color": "#e4d0ff"
    },
    "chathistory.music.send.msg": {
        "title.text.color": "#361c5b",
        "playlist.default.image": "chatroom_ic_music_playlist.png",
        "playbtn.default.image": "chatroom_music_play_default.png",
        "playing.image": "chatroom_music_bar_playing.png",
        "playbtn.background.pressed.image": "chatroom_music_bar_pressed.png",
        "stopbtn.default.image": "chatroom_music_stop_default.png",
        "playbtn.pressed.image": "chatroom_music_play_pressed.png",
        "playbtn.background.default.image": "chatroom_music_bar_default.png",
        "typename.text.color": "#725840",
        "topic.default.image": "chatroom_ic_music_topic.png",
        "service.text.color": "#725840",
        "loading.image": "chatroom_music_loading.png",
        "artist.text.color": "#725840",
        "stopbtn.pressed.image": "chatroom_music_stop_pressed.png"
    },
    "grouphome.error": {
        "btn.text.color": "#280f46",
        "sticker.image": "zero_img_error.png",
        "icon.tintcolor": "#705a8f",
        "msg.text.color": "#705a8f",
        "btn.text.background.image": {
            "normal": "button_r07_normal.9.png",
            "pressed": "button_r07_pressed.9.png"
        },
        "msg.text.shadow": "#00000000"
    },
    "select.chat.bottom": {
        "button.background.color": {
            "normal": "#fb9253",
            "pressed": "#f48848"
        },
        "button.icon.tintcolor": "#291f37",
        "button.text.color": {
            "normal": "#291f37",
            "dimmed": "#7f291f37"
        }
    },
    "chathistory.option.item.voip.voice": {
        "background.color": {
            "normal": "#f48e50",
            "pressed": "#ef8849"
        },
        "text.color": {
            "normal": "#a53a02",
            "dimmed": "#66a53a02"
        }
    },
    "chathistory.view.common": {
        "background.image.pattern": false,
        "background.image": {"normal": "chatroom_bg.9.png"},
        "background.color": "#fb9253"
    },
    "chathistory.input": {
        "inputText.color": "#000000",
        "photoButton.icon.image": "chatroom_ic_photo.png",
        "inputText.hint": "#b7acc7",
        "attachButton.icon.image": "chatroom_ic_add.png",
        "background.image": "chatroom_input_bg.9.png",
        "sendButton.background.color": {
            "normal": "#291f37",
            "pressed": "#1c1426"
        },
        "sendButton.tintcolor": "#ffe400",
        "eskButton.icon.image": "chatroom_ic_stickers.png"
    },
    "friendlist.item.common": {
        "new.background.color": {
            "normal": "#30253f",
            "pressed": "#1e1629"
        },
        "checked.background.color": {
            "normal": "#1e1629",
            "pressed": "#1e1629"
        },
        "background.color": {
            "normal": "#291f37",
            "pressed": "#1e1629"
        }
    },
    "chathistory.privatechat.tooltip": {"text.color": "#361c5b"},
    "chathistory.option.item.image": {
        "block.image": "chatroom_option_ic_block.png",
        "timer.image": "chatroom_option_ic_timer_normal.png",
        "recommend.dimmed.image": "chatroom_option_ic_recom_disable.png",
        "edit.group.image": "chatroom_option_ic_editgroup_normal.png",
        "invite.image": "chatroom_option_ic_invite_normal.png",
        "leave.dimmed.image": "chatroom_option_ic_leave_disable.png",
        "leave.image": "chatroom_option_ic_leave_normal.png",
        "line.call.dimmed.image": "chatroom_option_ic_linecall_disable.png",
        "album.image": "chatroom_option_ic_albums_normal.png",
        "recommend.image": "chatroom_option_ic_recom_normal.png",
        "create.group.dimmed.image": "chatroom_option_ic_creategroup_disable.png",
        "timer.dimmed.image": "chatroom_option_ic_timer_disable.png",
        "create.group.image": "chatroom_option_ic_creategroup_normal.png",
        "edit.image": "chatroom_option_ic_edit_normal.png",
        "edit.group.dimmed.image": "chatroom_option_ic_editgroup_disable.png",
        "photo.video.dimmed.image": "chatroom_option_ic_pv_disable.png",
        "notification.on.image": "chatroom_option_ic_noti_on.png",
        "album.dimmed.image": "chatroom_option_ic_albums_disable.png",
        "setting.dimmed.image": "chatroom_option_ic_setting_disable.png",
        "invite.dimmed.image": "chatroom_option_ic_invite_disable.png",
        "notification.off.image": "chatroom_option_ic_noti_off.png",
        "setting.image": "chatroom_option_ic_setting_normal.png",
        "unblock.image": "chatroom_option_ic_unblock.png",
        "photo.video.image": "chatroom_option_ic_pv_normal.png",
        "edit.dimmed.image": "chatroom_option_ic_edit_disable.png",
        "line.call.image": "chatroom_option_ic_linecall_normal.png",
        "photo.image": "chatroom_option_ic_pv_normal.png",
        "send.gift.dimmed.image": "chatroom_option_ic_gift_disable.png",
        "send.gift.image": "chatroom_option_ic_gift_normal.png"
    },
    "myhome.write.post": {
        "icon.tintcolor": "#481d61",
        "text.color": "#481d61"
    },
    "chathistory.gift.send.msg": {
        "background.image": "chatroom_balloon_gift_send.9.png",
        "text.color": "#000000"
    },
    "chathistory.voip.send.msg": {
        "icon.tintcolor": "#361c5b",
        "linecall.text.color": "#361c5b",
        "text.color": "#361c5b"
    },
    "chathistory.privatechat.header.banner.item": {
        "icon.tintcolor": "#361c5b",
        "text.color": "#361c5b"
    },
    "view.common": {"background.color": "#291f37"},
    "chathistory.groupboard.tip": {"text.color": "#361c5b"},
    "search.chat.highlightColor": {
        "chatList.text.color": "#fb9253",
        "receiveMessage.text.color": "#fb9253",
        "sendMessage.text.color": "#fb9253"
    },
    "myhome.cover": {
        "officialHomeProfileText.color": "#411b43",
        "officialHomeProfileArrow.tintcolor": {
            "normal": "#411b43",
            "pressed": "#411b43"
        }
    },
    "navigationBar": {
        "title.text.color": "#280f46",
        "button.background.color": {
            "normal": "#fb9253",
            "pressed": "#fb9253"
        },
        "badge.text.color": "#ffffff",
        "button.tintcolor": {
            "normal": "#280f46",
            "pressed": "#a75e4e",
            "dimmed": "#a75e4e",
            "selected": "#280f46"
        },
        "background.image": "header_bg.9.png",
        "badge.new.image": "header_ic_new.png",
        "button.text.color": {
            "normal": "#280f46",
            "pressed": "#a75e4e",
            "dimmed": "#a75e4e",
            "selected": "#280f46"
        },
        "title.button.tintcolor": "#280f46",
        "status.background.color": "#b5693c",
        "badge.count.background.image": "header_num_bg.9.png"
    },
    "chathistory.voice.recv.msg": {
        "speak.expire.image": "chatroom_ic_voicemsg_rec_x.png",
        "bottom.background.image": "chatroom_voicemsg_line_w_rec.9.png",
        "colon.tintcolor": {
            "normal": "#c2bacd",
            "selected": "#361c5b"
        },
        "seperator.image": "chatroom_voicemsg_line_h_rec.9.png",
        "speak3.image": "chatroom_ic_voicemsg_rec_03.png",
        "speak1.image": "chatroom_ic_voicemsg_rec_01.png",
        "share.image": {
            "normal": "chatroom_ic_voicemsg_rec_share.png",
            "selected": "chatroom_ic_voicemsg_rec_share_pressed.png"
        },
        "play.image": {
            "normal": "chatroom_ic_voicemsg_rec_play.png",
            "selected": "chatroom_ic_voicemsg_rec_play_pressed.png"
        },
        "speak.image": "chatroom_ic_voicemsg_rec_00.png",
        "pause.image": {
            "normal": "chatroom_ic_voicemsg_rec_pause.png",
            "selected": "chatroom_ic_voicemsg_rec_pause_pressed.png"
        },
        "speak2.image": "chatroom_ic_voicemsg_rec_02.png",
        "text.color": {
            "normal": "#c2bacd",
            "selected": "#361c5b"
        }
    },
    "tabBar.item.timeline": {
        "highlight.image": "gnb_ic_timeline_new.png",
        "normal.image": "gnb_ic_timeline_normal.png",
        "selected.image": "gnb_ic_timeline_selected.png"
    },
    "grouphome.member.profile": {
        "add.btn.icon.tintcolor": "#915c58",
        "profile.name.text.color": "#e4d0ff"
    },
    "addFriend.tab.item": {
        "background.image": {
            "normal": "gnb_bg_addfriend.9.png",
            "pressed": "gnb_bg_addfriend_pressed.9.png"
        },
        "text.color": "#a53a02"
    },
    "chathistory.voice.send.msg": {
        "speak.expire.image": "chatroom_ic_voicemsg_send_x.png",
        "bottom.background.image": "chatroom_voicemsg_line_w_send.9.png",
        "colon.tintcolor": {
            "normal": "#c2a81b",
            "selected": "#361c5b"
        },
        "seperator.image": "chatroom_voicemsg_line_h_send.9.png",
        "speak3.image": "chatroom_ic_voicemsg_send_03.png",
        "speak1.image": "chatroom_ic_voicemsg_send_01.png",
        "share.image": {
            "normal": "chatroom_ic_voicemsg_send_share.png",
            "selected": "chatroom_ic_voicemsg_send_share_pressed.png"
        },
        "play.image": {
            "normal": "chatroom_ic_voicemsg_send_play.png",
            "selected": "chatroom_ic_voicemsg_send_play_pressed.png"
        },
        "speak.image": "chatroom_ic_voicemsg_send_00.png",
        "pause.image": {
            "normal": "chatroom_ic_voicemsg_send_pause.png",
            "selected": "chatroom_ic_voicemsg_send_pause_pressed.png"
        },
        "speak2.image": "chatroom_ic_voicemsg_send_02.png",
        "text.color": {
            "normal": "#c2a81b",
            "selected": "#361c5b"
        }
    },
    "chathistory.option.item.voip.voice.image": {
        "voice.call.dimmed.image": "chatroom_option_ic_freecall_disable.png",
        "voice.call.image": "chatroom_option_ic_freecall_normal.png"
    },
    "chathistory.onair": {
        "background.image": "chatroom_onair_bg.9.png",
        "subtext.color": "#a53a02",
        "text.color": "#361c5b"
    },
    "chathistory.voip.recv.msg": {
        "icon.tintcolor": "#361c5b",
        "linecall.text.color": "#361c5b",
        "text.color": "#361c5b"
    },
    "moreMenu.view": {"background.color": "#291f37"},
    "myhome.post.header": {
        "groupBtn.popup.arrow.tintcolor": "#da804c",
        "nameText.color": "#411b43",
        "groupBtn.background.image": {
            "normal": "button_r09_normal.9.png",
            "pressed": "button_r09_pressed.9.png"
        },
        "groupBtn.text.color": "#fca875",
        "groupBtn.popup.background.image": "timeline_img_bg_see_bg01.9.png",
        "sharePostMessage.color": "#411b43",
        "groupBtn.popup.pressed.reverse.background.image": {
            "normal": "",
            "pressed": "timeline_img_bg_see_bg02_pressed.9.png"
        },
        "groupBtn.popup.divider.background.color": "#fb9253",
        "groupBtn.icon.tintcolor": "#fca875",
        "groupBtn.popup.reverse.background.image": "timeline_img_bg_see_bg02.9.png",
        "timeText.color": "#888888",
        "groupBtn.popup.detail.text.color": "#b55926",
        "groupBtn.popup.pressed.background.image": {
            "normal": "",
            "pressed": "timeline_img_bg_see_bg01_pressed.9.png"
        },
        "groupBtn.popup.text.color": "#a34512"
    },
    "chathistory.balloon.text.recv": {"background.image": {
        "normal": "chatroom_balloon_rec_normal.9.png",
        "padding": "16.5 5 10.5 7.5",
        "pressed": "chatroom_balloon_rec_pressed.9.png"
    }},
    "timeline.list.newpost": {
        "background.image": {
            "normal": "timeline_newpost_btn.9.png",
            "pressed": "timeline_newpost_btn.9.png"
        },
        "text.color": "#503076"
    },
    "chathistory.gift.recv.msg": {
        "button.background.image": {
            "normal": "button_r07_normal.9.png",
            "pressed": "button_r07_pressed.9.png"
        },
        "background.image": "chatroom_balloon_gift_rec.9.png",
        "button.text.color": "#ffffff",
        "button.text.shadow": "#00000000",
        "text.color": "#000000"
    },
    "grouphome.empty": {
        "empty.album.icon.image.tintcolor": "#705a8f",
        "empty.btn.text.color": "#280f46",
        "empty.note.icon.image.tintcolor": "#705a8f",
        "empty.btn.background.image": {
            "normal": "button_r07_normal.9.png",
            "pressed": "button_r07_pressed.9.png"
        },
        "empty.text.color": "#705a8f"
    },
    "multi.userselect": {
        "name.text.color": "#e4d0ff",
        "background.color": "#3c2f4e"
    },
    "chathistory.link.recv.msg": {
        "bottom.background.image": "chatroom_gamemsg_line_rec.9.png",
        "detail.text.color": "#72608c",
        "arrow.tintcolor": "#d4c3d5",
        "text.color": "#000000"
    },
    "timeline.userrecall": {
        "recalled.user.text.color": "#fb9253",
        "recall.user.text.color": "#ffffff",
        "suggest.dialog.text.color": "#fb9253",
        "recall.user.text.background.color": "#fb9253"
    },
    "searchBar": {
        "underbar.background.color": {
            "normal": "#3b2d4c",
            "selected": "#3b2d4c"
        },
        "text.hint": "#624e7d",
        "search.icon.image": "list_ic_search.png",
        "cancel.icon.tintcolor": "#624e7d",
        "text.color": "#d4d2d7"
    },
    "chathistory.groupboard.send.msg": {
        "videoicon.tintcolor": "#725840",
        "more.text.color": "#725840",
        "photo.default.tintcolor": "#725840",
        "photoicon.tintcolor": "#725840",
        "bottom.background.image": "chatroom_gamemsg_line_send.9.png",
        "sticker.default.tintcolor": "#725840",
        "video.default.tintcolor": "#725840",
        "location.text.color": "#000000",
        "arrow.tintcolor": "#d4b023",
        "text.color": "#000000",
        "bottom.text.color": "#725840"
    },
    "chathistory.privatechat.common": {
        "name.text.color": "#462e46",
        "timer.text.color": "#d0763f",
        "autoresend.icon.tintcolor": "#d0763f",
        "time.text.color": "#d0763f"
    },
    "select.chat.tab": {
        "background.image": "gnb_bg_select.9.png",
        "selectorBar.background.color": "#5c3e87",
        "text.shadow": "#00000000",
        "text.color": {
            "normal": "#b25c28",
            "selected": "#291f37"
        }
    },
    "chathistory.input.sendButton.selectType": {
        "icon.tintcolor": {
            "normal": "#9a8dad",
            "selected": "#361c5b"
        },
        "text.color": {
            "normal": "#9a8dad",
            "selected": "#361c5b"
        }
    },
    "chathistory.option.item.voip.video.image": {
        "video.call.image": "chatroom_option_ic_videocall_normal.png",
        "video.call.dimmed.image": "chatroom_option_ic_videocall_disable.png"
    },
    "moreMenu.lower.item": {
        "newIcon.image": "more_ic_new.png",
        "icon.tintcolor": "#e4d0ff",
        "background.color": {
            "normal": "#291f37",
            "pressed": "#1e1629"
        },
        "text.color": "#b69dd9"
    },
    "list.common": {"divider.background.color": "#140d1d"},
    "chathistory.balloon.send": {"background.image": {
        "normal": "chatroom_balloon_send_normal.9.png",
        "pressed": "chatroom_balloon_send_pressed.9.png"
    }},
    "navigationBar.search": {
        "back.icon.tintcolor": {
            "normal": "#280f46",
            "pressed": "#a75e4e"
        },
        "underbar.background.color": "#f48545",
        "background.image": "header_bg.9.png",
        "text.hint": "#b25c28",
        "cancel.icon.tintcolor": "#b25c28",
        "text.color": "#280f46"
    },
    "album.detail.menu": {
        "checked.icon.tintcolor": "#361c5b",
        "item.color": {
            "normal": "#9a8dad",
            "selected": "#361c5b"
        }
    },
    "friendlist.item": {
        "phoneIcon.tintcolor": {
            "normal": "#705a8f",
            "pressed": "#523f6e"
        },
        "phoneNumberText.color": "#705a8f",
        "nameText.color": "#e4d0ff",
        "phoneIcon.background.tintcolor": {
            "normal": "#392950",
            "pressed": "#332546"
        },
        "addFriend.background.tintcolor": {
            "normal": "#392950",
            "pressed": "#332546"
        },
        "arrowIcon.tintcolor": "#564969",
        "moreButton.text.color": "#291f37",
        "updateIcon.tintcolor": "#ff680e",
        "addInviteButton.background.image": {
            "normal": "button_r06_normal.9.png",
            "pressed": "button_r06_pressed.9.png"
        },
        "addFriend.icon.tintcolor": "#705a8f",
        "descriptionText.color": "#705a8f",
        "statusText.color": "#705a8f",
        "checkboxOff.image": "list_checkbox_img_normal.png",
        "checkboxOn.image": "list_checkbox_img_selected.png",
        "addInviteButton.color": "#a53a02",
        "moreButton.background.image": {
            "normal": "button_r01_normal.9.png",
            "pressed": "button_r01_pressed.9.png"
        }
    },
    "chathistory.option.item": {
        "button.background.color": {
            "normal": "#f48e50",
            "pressed": "#ef8849"
        },
        "bottom.divider.background.color": "#f48e50",
        "text.color": {
            "normal": "#a53a02",
            "dimmed": "#66a53a02"
        }
    },
    "profile.thumbnail": {
        "group.small.image": "group_thumbnail_small.png",
        "single.big.image": "user_thumbnail_large_00.png",
        "group.big.image": "group_thumbnail_large.png",
        "single.small.image": "user_thumbnail_small_00.png"
    },
    "chathistory.privatechat.view.common": {"background.image": "chatroom_bg_hidden.9.png"},
    "main.view.common": {"background.color": "#291f37"},
    "chathistory.input.voice": {
        "voip.background.color": {
            "normal": "#ffe400",
            "pressed": "#fed411"
        },
        "voip.icon.tintcolor": "#412c5d",
        "voip.text.color": "#412c5d",
        "close.background.color": {
            "normal": "#291f37",
            "pressed": "#1c1426"
        },
        "close.icon.tintcolor": "#ffe400"
    },
    "manifest": {
        "schemaVersion": 1,
        "provider": {
            "name": "LINE Corporation",
            "url": "http://www.linecorp.com"
        },
        "themeVersion": "5.10.0",
        "name": "Halloween",
        "platform": "Android",
        "revision": 10,
        "quality": 85
    },
    "noticenter2": {
        "title.text.color": "#b25c28",
        "arrow.icon.image": "timeline_img_tabarrow.png",
        "background.color": "#ffffff",
        "more.icon.tintcolor": "#b25c28"
    },
    "chathistory.link.send.msg": {
        "bottom.background.image": "chatroom_gamemsg_line_send.9.png",
        "detail.text.color": "#725840",
        "arrow.tintcolor": "#d4b023",
        "text.color": "#000000"
    },
    "chathistory.spammer": {
        "name.text.color": "#361c5b",
        "button.background.image": {
            "normal": "button_r06_normal.9.png",
            "pressed": "button_r06_pressed.9.png"
        },
        "background.image": "chatroom_onair_bg.9.png",
        "button.text.color": "#a53a02",
        "text.color": "#a53a02"
    },
    "navigationBar.moreMenu": {"item.text.color": "#361c5b"},
    "tabBar.item": {"badge.background.image": "gnb_num_bg.9.png"},
    "chathistory.balloon.video.default.recv": {"background.color": "#ffffff"},
    "addFriend.tab.addGroup": {
        "icon.background.tintcolor": "#392950",
        "icon.tintcolor": "#e4d0ff",
        "subtext.color": "#705a8f",
        "updateButton.tintcolor": {
            "normal": "#fb9253",
            "pressed": "#f48848"
        },
        "background.color": {
            "normal": "#291f37",
            "pressed": "#1e1629"
        },
        "addButton.text.color": "#280f46",
        "addButton.background.tintcolor": {
            "normal": "#fb9253",
            "pressed": "#f48848"
        },
        "arrow.tintcolor": "#584b6b",
        "text.color": "#e4d0ff"
    },
    "chathistory.contact.recv.msg": {
        "arrow.tintcolor": "#d4c3d5",
        "text.color": "#000000"
    },
    "myhome.lineend.smiley": {"smiley.tintcolor": "#280f46"},
    "splash": {
        "splash.background.image": {
            "normal": "",
            "top": [
                "splash_img.png",
                "splash_logo.png"
            ],
            "gravity": [
                "center",
                "bottom"
            ]
        },
        "background.color": "#fb9253"
    },
    "passcode": {
        "number.background.tintcolor": {
            "normal": "#fb9253",
            "pressed": "#f08240"
        },
        "passcode3.input.image": "password_ic_03_on.png",
        "passcode2.background.image": "password_ic_02_off.png",
        "passcode1.input.image": "password_ic_01_on.png",
        "number.text.tintcolor": "#291f37",
        "passcode2.input.image": "password_ic_02_on.png",
        "passcode4.background.image": "password_ic_04_off.png",
        "background.color": "#fb9253",
        "top.background.color": "#fb9253",
        "text.color": "#411b43",
        "infotext.color": "#a53a02",
        "passcode1.background.image": "password_ic_01_off.png",
        "number.delete.tintcolor": {
            "normal": "#291f37",
            "pressed": "#291f37"
        },
        "passcode3.background.image": "password_ic_03_off.png",
        "number.cancel.text.color": {
            "normal": "#291f37",
            "pressed": "#66291f37"
        },
        "passcode4.input.image": "password_ic_04_on.png"
    },
    "myhome.post.body": {"text.color": "#323232"}
}