{
    "calllist.item": {
        "dateText.color": "#95b2cf",
        "phoneIcon.tintcolor": {
            "normal": "#35555e",
            "pressed": "#35555e"
        },
        "nameText.color": "#284562",
        "phoneIcon.background.tintcolor": {
            "normal": "#accddb",
            "pressed": "#9dc1d0"
        },
        "dateIcon.tintcolor": "#95b2cf"
    },
    "chathistory.attach.header": {
        "background.image": "header_bg.9.png",
        "text.color": "#ffffff"
    },
    "friendlist.category": {
        "textSeeAll.color": "#bbd6e8",
        "arrowClose.tintcolor": "#bed8e9",
        "arrowOpen.tintcolor": "#bed8e9",
        "textSeeAll.arrow.tintcolor": "#bbd6e8",
        "background.color": "#dcf1ff",
        "text.color": "#b8d1e7"
    },
    "chathistory.file.recv.msg": {
        "file.icon.tintcolor": "#ffffff",
        "expire.text.color": "#989d9e",
        "arrow.tintcolor": "#888d8e",
        "text.color": "#ffffff"
    },
    "tabBar.item.talk": {
        "normal.image": "gnb_ic_chats_normal.png",
        "selected.image": "gnb_ic_chats_selected.png"
    },
    "chathistory.text.send.msg": {"text.color": "#ffffff"},
    "grouphome.main": {
        "tab.text.color": "#74b5f1",
        "moreTab.icon.tintcolor": {
            "normal": "#ffffff",
            "pressed": "#74b5f1"
        },
        "albumCreateBtn.image": {
            "normal": "group_ic_postalbum.png",
            "pressed": "group_ic_postalbum_pressed.png"
        },
        "selectedTab.text.color": "#ffffff",
        "tab.background.color": "#1784e8",
        "postWriteBtn.image": {
            "normal": "group_ic_writepost.png",
            "pressed": "group_ic_writepost_pressed.png"
        },
        "tabBottomLine.background.color": "#a82e1f"
    },
    "chathistory.option.item.voip.video": {
        "background.color": {
            "normal": "#1b7eda",
            "pressed": "#1871c4"
        },
        "text.color": {
            "normal": "#ffffff",
            "dimmed": "#66ffffff"
        }
    },
    "chathistory.text.recv.msg": {"text.color": "#ffffff"},
    "addFriend.tab.icon": {
        "idsearch.image": "gnb_ic_search.png",
        "invite.image": "gnb_ic_contacts.png",
        "qrcode.image": "gnb_ic_qrcode.png",
        "shakeit.image": "gnb_ic_shakeit.png"
    },
    "chathistory.balloon.text.send": {"background.image": {
        "normal": "chatroom_balloon_send_normal.9.png",
        "padding": "11 5.5 16 7.5",
        "pressed": "chatroom_balloon_send_pressed.9.png"
    }},
    "friendlist.common": {"noresult.text.color": "#95b2cf"},
    "chatlist.item": {
        "messageText.color": "#95b2cf",
        "nameText.color": "#284562",
        "newIcon.image": "list_category_chat_new.png",
        "timeText.color": "#b5cfe0",
        "muteIcon.tintcolor": "#a1bcd8",
        "messageCountText.color": "#ffffff",
        "messageCountText.background.image": "list_category_chat_num.9.png"
    },
    "chathistory.attach.item": {
        "icon.tintcolor": "#ffffff",
        "external.icon.tintcolor": "#1671d4",
        "background.color": {
            "normal": "#1b7eda",
            "pressed": "#1871c4"
        },
        "text.color": "#ffffff"
    },
    "chathistory.common": {
        "datebar.background.image": "chatroom_date.9.png",
        "soundsticker.icon.tintcolor": "#b7d1e2",
        "autoresend.icon.tintcolor": "#b7d1e2",
        "checkBox.image": {
            "normal": "list_checkbox_img_normal.png",
            "selected": "list_checkbox_img_selected.png"
        },
        "time.color": "#b7d1e2",
        "name.color": "#b7d1e2",
        "datebar.text.color": "#ffffff"
    },
    "bottom.button.common": {
        "button1.background.color": {
            "normal": "#c42a15",
            "pressed": "#ab1500",
            "dimmed": "#c42a15"
        },
        "button2.background.color": {
            "normal": "#525252",
            "pressed": "#3d3d3d",
            "dimmed": "#525252"
        },
        "button1.text.color": {
            "normal": "#ffffff",
            "dimmed": "#7fffffff"
        },
        "button2.text.color": {
            "normal": "#ffffff",
            "dimmed": "#7fffffff"
        }
    },
    "invitemember.tab.item": {
        "icon.tintcolor": "#ffffff",
        "background.image": {
            "normal": "gnb_bg_addfriend.9.png",
            "pressed": "gnb_bg_addfriend_pressed.9.png"
        },
        "text.color": "#ffffff"
    },
    "chathistory.music.recv.msg": {
        "title.text.color": "#ffffff",
        "playlist.default.image": "chatroom_ic_music_playlist.png",
        "playbtn.default.image": "chatroom_music_play_default.png",
        "playing.image": "chatroom_music_bar_playing.png",
        "playbtn.background.pressed.image": "chatroom_music_bar_pressed.png",
        "stopbtn.default.image": "chatroom_music_stop_default.png",
        "playbtn.pressed.image": "chatroom_music_play_pressed.png",
        "playbtn.background.default.image": "chatroom_music_bar_default.png",
        "typename.text.color": "#aaadae",
        "topic.default.image": "chatroom_ic_music_topic.png",
        "service.text.color": "#aaadae",
        "loading.image": "chatroom_music_loading.png",
        "artist.text.color": "#aaadae",
        "stopbtn.pressed.image": "chatroom_music_stop_pressed.png"
    },
    "myhome.post.bottom": {
        "commentText.color": "#284562",
        "commentIcon.image": {
            "normal": "timeline_ic_postcomment.png",
            "selected": "timeline_ic_postcomment.png"
        },
        "likeText.color": "#284562",
        "likeIcon.image": {
            "normal": "timeline_ic_postlike_off.png",
            "selected": "timeline_ic_postlike_on.png"
        },
        "likeCountText.color": "#284562",
        "commentCountText.color": "#284562"
    },
    "chathistory.balloon.recv": {"background.image": {
        "normal": "chatroom_balloon_rec_normal.9.png",
        "pressed": "chatroom_balloon_rec_pressed.9.png"
    }},
    "chathistory.memberlist.area": {"background.color": "#e51b7eda"},
    "chathistory.contact.send.msg": {
        "arrow.tintcolor": "#787a7b",
        "text.color": "#ffffff"
    },
    "tabBar.item.friend": {
        "normal.image": "gnb_ic_friends_normal.png",
        "selected.image": "gnb_ic_friends_selected.png"
    },
    "moreMenu.item": {
        "addfriend.image": "more_ic_addfriends.png",
        "newIcon.image": "more_ic_new.png",
        "setting.image": "more_ic_settings.png",
        "background.color": {
            "normal": "#dcf1ff",
            "pressed": "#d2e9f9"
        },
        "text.color": "#284562"
    },
    "myhome.list.header": {
        "updateTitleText.color": "#95b2cf",
        "updateText.color": "#95b2cf",
        "updateTimeText.color": "#95b2cf"
    },
    "chathistory.file.send.msg": {
        "file.icon.tintcolor": "#d8d9d9",
        "expire.text.color": "#9ea0a1",
        "arrow.tintcolor": "#787a7b",
        "text.color": "#ffffff"
    },
    "chathistory.privatechat.balloon.receive.text": {
        "background.image": {
            "normal": "chatroom_balloon_hidden.9.png",
            "pressed": "chatroom_balloon_hidden.9.png"
        },
        "icon.arrow.tintcolor": "#b8b79f",
        "text.color": "#ffffff"
    },
    "common.empty.page": {
        "zero.subtitle.color": "#95b2cf",
        "zerobutton.text.color": "#ffffff",
        "call.name.text.color": "#284562",
        "zero.title.color": "#284562",
        "zero.image": "zero_img_empty.png",
        "error.subtitle.color": "#95b2cf",
        "error.button.background.image": {
            "normal": "button_r07_normal.9.png",
            "pressed": "button_r07_pressed.9.png"
        },
        "call.link.text.color": "#95b2cf",
        "error.button.text.color": "#ffffff",
        "zerobutton.background.image": {
            "normal": "button_r07_normal.9.png",
            "pressed": "button_r07_pressed.9.png"
        },
        "error.image": "zero_img_error.png"
    },
    "grouphome.friend.request": {
        "btn.background.color": {
            "normal": "#525252",
            "pressed": "#3d3d3d"
        },
        "btn.text.color": "#ffffff",
        "background.color": "#1784e8",
        "message.text.color": "#ffffff",
        "message.icon.tintcolor": "#ffffff"
    },
    "notification.popup": {
        "setting.checkbox.background.image": {
            "normal": "list_checkbox_img_normal.png",
            "selected": "list_checkbox_img_selected.png"
        },
        "title.logo.tintcolor": "#ffffff",
        "title.username.text.color": "#ffffff",
        "title.groupname.text.color": "#ffffff",
        "title.count.background.image": "popup_noti_img_num_bg.9.png",
        "title.background.image": "popup_noti_bg_top.9.png",
        "title.setting.image.tintcolor": "#ffffff",
        "reply.input.bar.background.color": {
            "normal": "#d4d7dd",
            "selected": "#d6d6d6"
        },
        "title.count.text.color": "#ffffff",
        "reply.sendbutton.tintcolor": {
            "normal": "#d4d7dd",
            "pressed": "#474747",
            "selected": "#525252"
        }
    },
    "tabBar.item.call": {
        "normal.image": "gnb_ic_call_normal.png",
        "selected.image": "gnb_ic_call_selected.png"
    },
    "tabBar": {
        "background.image.pattern": true,
        "background.image": "gnb_bg.png",
        "selectorBar.background.color": "#a11300",
        "shadow.image": "gnb_gra.9.png"
    },
    "chathistory.attach.item.image": {
        "contact.image": {"normal": "chatroom_attach_ic_info.png"},
        "take.video.image": {"normal": "chatroom_attach_ic_takevideo.png"},
        "choose.video.image": {"normal": "chatroom_attach_ic_chooesvideo.png"},
        "take.photo.image": {"normal": "chatroom_attach_ic_takephoto.png"},
        "choose.photo.image": {"normal": "chatroom_attach_ic_photo.png"},
        "audio.image": {"normal": "chatroom_attach_ic_voicemessage.png"},
        "location.image": {"normal": "chatroom_attach_ic_location.png"}
    },
    "tabBar.item.more": {
        "normal.image": "gnb_ic_more_normal.png",
        "selected.image": "gnb_ic_more_selected.png"
    },
    "chathistory.groupboard.recv.msg": {
        "videoicon.tintcolor": "#989d9e",
        "more.text.color": "#989d9e",
        "photo.default.tintcolor": "#989d9e",
        "photoicon.tintcolor": "#989d9e",
        "bottom.background.image": "chatroom_gamemsg_line_rec.9.png",
        "sticker.default.tintcolor": "#989d9e",
        "video.default.tintcolor": "#989d9e",
        "location.text.color": "#ffffff",
        "arrow.tintcolor": "#888d8e",
        "text.color": "#ffffff",
        "bottom.text.color": "#989d9e"
    },
    "myhome.background": {"background.color": "#dcf1ff"},
    "navigationBar.tab": {"text.color": {
        "normal": "#ffffff",
        "selected": "#66ffffff"
    }},
    "grouphome.member.category": {
        "edit.btn.background.image": {
            "normal": "button_r10_normal.9.png",
            "pressed": "button_r10_pressed.9.png"
        },
        "category.text.color": "#b2cdde",
        "category.divider.background.color": "#ccdde9",
        "category.count.text.color": "#b2cdde",
        "edit.btn.text.color": "#ffffff"
    },
    "chathistory.balloon.video.default.send": {"background.color": "#3d4142"},
    "moreMenu.topbanner.item": {
        "subtext.color": "#95b2cf",
        "arrowIcon.tintcolor": "#aec8e0",
        "background.color": "#dcf1ff",
        "topDivider.background.color": "#ccdde9",
        "text.color": "#284562"
    },
    "chathistory.music.send.msg": {
        "title.text.color": "#ffffff",
        "playlist.default.image": "chatroom_ic_music_playlist.png",
        "playbtn.default.image": "chatroom_music_play_default.png",
        "playing.image": "chatroom_music_bar_playing.png",
        "playbtn.background.pressed.image": "chatroom_music_bar_pressed.png",
        "stopbtn.default.image": "chatroom_music_stop_default.png",
        "playbtn.pressed.image": "chatroom_music_play_pressed.png",
        "playbtn.background.default.image": "chatroom_music_bar_default.png",
        "typename.text.color": "#9ea0a1",
        "topic.default.image": "chatroom_ic_music_topic.png",
        "service.text.color": "#9ea0a1",
        "loading.image": "chatroom_music_loading.png",
        "artist.text.color": "#9ea0a1",
        "stopbtn.pressed.image": "chatroom_music_stop_pressed.png"
    },
    "grouphome.error": {
        "btn.text.color": "#ffffff",
        "sticker.image": "zero_img_error.png",
        "icon.tintcolor": "#95b2cf",
        "msg.text.color": "#95b2cf",
        "btn.text.background.image": {
            "normal": "button_r07_normal.9.png",
            "pressed": "button_r07_pressed.9.png"
        },
        "msg.text.shadow": "#00000000"
    },
    "select.chat.bottom": {
        "button.background.color": {
            "normal": "#525252",
            "pressed": "#3d3d3d"
        },
        "button.icon.tintcolor": "#ffffff",
        "button.text.color": {
            "normal": "#ffffff",
            "dimmed": "#7fffffff"
        }
    },
    "chathistory.option.item.voip.voice": {
        "background.color": {
            "normal": "#1b7eda",
            "pressed": "#1871c4"
        },
        "text.color": {
            "normal": "#ffffff",
            "dimmed": "#66ffffff"
        }
    },
    "chathistory.view.common": {
        "background.image.pattern": false,
        "background.color": "#dcf1ff"
    },
    "chathistory.input": {
        "inputText.color": "#ffffff",
        "photoButton.icon.image": "chatroom_ic_photo.png",
        "inputText.hint": "#9c9c9c",
        "attachButton.icon.image": "chatroom_ic_add.png",
        "background.image": "chatroom_input_bg.9.png",
        "sendButton.background.color": {
            "normal": "#525252",
            "pressed": "#3d3d3d"
        },
        "sendButton.tintcolor": "#ffffff",
        "eskButton.icon.image": "chatroom_ic_stickers.png"
    },
    "friendlist.item.common": {
        "new.background.color": {
            "normal": "#e8f6ff",
            "pressed": "#d0e8f8"
        },
        "checked.background.color": {
            "normal": "#d2e9f9",
            "pressed": "#d2e9f9"
        },
        "background.color": {
            "normal": "#dcf1ff",
            "pressed": "#d2e9f9"
        }
    },
    "chathistory.privatechat.tooltip": {"text.color": "#284562"},
    "chathistory.option.item.image": {
        "block.image": "chatroom_option_ic_block.png",
        "timer.image": "chatroom_option_ic_timer_normal.png",
        "recommend.dimmed.image": "chatroom_option_ic_recom_disable.png",
        "edit.group.image": "chatroom_option_ic_editgroup_normal.png",
        "invite.image": "chatroom_option_ic_invite_normal.png",
        "leave.dimmed.image": "chatroom_option_ic_leave_disable.png",
        "leave.image": "chatroom_option_ic_leave_normal.png",
        "line.call.dimmed.image": "chatroom_option_ic_linecall_disable.png",
        "album.image": "chatroom_option_ic_albums_normal.png",
        "recommend.image": "chatroom_option_ic_recom_normal.png",
        "create.group.dimmed.image": "chatroom_option_ic_creategroup_disable.png",
        "timer.dimmed.image": "chatroom_option_ic_timer_disable.png",
        "create.group.image": "chatroom_option_ic_creategroup_normal.png",
        "edit.image": "chatroom_option_ic_edit_normal.png",
        "edit.group.dimmed.image": "chatroom_option_ic_editgroup_disable.png",
        "photo.video.dimmed.image": "chatroom_option_ic_pv_disable.png",
        "notification.on.image": "chatroom_option_ic_noti_on.png",
        "album.dimmed.image": "chatroom_option_ic_albums_disable.png",
        "setting.dimmed.image": "chatroom_option_ic_setting_disable.png",
        "invite.dimmed.image": "chatroom_option_ic_invite_disable.png",
        "notification.off.image": "chatroom_option_ic_noti_off.png",
        "setting.image": "chatroom_option_ic_setting_normal.png",
        "unblock.image": "chatroom_option_ic_unblock.png",
        "photo.video.image": "chatroom_option_ic_pv_normal.png",
        "edit.dimmed.image": "chatroom_option_ic_edit_disable.png",
        "line.call.image": "chatroom_option_ic_linecall_normal.png",
        "photo.image": "chatroom_option_ic_pv_normal.png",
        "send.gift.dimmed.image": "chatroom_option_ic_gift_disable.png",
        "send.gift.image": "chatroom_option_ic_gift_normal.png"
    },
    "myhome.write.post": {
        "icon.tintcolor": "#284562",
        "text.color": "#284562"
    },
    "chathistory.gift.send.msg": {
        "background.image": "chatroom_balloon_gift_send.9.png",
        "text.color": "#ffffff"
    },
    "chathistory.voip.send.msg": {
        "icon.tintcolor": "#d8d9d9",
        "linecall.text.color": "#ffffff",
        "text.color": "#ffffff"
    },
    "chathistory.privatechat.header.banner.item": {
        "icon.tintcolor": "#284562",
        "text.color": "#284562"
    },
    "view.common": {"background.color": "#dcf1ff"},
    "chathistory.groupboard.tip": {"text.color": "#284562"},
    "search.chat.highlightColor": {
        "chatList.text.color": "#a11300",
        "receiveMessage.text.color": "#48b8ff",
        "sendMessage.text.color": "#48b8ff"
    },
    "myhome.cover": {
        "officialHomeProfileText.color": "#284562",
        "officialHomeProfileArrow.tintcolor": {
            "normal": "#284562",
            "pressed": "#284562"
        }
    },
    "navigationBar": {
        "title.text.color": "#ffffff",
        "button.background.color": {
            "normal": "#00000000",
            "pressed": "#00000000"
        },
        "badge.text.color": "#ffffff",
        "button.tintcolor": {
            "normal": "#ffffff",
            "pressed": "#74b5f1",
            "dimmed": "#74b5f1",
            "selected": "#ffffff"
        },
        "background.image": "header_bg.9.png",
        "badge.new.image": "header_ic_new.png",
        "button.text.color": {
            "normal": "#ffffff",
            "pressed": "#74b5f1",
            "dimmed": "#74b5f1",
            "selected": "#ffffff"
        },
        "title.button.tintcolor": "#ffffff",
        "status.background.color": "#1784e8",
        "badge.count.background.image": "header_num_bg.9.png"
    },
    "chathistory.voice.recv.msg": {
        "speak.expire.image": "chatroom_ic_voicemsg_rec_x.png",
        "bottom.background.image": "chatroom_voicemsg_line_w_rec.9.png",
        "colon.tintcolor": {
            "normal": "#c5c6c7",
            "selected": "#ffffff"
        },
        "seperator.image": "chatroom_voicemsg_line_h_rec.9.png",
        "speak3.image": "chatroom_ic_voicemsg_rec_03.png",
        "speak1.image": "chatroom_ic_voicemsg_rec_01.png",
        "share.image": {
            "normal": "chatroom_ic_voicemsg_rec_share.png",
            "selected": "chatroom_ic_voicemsg_rec_share_pressed.png"
        },
        "play.image": {
            "normal": "chatroom_ic_voicemsg_rec_play.png",
            "selected": "chatroom_ic_voicemsg_rec_play_pressed.png"
        },
        "speak.image": "chatroom_ic_voicemsg_rec_00.png",
        "pause.image": {
            "normal": "chatroom_ic_voicemsg_rec_pause.png",
            "selected": "chatroom_ic_voicemsg_rec_pause_pressed.png"
        },
        "speak2.image": "chatroom_ic_voicemsg_rec_02.png",
        "text.color": {
            "normal": "#c5c6c7",
            "selected": "#ffffff"
        }
    },
    "tabBar.item.timeline": {
        "highlight.image": "gnb_ic_timeline_new.png",
        "normal.image": "gnb_ic_timeline_normal.png",
        "selected.image": "gnb_ic_timeline_selected.png"
    },
    "grouphome.member.profile": {
        "add.btn.icon.tintcolor": "#61a1dc",
        "profile.name.text.color": "#284562"
    },
    "addFriend.tab.item": {
        "background.image": {
            "normal": "gnb_bg_addfriend.9.png",
            "pressed": "gnb_bg_addfriend_pressed.9.png"
        },
        "text.color": "#ffffff"
    },
    "chathistory.voice.send.msg": {
        "speak.expire.image": "chatroom_ic_voicemsg_send_x.png",
        "bottom.background.image": "chatroom_voicemsg_line_w_send.9.png",
        "colon.tintcolor": {
            "normal": "#cccecf",
            "selected": "#ffffff"
        },
        "seperator.image": "chatroom_voicemsg_line_h_send.9.png",
        "speak3.image": "chatroom_ic_voicemsg_send_03.png",
        "speak1.image": "chatroom_ic_voicemsg_send_01.png",
        "share.image": {
            "normal": "chatroom_ic_voicemsg_send_share.png",
            "selected": "chatroom_ic_voicemsg_send_share_pressed.png"
        },
        "play.image": {
            "normal": "chatroom_ic_voicemsg_send_play.png",
            "selected": "chatroom_ic_voicemsg_send_play_pressed.png"
        },
        "speak.image": "chatroom_ic_voicemsg_send_00.png",
        "pause.image": {
            "normal": "chatroom_ic_voicemsg_send_pause.png",
            "selected": "chatroom_ic_voicemsg_send_pause_pressed.png"
        },
        "speak2.image": "chatroom_ic_voicemsg_send_02.png",
        "text.color": {
            "normal": "#cccecf",
            "selected": "#ffffff"
        }
    },
    "chathistory.option.item.voip.voice.image": {
        "voice.call.dimmed.image": "chatroom_option_ic_freecall_disable.png",
        "voice.call.image": "chatroom_option_ic_freecall_normal.png"
    },
    "chathistory.onair": {
        "background.image": "chatroom_onair_bg.9.png",
        "subtext.color": "#97c4ef",
        "text.color": "#ffffff"
    },
    "chathistory.voip.recv.msg": {
        "icon.tintcolor": "#dddedf",
        "linecall.text.color": "#ffffff",
        "text.color": "#ffffff"
    },
    "moreMenu.view": {"background.color": "#dcf1ff"},
    "myhome.post.header": {
        "groupBtn.popup.arrow.tintcolor": "#b5d4f1",
        "nameText.color": "#284562",
        "groupBtn.background.image": {
            "normal": "button_r09_normal.9.png",
            "pressed": "button_r09_pressed.9.png"
        },
        "groupBtn.text.color": "#8da9c6",
        "groupBtn.popup.background.image": "timeline_img_bg_see_bg01.9.png",
        "sharePostMessage.color": "#0f2132",
        "groupBtn.popup.pressed.reverse.background.image": {
            "normal": "",
            "pressed": "timeline_img_bg_see_bg02_pressed.9.png"
        },
        "groupBtn.popup.divider.background.color": "#3882c5",
        "groupBtn.icon.tintcolor": "#8da9c6",
        "groupBtn.popup.reverse.background.image": "timeline_img_bg_see_bg02.9.png",
        "timeText.color": "#b3c8d7",
        "groupBtn.popup.detail.text.color": "#d7e6f6",
        "groupBtn.popup.pressed.background.image": {
            "normal": "",
            "pressed": "timeline_img_bg_see_bg01_pressed.9.png"
        },
        "groupBtn.popup.text.color": "#ffffff"
    },
    "chathistory.balloon.text.recv": {"background.image": {
        "normal": "chatroom_balloon_rec_normal.9.png",
        "padding": "16.5 5 10.5 7.5",
        "pressed": "chatroom_balloon_rec_pressed.9.png"
    }},
    "timeline.list.newpost": {
        "background.image": {
            "normal": "timeline_newpost_btn.9.png",
            "pressed": "timeline_newpost_btn.9.png"
        },
        "text.color": "#ffffff"
    },
    "chathistory.gift.recv.msg": {
        "button.background.image": {
            "normal": "button_r07_normal.9.png",
            "pressed": "button_r07_pressed.9.png"
        },
        "background.image": "chatroom_balloon_gift_rec.9.png",
        "button.text.color": "#ffffff",
        "button.text.shadow": "#00000000",
        "text.color": "#ffffff"
    },
    "grouphome.empty": {
        "empty.album.icon.image.tintcolor": "#95b2cf",
        "empty.btn.text.color": "#ffffff",
        "empty.note.icon.image.tintcolor": "#95b2cf",
        "empty.btn.background.image": {
            "normal": "button_r07_normal.9.png",
            "pressed": "button_r07_pressed.9.png"
        },
        "empty.text.color": "#95b2cf"
    },
    "multi.userselect": {
        "name.text.color": "#e4e4e4",
        "background.color": "#747a7c"
    },
    "chathistory.link.recv.msg": {
        "bottom.background.image": "chatroom_gamemsg_line_rec.9.png",
        "detail.text.color": "#989d9e",
        "arrow.tintcolor": "#888d8e",
        "text.color": "#ffffff"
    },
    "timeline.userrecall": {
        "recalled.user.text.color": "#e22337",
        "recall.user.text.color": "#ffffff",
        "suggest.dialog.text.color": "#a82e1f",
        "recall.user.text.background.color": "#a82e1f"
    },
    "searchBar": {
        "underbar.background.color": {
            "normal": "#d4e7f5",
            "selected": "#d4e7f5"
        },
        "text.hint": "#99b7cb",
        "search.icon.image": "list_ic_search.png",
        "cancel.icon.tintcolor": "#99b7cb",
        "text.color": "#4c6781"
    },
    "chathistory.groupboard.send.msg": {
        "videoicon.tintcolor": "#9ea0a1",
        "more.text.color": "#9ea0a1",
        "photo.default.tintcolor": "#9ea0a1",
        "photoicon.tintcolor": "#9ea0a1",
        "bottom.background.image": "chatroom_gamemsg_line_send.9.png",
        "sticker.default.tintcolor": "#9ea0a1",
        "video.default.tintcolor": "#9ea0a1",
        "location.text.color": "#ffffff",
        "arrow.tintcolor": "#787a7b",
        "text.color": "#ffffff",
        "bottom.text.color": "#9ea0a1"
    },
    "chathistory.privatechat.common": {
        "name.text.color": "#ccb7d1e2",
        "timer.text.color": "#ccb7d1e2",
        "autoresend.icon.tintcolor": "#bfd8e8",
        "time.text.color": "#ccb7d1e2"
    },
    "select.chat.tab": {
        "background.image": "gnb_bg_select.9.png",
        "selectorBar.background.color": "#a11300",
        "text.shadow": "#00000000",
        "text.color": {
            "normal": "#76b2e9",
            "selected": "#ffffff"
        }
    },
    "chathistory.input.sendButton.selectType": {
        "icon.tintcolor": {
            "normal": "#96adc4",
            "selected": "#48b8ff"
        },
        "text.color": {
            "normal": "#96adc4",
            "selected": "#48b8ff"
        }
    },
    "chathistory.option.item.voip.video.image": {
        "video.call.image": "chatroom_option_ic_videocall_normal.png",
        "video.call.dimmed.image": "chatroom_option_ic_videocall_disable.png"
    },
    "moreMenu.lower.item": {
        "newIcon.image": "more_ic_new.png",
        "icon.tintcolor": "#284562",
        "background.color": {
            "normal": "#dcf1ff",
            "pressed": "#d2e9f9"
        },
        "text.color": "#284562"
    },
    "list.common": {"divider.background.color": "#ccdde9"},
    "chathistory.balloon.send": {"background.image": {
        "normal": "chatroom_balloon_send_normal.9.png",
        "pressed": "chatroom_balloon_send_pressed.9.png"
    }},
    "navigationBar.search": {
        "back.icon.tintcolor": {
            "normal": "#ffffff",
            "pressed": "#74b5f1"
        },
        "underbar.background.color": "#74b5f1",
        "background.image": "header_bg.9.png",
        "text.hint": "#74b5f1",
        "cancel.icon.tintcolor": "#ffffff",
        "text.color": "#ffffff"
    },
    "album.detail.menu": {
        "checked.icon.tintcolor": "#284562",
        "item.color": {
            "normal": "#a9b5c0",
            "selected": "#284562"
        }
    },
    "friendlist.item": {
        "phoneIcon.tintcolor": {
            "normal": "#35555e",
            "pressed": "#35555e"
        },
        "phoneNumberText.color": "#95b2cf",
        "nameText.color": "#284562",
        "phoneIcon.background.tintcolor": {
            "normal": "#accddb",
            "pressed": "#9dc1d0"
        },
        "addFriend.background.tintcolor": {
            "normal": "#accddb",
            "pressed": "#9dc1d0"
        },
        "arrowIcon.tintcolor": "#bed8e9",
        "moreButton.text.color": "#ffffff",
        "updateIcon.tintcolor": "#a11300",
        "addInviteButton.background.image": {
            "normal": "button_r06_normal.9.png",
            "pressed": "button_r06_pressed.9.png"
        },
        "addFriend.icon.tintcolor": "#35555e",
        "descriptionText.color": "#95b2cf",
        "statusText.color": "#95b2cf",
        "checkboxOff.image": "list_checkbox_img_normal.png",
        "checkboxOn.image": "list_checkbox_img_selected.png",
        "addInviteButton.color": "#ffffff",
        "moreButton.background.image": {
            "normal": "button_r01_normal.9.png",
            "pressed": "button_r01_pressed.9.png"
        }
    },
    "chathistory.option.item": {
        "button.background.color": {
            "normal": "#1b7eda",
            "pressed": "#1871c4"
        },
        "bottom.divider.background.color": "#1b7eda",
        "text.color": {
            "normal": "#ffffff",
            "dimmed": "#66ffffff"
        }
    },
    "profile.thumbnail": {
        "group.small.image": "group_thumbnail_small.png",
        "single.big.image": "user_thumbnail_large_00.png",
        "group.big.image": "group_thumbnail_large.png",
        "single.small.image": "user_thumbnail_small_00.png"
    },
    "chathistory.privatechat.view.common": {"background.image": "chatroom_bg_hidden.9.png"},
    "main.view.common": {"background.color": "#dcf1ff"},
    "chathistory.input.voice": {
        "voip.background.color": {
            "normal": "#525252",
            "pressed": "#474747"
        },
        "voip.icon.tintcolor": "#ffffff",
        "voip.text.color": "#ffffff",
        "close.background.color": {
            "normal": "#484848",
            "pressed": "#3d3d3d"
        },
        "close.icon.tintcolor": "#ffffff"
    },
    "manifest": {
        "schemaVersion": 1,
        "provider": {
            "name": "LINE Corporation",
            "url": "http://www.linecorp.com"
        },
        "themeVersion": "5.10.0",
        "name": "DragonQuest",
        "platform": "Android",
        "revision": 10,
        "quality": 85
    },
    "noticenter2": {
        "title.text.color": "#88a9be",
        "arrow.icon.image": "timeline_img_tabarrow.png",
        "background.color": "#ffffff",
        "more.icon.tintcolor": "#c7dae6"
    },
    "chathistory.link.send.msg": {
        "bottom.background.image": "chatroom_gamemsg_line_send.9.png",
        "detail.text.color": "#9ea0a1",
        "arrow.tintcolor": "#787a7b",
        "text.color": "#ffffff"
    },
    "chathistory.spammer": {
        "name.text.color": "#ffffff",
        "button.background.image": {
            "normal": "button_r06_normal.9.png",
            "pressed": "button_r06_pressed.9.png"
        },
        "background.image": "chatroom_onair_bg.9.png",
        "button.text.color": "#ffffff",
        "text.color": "#97c4ef"
    },
    "navigationBar.moreMenu": {"item.text.color": "#284562"},
    "tabBar.item": {
        "badge.text.color": "#ffffff",
        "badge.background.image": "gnb_num_bg.9.png"
    },
    "chathistory.balloon.video.default.recv": {"background.color": "#545b5d"},
    "addFriend.tab.addGroup": {
        "icon.background.tintcolor": "#accddb",
        "icon.tintcolor": "#284562",
        "subtext.color": "#95b2cf",
        "updateButton.tintcolor": {
            "normal": "#525252",
            "pressed": "#3d3d3d"
        },
        "background.color": {
            "normal": "#dcf1ff",
            "pressed": "#d2e9f9"
        },
        "addButton.text.color": "#ffffff",
        "addButton.background.tintcolor": {
            "normal": "#525252",
            "pressed": "#3d3d3d"
        },
        "arrow.tintcolor": "#bed8e9",
        "text.color": "#284562"
    },
    "chathistory.contact.recv.msg": {
        "arrow.tintcolor": "#888d8e",
        "text.color": "#ffffff"
    },
    "myhome.lineend.smiley": {"smiley.tintcolor": "#ffffff"},
    "splash": {
        "splash.background.image": {
            "normal": "",
            "top": [
                "splash_img.png",
                "splash_logo.png"
            ],
            "gravity": [
                "bottom",
                "center"
            ]
        },
        "background.color": "#dcf1ff"
    },
    "passcode": {
        "number.background.tintcolor": {
            "normal": "#1784e8",
            "pressed": "#1679d3"
        },
        "passcode3.input.image": "password_ic_03_on.png",
        "passcode2.background.image": "password_ic_02_off.png",
        "passcode1.input.image": "password_ic_01_on.png",
        "number.text.tintcolor": "#ffffff",
        "passcode2.input.image": "password_ic_02_on.png",
        "passcode4.background.image": "password_ic_04_off.png",
        "background.color": "#1784e8",
        "top.background.color": "#dcf1ff",
        "text.color": "#284562",
        "infotext.color": "#90afcd",
        "passcode1.background.image": "password_ic_01_off.png",
        "number.delete.tintcolor": {
            "normal": "#ffffff",
            "pressed": "#ffffff"
        },
        "passcode3.background.image": "password_ic_03_off.png",
        "number.cancel.text.color": {
            "normal": "#ffffff",
            "pressed": "#66ffffff"
        },
        "passcode4.input.image": "password_ic_04_on.png"
    },
    "myhome.post.body": {"text.color": "#0f2132"}
}