{
    "calllist.item": {
        "dateText.color": "#c19e44",
        "phoneIcon.tintcolor": {
            "normal": "#654514",
            "pressed": "#654514"
        },
        "nameText.color": "#654514",
        "phoneIcon.background.tintcolor": {
            "normal": "#fed862",
            "pressed": "#facf48"
        },
        "dateIcon.tintcolor": "#c19e44"
    },
    "chathistory.attach.header": {
        "background.image.pattern": false,
        "background.image": "header_bg.9.png",
        "text.color": "#654514"
    },
    "friendlist.category": {
        "textSeeAll.color": "#d9b864",
        "arrowClose.tintcolor": "#e4c97c",
        "arrowOpen.tintcolor": "#e4c97c",
        "textSeeAll.arrow.tintcolor": "#d9b864",
        "background.color": "#fff1b4",
        "text.color": "#d9b864"
    },
    "chathistory.file.recv.msg": {
        "file.icon.tintcolor": "#846a43",
        "expire.text.color": "#b2a289",
        "arrow.tintcolor": "#c1b4a1",
        "text.color": "#654514"
    },
    "tabBar.item.talk": {
        "normal.image": "gnb_ic_chats_normal.png",
        "selected.image": "gnb_ic_chats_selected.png"
    },
    "chathistory.text.send.msg": {"text.color": "#654514"},
    "grouphome.main": {
        "tab.text.color": "#c1a651",
        "moreTab.icon.tintcolor": {
            "normal": "#785a27",
            "pressed": "#422e10"
        },
        "albumCreateBtn.image": {
            "normal": "group_ic_postalbum.png",
            "pressed": "group_ic_postalbum_pressed.png"
        },
        "selectedTab.text.color": "#654514",
        "tab.background.color": "#ffe77a",
        "postWriteBtn.image": {
            "normal": "group_ic_writepost.png",
            "pressed": "group_ic_writepost_pressed.png"
        },
        "tabBottomLine.background.color": "#ad7f10"
    },
    "chathistory.option.item.voip.video": {
        "background.color": {
            "normal": "#ffeb9c",
            "pressed": "#ffe57f"
        },
        "text.color": {
            "normal": "#654514",
            "dimmed": "#66654514"
        }
    },
    "chathistory.text.recv.msg": {"text.color": "#654514"},
    "addFriend.tab.icon": {
        "idsearch.image": "gnb_ic_search.png",
        "invite.image": "gnb_ic_contacts.png",
        "qrcode.image": "gnb_ic_qrcode.png",
        "shakeit.image": "gnb_ic_shakeit.png"
    },
    "chathistory.balloon.text.send": {"background.image": {
        "normal": "chatroom_balloon_send_normal.9.png",
        "padding": "11 5 16 8",
        "pressed": "chatroom_balloon_send_pressed.9.png"
    }},
    "friendlist.common": {"noresult.text.color": "#d9b864"},
    "chatlist.item": {
        "messageText.color": "#c19e44",
        "nameText.color": "#654514",
        "newIcon.image": "list_category_chat_new.png",
        "timeText.color": "#ab8d3d",
        "muteIcon.tintcolor": "#c19e44",
        "messageCountText.color": "#ffffff",
        "messageCountText.background.image": "list_category_chat_num.9.png"
    },
    "chathistory.attach.item": {
        "icon.tintcolor": "#654514",
        "external.icon.tintcolor": "#d0b973",
        "background.color": {
            "normal": "#ffeb9c",
            "pressed": "#ffe57f"
        },
        "text.color": "#654514"
    },
    "chathistory.common": {
        "datebar.background.image": "chatroom_date.9.png",
        "soundsticker.icon.tintcolor": "#e1c367",
        "autoresend.icon.tintcolor": "#e1c367",
        "checkBox.image": {
            "normal": "list_checkbox_img_normal.png",
            "selected": "list_checkbox_img_selected.png"
        },
        "time.color": "#e1c367",
        "name.color": "#dcbe6b",
        "datebar.text.color": "#ffffff"
    },
    "bottom.button.common": {
        "button1.background.color": {
            "normal": "#345389",
            "pressed": "#273f6a",
            "dimmed": "#345389"
        },
        "button2.background.color": {
            "normal": "#654b14",
            "pressed": "#422e10",
            "dimmed": "#654b14"
        },
        "button1.text.color": {
            "normal": "#ffffff",
            "dimmed": "#66ffffff"
        },
        "button2.text.color": {
            "normal": "#ffffff",
            "dimmed": "#66ffffff"
        }
    },
    "invitemember.tab.item": {
        "icon.tintcolor": "#654514",
        "background.image": {
            "normal": "gnb_bg_addfriend_normal.9.png",
            "pressed": "gnb_bg_addfriend_pressed.9.png"
        },
        "text.color": "#654514"
    },
    "chathistory.music.recv.msg": {
        "title.text.color": "#654514",
        "playlist.default.image": "chatroom_ic_music_playlist.png",
        "playbtn.default.image": "chatroom_music_play_default.png",
        "playing.image": "chatroom_music_bar_playing.png",
        "playbtn.background.pressed.image": "chatroom_music_bar_pressed.png",
        "stopbtn.default.image": "chatroom_music_stop_default.png",
        "playbtn.pressed.image": "chatroom_music_play_pressed.png",
        "playbtn.background.default.image": "chatroom_music_bar_default.png",
        "typename.text.color": "#b2a289",
        "topic.default.image": "chatroom_ic_music_topic.png",
        "service.text.color": "#b2a289",
        "loading.image": "chatroom_music_loading.png",
        "artist.text.color": "#b2a289",
        "stopbtn.pressed.image": "chatroom_music_stop_pressed.png"
    },
    "myhome.post.bottom": {
        "commentText.color": "#654514",
        "commentIcon.image": {
            "normal": "timeline_ic_postcomment.png",
            "selected": "timeline_ic_postcomment.png"
        },
        "likeText.color": "#654514",
        "likeIcon.image": {
            "normal": "timeline_ic_postlike_off.png",
            "selected": "timeline_ic_postlike_on.png"
        },
        "likeCountText.color": "#654514",
        "commentCountText.color": "#654514"
    },
    "chathistory.balloon.recv": {"background.image": {
        "normal": "chatroom_balloon_rec_normal.9.png",
        "pressed": "chatroom_balloon_rec_pressed.9.png"
    }},
    "chathistory.memberlist.area": {"background.color": "#e5ffe77a"},
    "chathistory.contact.send.msg": {
        "arrow.tintcolor": "#c19d3e",
        "text.color": "#654514"
    },
    "tabBar.item.friend": {
        "normal.image": "gnb_ic_friends_normal.png",
        "selected.image": "gnb_ic_friends_selected.png"
    },
    "moreMenu.item": {
        "addfriend.image": "more_ic_addfriends.png",
        "newIcon.image": "more_ic_new.png",
        "setting.image": "more_ic_settings.png",
        "background.color": {
            "normal": "#fff1b4",
            "pressed": "#ffeb9c"
        },
        "text.color": "#654514"
    },
    "myhome.list.header": {
        "updateTitleText.color": "#c19e44",
        "updateText.color": "#654514",
        "updateTimeText.color": "#c19e44"
    },
    "chathistory.file.send.msg": {
        "file.icon.tintcolor": "#846222",
        "expire.text.color": "#937129",
        "arrow.tintcolor": "#c19d3e",
        "text.color": "#654514"
    },
    "chathistory.privatechat.balloon.receive.text": {
        "background.image": {
            "normal": "chatroom_balloon_hidden.9.png",
            "pressed": "chatroom_balloon_hidden.9.png"
        },
        "icon.arrow.tintcolor": "#e0c486",
        "text.color": "#654514"
    },
    "common.empty.page": {
        "zero.subtitle.color": "#c19e44",
        "zerobutton.text.color": "#ffffff",
        "call.name.text.color": "#654514",
        "zero.title.color": "#654514",
        "zero.image": "zero_img_empty.png",
        "error.subtitle.color": "#b19b75",
        "error.button.background.image": {
            "normal": "button_r07_normal.9.png",
            "pressed": "button_r07_pressed.9.png"
        },
        "call.link.text.color": "#c19e44",
        "error.button.text.color": "#ffffff",
        "zerobutton.background.image": {
            "normal": "button_r07_normal.9.png",
            "pressed": "button_r07_pressed.9.png"
        },
        "error.image": "zero_img_error.png"
    },
    "grouphome.friend.request": {
        "btn.background.color": {
            "normal": "#785a27",
            "pressed": "#422e10"
        },
        "btn.text.color": "#ffffff",
        "background.color": "#b2ffd758",
        "message.text.color": "#654514",
        "message.icon.tintcolor": "#654514"
    },
    "notification.popup": {
        "setting.checkbox.background.image": {
            "normal": "list_checkbox_img_normal.png",
            "selected": "list_checkbox_img_selected.png"
        },
        "title.logo.tintcolor": "#654514",
        "title.username.text.color": "#654514",
        "title.groupname.text.color": "#654514",
        "title.count.background.image": "popup_noti_img_num_bg.9.png",
        "title.background.image": "popup_noti_bg_top.9.png",
        "title.setting.image.tintcolor": "#654514",
        "reply.input.bar.background.color": {
            "normal": "#d6d6d6",
            "selected": "#d6d6d6"
        },
        "title.count.text.color": "#ffffff",
        "reply.sendbutton.tintcolor": {
            "normal": "#846a43",
            "pressed": "#422e10",
            "selected": "#846a43"
        }
    },
    "tabBar.item.call": {
        "normal.image": "gnb_ic_call_normal.png",
        "selected.image": "gnb_ic_call_selected.png"
    },
    "tabBar": {
        "background.image.pattern": true,
        "background.image": "gnb_bg_pattern.png",
        "selectorBar.background.color": "#ad7f10",
        "shadow.image": "gnb_gra.9.png"
    },
    "chathistory.attach.item.image": {
        "contact.image": {"normal": "chatroom_attach_ic_info.png"},
        "take.video.image": {"normal": "chatroom_attach_ic_takevideo.png"},
        "choose.video.image": {"normal": "chatroom_attach_ic_chooesvideo.png"},
        "take.photo.image": {"normal": "chatroom_attach_ic_takephoto.png"},
        "choose.photo.image": {"normal": "chatroom_attach_ic_photo.png"},
        "audio.image": {"normal": "chatroom_attach_ic_voicemessage.png"},
        "location.image": {"normal": "chatroom_attach_ic_location.png"}
    },
    "tabBar.item.more": {
        "normal.image": "gnb_ic_more_normal.png",
        "selected.image": "gnb_ic_more_selected.png"
    },
    "chathistory.groupboard.recv.msg": {
        "videoicon.tintcolor": "#b2a289",
        "more.text.color": "#b2a289",
        "photo.default.tintcolor": "#b2a289",
        "photoicon.tintcolor": "#b2a289",
        "bottom.background.image": "chatroom_gamemsg_line_rec.9.png",
        "sticker.default.tintcolor": "#b2a289",
        "video.default.tintcolor": "#b2a289",
        "location.text.color": "#654514",
        "arrow.tintcolor": "#c1b4a1",
        "text.color": "#654514",
        "bottom.text.color": "#b2a289"
    },
    "myhome.background": {"background.color": "#fff1b4"},
    "navigationBar.tab": {"text.color": {
        "normal": "#654514",
        "selected": "#c1a651"
    }},
    "grouphome.member.category": {
        "edit.btn.background.image": {
            "normal": "button_r10_normal.9.png",
            "pressed": "button_r10_pressed.9.png"
        },
        "category.text.color": "#d9b864",
        "category.divider.background.color": "#f5dd7c",
        "category.count.text.color": "#d9b864",
        "edit.btn.text.color": "#ffffff"
    },
    "chathistory.balloon.video.default.send": {"background.color": "#ffd85a"},
    "moreMenu.topbanner.item": {
        "subtext.color": "#c19e44",
        "arrowIcon.tintcolor": "#ddbd6b",
        "background.color": "#fff1b4",
        "topDivider.background.color": "#f5dd7c",
        "text.color": "#654514"
    },
    "chathistory.music.send.msg": {
        "title.text.color": "#654514",
        "playlist.default.image": "chatroom_ic_music_playlist.png",
        "playbtn.default.image": "chatroom_music_play_default.png",
        "playing.image": "chatroom_music_bar_playing.png",
        "playbtn.background.pressed.image": "chatroom_music_bar_pressed.png",
        "stopbtn.default.image": "chatroom_music_stop_default.png",
        "playbtn.pressed.image": "chatroom_music_play_pressed.png",
        "playbtn.background.default.image": "chatroom_music_bar_default.png",
        "typename.text.color": "#9c7c2f",
        "topic.default.image": "chatroom_ic_music_topic.png",
        "service.text.color": "#9c7c2f",
        "loading.image": "chatroom_music_loading.png",
        "artist.text.color": "#9c7c2f",
        "stopbtn.pressed.image": "chatroom_music_stop_pressed.png"
    },
    "grouphome.error": {
        "btn.text.color": "#ffffff",
        "sticker.image": "zero_img_error.png",
        "icon.tintcolor": "#d3b765",
        "msg.text.color": "#c19e44",
        "btn.text.background.image": {
            "normal": "button_r08_normal.9.png",
            "pressed": "button_r08_pressed.9.png"
        },
        "msg.text.shadow": "#00000000"
    },
    "select.chat.bottom": {
        "button.background.color": {
            "normal": "#654b14",
            "pressed": "#422e10"
        },
        "button.icon.tintcolor": "#ffffff",
        "button.text.color": {
            "normal": "#ffffff",
            "dimmed": "#7fffffff"
        }
    },
    "chathistory.option.item.voip.voice": {
        "background.color": {
            "normal": "#ffeb9c",
            "pressed": "#ffe57f"
        },
        "text.color": {
            "normal": "#654514",
            "dimmed": "#66654514"
        }
    },
    "chathistory.view.common": {
        "background.image.pattern": true,
        "background.image": {"normal": "chatroom_bg_pattern.png"},
        "background.color": "#fff1b4"
    },
    "chathistory.input": {
        "inputText.color": "#654514",
        "photoButton.icon.image": "chatroom_ic_photo.png",
        "inputText.hint": "#b29f7d",
        "attachButton.icon.image": "chatroom_ic_add.png",
        "background.image": "chatroom_input_bg.9.png",
        "sendButton.background.color": {
            "normal": "#654514",
            "pressed": "#422e10"
        },
        "sendButton.tintcolor": "#ffffff",
        "eskButton.icon.image": "chatroom_ic_stickers.png"
    },
    "friendlist.item.common": {
        "new.background.color": {
            "normal": "#ffdf8b",
            "pressed": "#ffd879"
        },
        "checked.background.color": {
            "normal": "#ffe479",
            "pressed": "#ffe479"
        },
        "background.color": {
            "normal": "#fff1b4",
            "pressed": "#ffe479"
        }
    },
    "chathistory.privatechat.tooltip": {"text.color": "#654514"},
    "chathistory.option.item.image": {
        "block.image": "chatroom_option_ic_block.png",
        "timer.image": "chatroom_option_ic_timer_normal.png",
        "recommend.dimmed.image": "chatroom_option_ic_recom_disable.png",
        "edit.group.image": "chatroom_option_ic_editgroup_normal.png",
        "invite.image": "chatroom_option_ic_invite_normal.png",
        "leave.dimmed.image": "chatroom_option_ic_leave_disable.png",
        "leave.image": "chatroom_option_ic_leave_normal.png",
        "line.call.dimmed.image": "chatroom_option_ic_linecall_disable.png",
        "album.image": "chatroom_option_ic_albums_normal.png",
        "recommend.image": "chatroom_option_ic_recom_normal.png",
        "create.group.dimmed.image": "chatroom_option_ic_creategroup_disable.png",
        "timer.dimmed.image": "chatroom_option_ic_timer_disable.png",
        "create.group.image": "chatroom_option_ic_creategroup_normal.png",
        "edit.image": "chatroom_option_ic_edit_normal.png",
        "edit.group.dimmed.image": "chatroom_option_ic_editgroup_disable.png",
        "photo.video.dimmed.image": "chatroom_option_ic_pv_disable.png",
        "notification.on.image": "chatroom_option_ic_noti_on.png",
        "album.dimmed.image": "chatroom_option_ic_albums_disable.png",
        "setting.dimmed.image": "chatroom_option_ic_setting_disable.png",
        "invite.dimmed.image": "chatroom_option_ic_invite_disable.png",
        "notification.off.image": "chatroom_option_ic_noti_off.png",
        "setting.image": "chatroom_option_ic_setting_normal.png",
        "unblock.image": "chatroom_option_ic_unblock.png",
        "photo.video.image": "chatroom_option_ic_pv_normal.png",
        "edit.dimmed.image": "chatroom_option_ic_edit_disable.png",
        "line.call.image": "chatroom_option_ic_linecall_normal.png",
        "photo.image": "chatroom_option_ic_pv_normal.png",
        "send.gift.dimmed.image": "chatroom_option_ic_gift_disable.png",
        "send.gift.image": "chatroom_option_ic_gift_normal.png"
    },
    "myhome.write.post": {
        "icon.tintcolor": "#654514",
        "text.color": "#654514"
    },
    "chathistory.gift.send.msg": {
        "background.image": "chatroom_balloon_gift_send.9.png",
        "text.color": "#654514"
    },
    "chathistory.voip.send.msg": {
        "icon.tintcolor": "#846222",
        "linecall.text.color": "#654514",
        "text.color": "#654514"
    },
    "chathistory.privatechat.header.banner.item": {
        "icon.tintcolor": "#654514",
        "text.color": "#654514"
    },
    "view.common": {"background.color": "#fff1b4"},
    "chathistory.groupboard.tip": {"text.color": "#654514"},
    "search.chat.highlightColor": {
        "chatList.text.color": "#508df9",
        "receiveMessage.text.color": "#a4c5ff",
        "sendMessage.text.color": "#a4c5ff"
    },
    "myhome.cover": {
        "officialHomeProfileText.color": "#654514",
        "officialHomeProfileArrow.tintcolor": {
            "normal": "#654514",
            "pressed": "#654514"
        }
    },
    "navigationBar": {
        "title.text.color": "#654514",
        "button.background.color": {
            "normal": "#00000000",
            "pressed": "#00000000"
        },
        "badge.text.color": "#ffffff",
        "button.tintcolor": {
            "normal": "#654514",
            "pressed": "#c1a651",
            "dimmed": "#c1a651",
            "selected": "#654514"
        },
        "background.image.pattern": false,
        "background.image": "header_bg.9.png",
        "badge.new.image": "header_ic_new.png",
        "button.text.color": {
            "normal": "#654514",
            "pressed": "#c1a651",
            "dimmed": "#c1a651",
            "selected": "#654514"
        },
        "title.button.tintcolor": "#654514",
        "status.background.color": "#fbdf5f",
        "badge.count.background.image": "header_num_bg.9.png"
    },
    "chathistory.voice.recv.msg": {
        "speak.expire.image": "chatroom_ic_voicemsg_rec_x.png",
        "bottom.background.image": "chatroom_voicemsg_line_w_rec.9.png",
        "colon.tintcolor": {
            "normal": "#c1b5a1",
            "selected": "#654514"
        },
        "seperator.image": "chatroom_voicemsg_line_h_rec.9.png",
        "speak3.image": "chatroom_ic_voicemsg_rec_03.png",
        "speak1.image": "chatroom_ic_voicemsg_rec_01.png",
        "share.image": {
            "normal": "chatroom_ic_voicemsg_rec_share.png",
            "selected": "chatroom_ic_voicemsg_rec_share_pressed.png"
        },
        "play.image": {
            "normal": "chatroom_ic_voicemsg_rec_play.png",
            "selected": "chatroom_ic_voicemsg_rec_play_pressed.png"
        },
        "speak.image": "chatroom_ic_voicemsg_rec_00.png",
        "pause.image": {
            "normal": "chatroom_ic_voicemsg_rec_pause.png",
            "selected": "chatroom_ic_voicemsg_rec_pause_pressed.png"
        },
        "speak2.image": "chatroom_ic_voicemsg_rec_02.png",
        "text.color": {
            "normal": "#c1b5a1",
            "selected": "#654514"
        }
    },
    "tabBar.item.timeline": {
        "highlight.image": "gnb_ic_timeline_new.png",
        "normal.image": "gnb_ic_timeline_normal.png",
        "selected.image": "gnb_ic_timeline_selected.png"
    },
    "grouphome.member.profile": {
        "add.btn.icon.tintcolor": "#785a27",
        "profile.name.text.color": "#654514"
    },
    "addFriend.tab.item": {
        "background.image": {
            "normal": "gnb_bg_addfriend_normal.9.png",
            "pressed": "gnb_bg_addfriend_pressed.9.png"
        },
        "text.color": "#654514"
    },
    "chathistory.voice.send.msg": {
        "speak.expire.image": "chatroom_ic_voicemsg_send_x.png",
        "bottom.background.image": "chatroom_voicemsg_line_w_send.9.png",
        "colon.tintcolor": {
            "normal": "#c19d3e",
            "selected": "#654514"
        },
        "seperator.image": "chatroom_voicemsg_line_h_send.9.png",
        "speak3.image": "chatroom_ic_voicemsg_send_03.png",
        "speak1.image": "chatroom_ic_voicemsg_send_01.png",
        "share.image": {
            "normal": "chatroom_ic_voicemsg_send_share.png",
            "selected": "chatroom_ic_voicemsg_send_share_pressed.png"
        },
        "play.image": {
            "normal": "chatroom_ic_voicemsg_send_play.png",
            "selected": "chatroom_ic_voicemsg_send_play_pressed.png"
        },
        "speak.image": "chatroom_ic_voicemsg_send_00.png",
        "pause.image": {
            "normal": "chatroom_ic_voicemsg_send_pause.png",
            "selected": "chatroom_ic_voicemsg_send_pause_pressed.png"
        },
        "speak2.image": "chatroom_ic_voicemsg_send_02.png",
        "text.color": {
            "normal": "#c19d3e",
            "selected": "#654514"
        }
    },
    "chathistory.option.item.voip.voice.image": {
        "voice.call.dimmed.image": "chatroom_option_ic_freecall_disable.png",
        "voice.call.image": "chatroom_option_ic_freecall_normal.png"
    },
    "chathistory.onair": {
        "background.image": "chatroom_onair_bg.9.png",
        "subtext.color": "#c19e44",
        "text.color": "#654514"
    },
    "chathistory.voip.recv.msg": {
        "icon.tintcolor": "#846a43",
        "linecall.text.color": "#654514",
        "text.color": "#654514"
    },
    "moreMenu.view": {"background.color": "#fff1b4"},
    "myhome.post.header": {
        "groupBtn.popup.arrow.tintcolor": "#b2944b",
        "nameText.color": "#654514",
        "groupBtn.background.image": {
            "normal": "button_r09_normal.9.png",
            "pressed": "button_r09_pressed.9.png"
        },
        "groupBtn.text.color": "#8f7b63",
        "groupBtn.popup.background.image": "timeline_img_bg_see_bg01.9.png",
        "sharePostMessage.color": "#654514",
        "groupBtn.popup.pressed.reverse.background.image": {
            "normal": "",
            "pressed": "timeline_img_bg_see_bg02_pressed.9.png"
        },
        "groupBtn.popup.divider.background.color": "#ffd76c",
        "groupBtn.icon.tintcolor": "#9d8569",
        "groupBtn.popup.reverse.background.image": "timeline_img_bg_see_bg02.9.png",
        "timeText.color": "#888888",
        "groupBtn.popup.detail.text.color": "#654514",
        "groupBtn.popup.pressed.background.image": {
            "normal": "",
            "pressed": "timeline_img_bg_see_bg01_pressed.9.png"
        },
        "groupBtn.popup.text.color": "#654514"
    },
    "chathistory.balloon.text.recv": {"background.image": {
        "normal": "chatroom_balloon_rec_normal.9.png",
        "padding": "16 5 11 8",
        "pressed": "chatroom_balloon_rec_pressed.9.png"
    }},
    "timeline.list.newpost": {
        "background.image": {
            "normal": "timeline_newpost_btn.9.png",
            "pressed": "timeline_newpost_btn_pressed.9.png"
        },
        "text.color": "#654514"
    },
    "chathistory.gift.recv.msg": {
        "button.background.image": {
            "normal": "button_r07_normal.9.png",
            "pressed": "button_r07_pressed.9.png"
        },
        "background.image": "chatroom_balloon_gift_rec.9.png",
        "button.text.color": "#ffffff",
        "button.text.shadow": "#00000000",
        "text.color": "#654514"
    },
    "grouphome.empty": {
        "empty.album.icon.image.tintcolor": "#d3b765",
        "empty.btn.text.color": "#ffffff",
        "empty.note.icon.image.tintcolor": "#d3b765",
        "empty.btn.background.image": {
            "normal": "button_r08_normal.9.png",
            "pressed": "button_r08_pressed.9.png"
        },
        "empty.text.color": "#c19e44"
    },
    "multi.userselect": {
        "name.text.color": "#654514",
        "background.color": "#feda6a"
    },
    "chathistory.link.recv.msg": {
        "bottom.background.image": "chatroom_gamemsg_line_rec.9.png",
        "detail.text.color": "#b2a289",
        "arrow.tintcolor": "#c1b4a1",
        "text.color": "#654514"
    },
    "timeline.userrecall": {
        "recalled.user.text.color": "#508df9",
        "recall.user.text.color": "#ffffff",
        "suggest.dialog.text.color": "#508df9",
        "recall.user.text.background.color": "#508df9"
    },
    "searchBar": {
        "underbar.background.color": {
            "normal": "#edd68e",
            "selected": "#edd68e"
        },
        "text.hint": "#c1ac74",
        "search.icon.image": "list_ic_search.png",
        "cancel.icon.tintcolor": "#c1ac74",
        "text.color": "#846734"
    },
    "chathistory.groupboard.send.msg": {
        "videoicon.tintcolor": "#937129",
        "more.text.color": "#937129",
        "photo.default.tintcolor": "#937129",
        "photoicon.tintcolor": "#937129",
        "bottom.background.image": "chatroom_gamemsg_line_send.9.png",
        "sticker.default.tintcolor": "#937129",
        "video.default.tintcolor": "#937129",
        "location.text.color": "#654514",
        "arrow.tintcolor": "#c19d3e",
        "text.color": "#654514",
        "bottom.text.color": "#937129"
    },
    "chathistory.privatechat.common": {
        "name.text.color": "#92723d",
        "timer.text.color": "#e1c367",
        "autoresend.icon.tintcolor": "#e1c367",
        "time.text.color": "#e1c367"
    },
    "select.chat.tab": {
        "background.image": "gnb_bg_select.9.png",
        "selectorBar.background.color": "#654514",
        "text.shadow": "#00000000",
        "text.color": {
            "normal": "#c1a966",
            "selected": "#654514"
        }
    },
    "chathistory.input.sendButton.selectType": {
        "icon.tintcolor": {
            "normal": "#d8d2cc",
            "selected": "#654514"
        },
        "text.color": {
            "normal": "#d8d2cc",
            "selected": "#654514"
        }
    },
    "chathistory.option.item.voip.video.image": {
        "video.call.image": "chatroom_option_ic_videocall_normal.png",
        "video.call.dimmed.image": "chatroom_option_ic_videocall_disable.png"
    },
    "moreMenu.lower.item": {
        "newIcon.image": "more_ic_new.png",
        "icon.tintcolor": "#654514",
        "background.color": {
            "normal": "#fff1b4",
            "pressed": "#ffeb9c"
        },
        "text.color": "#654514"
    },
    "list.common": {"divider.background.color": "#f5dd7c"},
    "chathistory.balloon.send": {"background.image": {
        "normal": "chatroom_balloon_send_normal.9.png",
        "pressed": "chatroom_balloon_send_pressed.9.png"
    }},
    "navigationBar.search": {
        "back.icon.tintcolor": {
            "normal": "#654514",
            "pressed": "#b29647"
        },
        "underbar.background.color": "#d0b65b",
        "background.image.pattern": false,
        "background.image": "header_bg.9.png",
        "text.hint": "#b29647",
        "cancel.icon.tintcolor": "#654514",
        "text.color": "#654514"
    },
    "album.detail.menu": {
        "checked.icon.tintcolor": "#508df9",
        "item.color": {
            "normal": "#bcb1a6",
            "selected": "#508df9"
        }
    },
    "friendlist.item": {
        "phoneIcon.tintcolor": {
            "normal": "#654514",
            "pressed": "#654514"
        },
        "phoneNumberText.color": "#d9b864",
        "nameText.color": "#654514",
        "phoneIcon.background.tintcolor": {
            "normal": "#fed862",
            "pressed": "#facf48"
        },
        "addFriend.background.tintcolor": {
            "normal": "#fed862",
            "pressed": "#facf48"
        },
        "arrowIcon.tintcolor": "#e4c97c",
        "moreButton.text.color": "#ffffff",
        "updateIcon.tintcolor": "#2c4187",
        "addInviteButton.background.image": {
            "normal": "button_r10_normal.9.png",
            "pressed": "button_r10_pressed.9.png"
        },
        "addFriend.icon.tintcolor": "#654514",
        "descriptionText.color": "#d9b864",
        "statusText.color": "#c19e44",
        "checkboxOff.image": "list_checkbox_img_normal.png",
        "checkboxOn.image": "list_checkbox_img_selected.png",
        "addInviteButton.color": "#ffffff",
        "moreButton.background.image": {
            "normal": "button_r01_normal.9.png",
            "pressed": "button_r01_pressed.9.png"
        }
    },
    "chathistory.option.item": {
        "button.background.color": {
            "normal": "#ffeb9c",
            "pressed": "#ffe57f"
        },
        "bottom.divider.background.color": "#f5dd7c",
        "text.color": {
            "normal": "#654514",
            "dimmed": "#66654514"
        }
    },
    "profile.thumbnail": {
        "group.small.image": "group_thumbnail_small.png",
        "single.big.image": "user_thumbnail_large_00.png",
        "group.big.image": "group_thumbnail_large.png",
        "single.small.image": "user_thumbnail_small_00.png"
    },
    "chathistory.privatechat.view.common": {"background.image": "chatroom_bg_hidden.9.png"},
    "main.view.common": {"background.color": "#fff1b4"},
    "chathistory.input.voice": {
        "voip.background.color": {
            "normal": "#654514",
            "pressed": "#51370f"
        },
        "voip.icon.tintcolor": "#ffffff",
        "voip.text.color": "#ffffff",
        "close.background.color": {
            "normal": "#5a3c0f",
            "pressed": "#472f0b"
        },
        "close.icon.tintcolor": "#f9f9f9"
    },
    "manifest": {
        "schemaVersion": 1,
        "provider": {
            "name": "LINE Corporation",
            "url": "http://www.linecorp.com"
        },
        "themeVersion": "5.10.0",
        "name": "Beauty&Beast",
        "platform": "Android",
        "revision": 3,
        "quality": 0
    },
    "noticenter2": {
        "title.text.color": "#654514",
        "arrow.icon.image": "timeline_img_tabarrow.png",
        "background.color": "#ffffff",
        "more.icon.tintcolor": "#654514"
    },
    "chathistory.link.send.msg": {
        "bottom.background.image": "chatroom_gamemsg_line_send.9.png",
        "detail.text.color": "#a08963",
        "arrow.tintcolor": "#bca47b",
        "text.color": "#654514"
    },
    "chathistory.spammer": {
        "name.text.color": "#c19e44",
        "button.background.image": {
            "normal": "button_r06_normal.9.png",
            "pressed": "button_r06_pressed.9.png"
        },
        "background.image": "chatroom_spammer_bg.9.png",
        "button.text.color": "#ffffff",
        "text.color": "#654514"
    },
    "navigationBar.moreMenu": {"item.text.color": "#654514"},
    "tabBar.item": {
        "badge.text.color": "#ffffff",
        "badge.background.image": "gnb_num_bg.9.png"
    },
    "chathistory.balloon.video.default.recv": {"background.color": "#ffffff"},
    "addFriend.tab.addGroup": {
        "icon.background.tintcolor": "#fed862",
        "icon.tintcolor": "#654514",
        "subtext.color": "#d9b864",
        "updateButton.tintcolor": {
            "normal": "#654514",
            "pressed": "#422e10"
        },
        "addButton.text.color": "#ffffff",
        "background.color": {
            "normal": "#fff1b4",
            "pressed": "#ffe479"
        },
        "addButton.background.tintcolor": {
            "normal": "#654514",
            "pressed": "#422e10"
        },
        "arrow.tintcolor": "#d9b864",
        "text.color": "#654514"
    },
    "chathistory.contact.recv.msg": {
        "arrow.tintcolor": "#c1b4a1",
        "text.color": "#654514"
    },
    "myhome.lineend.smiley": {"smiley.tintcolor": "#654514"},
    "splash": {
        "splash.background.image": {
            "normal": "",
            "top": [
                "splash_img.png",
                "splash_logo.png"
            ],
            "gravity": [
                "center",
                "bottom"
            ]
        },
        "background.color": "#ffde6a"
    },
    "passcode": {
        "number.background.tintcolor": {
            "normal": "#ffdb5d",
            "pressed": "#fcd23d"
        },
        "passcode3.input.image": "password_ic_03_on.png",
        "passcode2.background.image": "password_ic_02_off.png",
        "passcode1.input.image": "password_ic_01_on.png",
        "number.text.tintcolor": "#654514",
        "passcode2.input.image": "password_ic_02_on.png",
        "passcode4.background.image": "password_ic_04_off.png",
        "background.color": "#ffdb5d",
        "top.background.color": "#fff1b4",
        "text.color": "#654514",
        "infotext.color": "#af874a",
        "passcode1.background.image": "password_ic_01_off.png",
        "number.delete.tintcolor": {
            "normal": "#654514",
            "pressed": "#654514"
        },
        "passcode3.background.image": "password_ic_03_off.png",
        "number.cancel.text.color": {
            "normal": "#654514",
            "pressed": "#66654514"
        },
        "passcode4.input.image": "password_ic_04_on.png"
    },
    "myhome.post.body": {"text.color": "#323232"}
}