{
    "calllist.item": {
        "dateText.color": "#7562b1",
        "phoneIcon.tintcolor": {
            "normal": "#af9af6",
            "pressed": "#816dc1"
        },
        "nameText.color": "#af9af6",
        "phoneIcon.background.tintcolor": {
            "normal": "#705aba",
            "pressed": "#5a479c"
        },
        "dateIcon.tintcolor": "#7562b1"
    },
    "chathistory.attach.header": {
        "background.image": "header_bg.9.png",
        "text.color": "#ffffff"
    },
    "friendlist.category": {
        "textSeeAll.color": "#7562b1",
        "arrowClose.tintcolor": "#594692",
        "arrowOpen.tintcolor": "#594692",
        "textSeeAll.arrow.tintcolor": "#7562b1",
        "background.color": "#3d2a72",
        "text.color": "#7562b1"
    },
    "chathistory.file.recv.msg": {
        "file.icon.tintcolor": "#312b48",
        "expire.text.color": "#423961",
        "arrow.tintcolor": "#7464aa",
        "text.color": "#000000"
    },
    "tabBar.item.talk": {
        "normal.image": "gnb_ic_chats_normal.png",
        "selected.image": "gnb_ic_chats_selected.png"
    },
    "chathistory.text.send.msg": {"text.color": "#000000"},
    "grouphome.main": {
        "tab.text.color": "#6b57a7",
        "moreTab.icon.tintcolor": {
            "normal": "#ffffff",
            "pressed": "#ffffff"
        },
        "albumCreateBtn.image": {
            "normal": "group_ic_postalbum.png",
            "pressed": "group_ic_postalbum_pressed.png"
        },
        "selectedTab.text.color": "#af9af6",
        "tab.background.color": "#3d2a72",
        "postWriteBtn.image": {
            "normal": "group_ic_writepost.png",
            "pressed": "group_ic_writepost_pressed.png"
        },
        "tabBottomLine.background.color": "#da75cf"
    },
    "chathistory.option.item.voip.video": {
        "background.color": {
            "normal": "#43317b",
            "pressed": "#402d76"
        },
        "text.color": {
            "normal": "#af9af6",
            "dimmed": "#66af9af6"
        }
    },
    "chathistory.text.recv.msg": {"text.color": "#000000"},
    "addFriend.tab.icon": {
        "idsearch.image": "gnb_ic_search.png",
        "invite.image": "gnb_ic_contacts.png",
        "qrcode.image": "gnb_ic_qrcode.png",
        "shakeit.image": "gnb_ic_shakeit.png"
    },
    "chathistory.balloon.text.send": {"background.image": {
        "normal": "chatroom_balloon_send_normal.9.png",
        "padding": "11 5.5 16 7.5",
        "pressed": "chatroom_balloon_send_pressed.9.png"
    }},
    "friendlist.common": {"noresult.text.color": "#594692"},
    "chatlist.item": {
        "messageText.color": "#7562b1",
        "nameText.color": "#af9af6",
        "newIcon.image": "list_category_chat_new.png",
        "timeText.color": "#594692",
        "muteIcon.tintcolor": "#5f4c9a",
        "messageCountText.color": "#ffffff",
        "messageCountText.background.image": "list_category_chat_num.9.png"
    },
    "chathistory.attach.item": {
        "icon.tintcolor": "#af9af6",
        "external.icon.tintcolor": "#6451a0",
        "background.color": {
            "normal": "#43317b",
            "pressed": "#402d76"
        },
        "text.color": "#af9af6"
    },
    "chathistory.common": {
        "datebar.background.image": "chatroom_date.9.png",
        "soundsticker.icon.tintcolor": "#8d79cf",
        "autoresend.icon.tintcolor": "#8d79cf",
        "checkBox.image": {
            "normal": "list_checkbox_img_normal.png",
            "selected": "list_checkbox_img_selected.png"
        },
        "time.color": "#8d79cf",
        "name.color": "#8d79cf",
        "datebar.text.color": "#af9af6"
    },
    "bottom.button.common": {
        "button1.background.color": {
            "normal": "#7858c4",
            "pressed": "#7150be",
            "dimmed": "#7858c4"
        },
        "button2.background.color": {
            "normal": "#8a60cf",
            "pressed": "#835ac7",
            "dimmed": "#8a60cf"
        },
        "button1.text.color": {
            "normal": "#ffffff",
            "dimmed": "#66ffffff"
        },
        "button2.text.color": {
            "normal": "#ffffff",
            "dimmed": "#66ffffff"
        }
    },
    "invitemember.tab.item": {
        "icon.tintcolor": "#af9af6",
        "background.image": {
            "normal": "gnb_bg_addfriend.9.png",
            "pressed": "gnb_bg_addfriend_pressed.9.png"
        },
        "text.color": "#af9af6"
    },
    "chathistory.music.recv.msg": {
        "title.text.color": "#000000",
        "playlist.default.image": "chatroom_ic_music_playlist.png",
        "playbtn.default.image": "chatroom_music_play_default.png",
        "playing.image": "chatroom_music_bar_playing.png",
        "playbtn.background.pressed.image": "chatroom_music_bar_pressed.png",
        "stopbtn.default.image": "chatroom_music_stop_default.png",
        "playbtn.pressed.image": "chatroom_music_play_pressed.png",
        "playbtn.background.default.image": "chatroom_music_bar_default.png",
        "typename.text.color": "#423961",
        "topic.default.image": "chatroom_ic_music_topic.png",
        "service.text.color": "#423961",
        "loading.image": "chatroom_music_loading.png",
        "artist.text.color": "#423961",
        "stopbtn.pressed.image": "chatroom_music_stop_pressed.png"
    },
    "myhome.post.bottom": {
        "commentText.color": "#af9af6",
        "commentIcon.image": {
            "normal": "timeline_ic_postcomment.png",
            "selected": "timeline_ic_postcomment.png"
        },
        "likeText.color": "#af9af6",
        "likeIcon.image": {
            "normal": "timeline_ic_postlike_off.png",
            "selected": "timeline_ic_postlike_on.png"
        },
        "likeCountText.color": "#af9af6",
        "commentCountText.color": "#af9af6"
    },
    "chathistory.balloon.recv": {"background.image": {
        "normal": "chatroom_balloon_rec_normal.9.png",
        "pressed": "chatroom_balloon_rec_pressed.9.png"
    }},
    "chathistory.memberlist.area": {"background.color": "#e543317b"},
    "chathistory.contact.send.msg": {
        "arrow.tintcolor": "#b4ac8e",
        "text.color": "#000000"
    },
    "tabBar.item.friend": {
        "normal.image": "gnb_ic_friends_normal.png",
        "selected.image": "gnb_ic_friends_selected.png"
    },
    "moreMenu.item": {
        "addfriend.image": "more_ic_addfriends.png",
        "newIcon.image": "more_ic_new.png",
        "setting.image": "more_ic_settings.png",
        "background.color": {
            "normal": "#3d2a72",
            "pressed": "#39276c"
        },
        "text.color": "#af9af6"
    },
    "myhome.list.header": {
        "updateTitleText.color": "#af9af6",
        "updateText.color": "#af9af6",
        "updateTimeText.color": "#7562b1"
    },
    "chathistory.file.send.msg": {
        "file.icon.tintcolor": "#484534",
        "expire.text.color": "#605c46",
        "arrow.tintcolor": "#b4ac8e",
        "text.color": "#000000"
    },
    "chathistory.privatechat.balloon.receive.text": {
        "background.image": {
            "normal": "chatroom_balloon_hidden.9.png",
            "pressed": "chatroom_balloon_hidden.9.png"
        },
        "icon.arrow.tintcolor": "#7c67bf",
        "text.color": "#000000"
    },
    "common.empty.page": {
        "zero.subtitle.color": "#7562b1",
        "zerobutton.text.color": "#ffffff",
        "call.name.text.color": "#af9af6",
        "zero.title.color": "#af9af6",
        "zero.image": "zero_img_empty.png",
        "error.subtitle.color": "#7562b1",
        "error.button.background.image": {
            "normal": "button_r07_normal.9.png",
            "pressed": "button_r07_pressed.9.png"
        },
        "call.link.text.color": "#7562b1",
        "error.button.text.color": "#ffffff",
        "zerobutton.background.image": {
            "normal": "button_r07_normal.9.png",
            "pressed": "button_r07_pressed.9.png"
        },
        "error.image": "zero_img_error.png"
    },
    "grouphome.friend.request": {
        "btn.background.color": {
            "normal": "#a68ff3",
            "pressed": "#856fd2"
        },
        "btn.text.color": "#ffffff",
        "background.color": "#322160",
        "message.text.color": "#ffffff",
        "message.icon.tintcolor": "#ffffff"
    },
    "notification.popup": {
        "setting.checkbox.background.image": {
            "normal": "list_checkbox_img_normal.png",
            "selected": "list_checkbox_img_selected.png"
        },
        "title.logo.tintcolor": "#ffffff",
        "title.username.text.color": "#ffffff",
        "title.groupname.text.color": "#ffffff",
        "title.count.background.image": "popup_noti_img_num_bg.9.png",
        "title.background.image": "popup_noti_bg_top.9.png",
        "title.setting.image.tintcolor": "#ffffff",
        "reply.input.bar.background.color": {
            "normal": "#d6d6d6",
            "selected": "#d6d6d6"
        },
        "title.count.text.color": "#ffffff",
        "reply.sendbutton.tintcolor": {
            "normal": "#d6d6d6",
            "pressed": "#a58fed",
            "selected": "#af9af6"
        }
    },
    "tabBar.item.call": {
        "normal.image": "gnb_ic_call_normal.png",
        "selected.image": "gnb_ic_call_selected.png"
    },
    "tabBar": {
        "background.image.pattern": true,
        "background.image": "gnb_bg.png",
        "selectorBar.background.color": "#da75cf",
        "shadow.image": "gnb_gra.9.png"
    },
    "chathistory.attach.item.image": {
        "contact.image": {"normal": "chatroom_attach_ic_info.png"},
        "take.video.image": {"normal": "chatroom_attach_ic_takevideo.png"},
        "choose.video.image": {"normal": "chatroom_attach_ic_chooesvideo.png"},
        "take.photo.image": {"normal": "chatroom_attach_ic_takephoto.png"},
        "choose.photo.image": {"normal": "chatroom_attach_ic_photo.png"},
        "audio.image": {"normal": "chatroom_attach_ic_voicemessage.png"},
        "location.image": {"normal": "chatroom_attach_ic_location.png"}
    },
    "tabBar.item.more": {
        "normal.image": "gnb_ic_more_normal.png",
        "selected.image": "gnb_ic_more_selected.png"
    },
    "chathistory.groupboard.recv.msg": {
        "videoicon.tintcolor": "#423961",
        "more.text.color": "#423961",
        "photo.default.tintcolor": "#423961",
        "photoicon.tintcolor": "#423961",
        "bottom.background.image": "chatroom_gamemsg_line_rec.9.png",
        "sticker.default.tintcolor": "#423961",
        "video.default.tintcolor": "#423961",
        "location.text.color": "#000000",
        "arrow.tintcolor": "#7464aa",
        "text.color": "#000000",
        "bottom.text.color": "#423961"
    },
    "myhome.background": {"background.color": "#43317b"},
    "navigationBar.tab": {"text.color": {
        "normal": "#5a4a9c",
        "selected": "#ffffff"
    }},
    "grouphome.member.category": {
        "edit.btn.background.image": {
            "normal": "button_r10_normal.9.png",
            "pressed": "button_r10_pressed.9.png"
        },
        "category.text.color": "#7562b1",
        "category.divider.background.color": "#1d1f42",
        "category.count.text.color": "#7562b1",
        "edit.btn.text.color": "#ffffff"
    },
    "chathistory.balloon.video.default.send": {"background.color": "#f0e7b0"},
    "moreMenu.topbanner.item": {
        "subtext.color": "#7562b1",
        "arrowIcon.tintcolor": "#7562b1",
        "background.color": "#3d2a72",
        "topDivider.background.color": "#25254b",
        "text.color": "#af9af6"
    },
    "chathistory.music.send.msg": {
        "title.text.color": "#000000",
        "playlist.default.image": "chatroom_ic_music_playlist.png",
        "playbtn.default.image": "chatroom_music_play_default.png",
        "playing.image": "chatroom_music_bar_playing.png",
        "playbtn.background.pressed.image": "chatroom_music_bar_pressed.png",
        "stopbtn.default.image": "chatroom_music_stop_default.png",
        "playbtn.pressed.image": "chatroom_music_play_pressed.png",
        "playbtn.background.default.image": "chatroom_music_bar_default.png",
        "typename.text.color": "#605c46",
        "topic.default.image": "chatroom_ic_music_topic.png",
        "service.text.color": "#605c46",
        "loading.image": "chatroom_music_loading.png",
        "artist.text.color": "#605c46",
        "stopbtn.pressed.image": "chatroom_music_stop_pressed.png"
    },
    "grouphome.error": {
        "btn.text.color": "#ffffff",
        "sticker.image": "zero_img_error.png",
        "icon.tintcolor": "#614e9b",
        "msg.text.color": "#7562b1",
        "btn.text.background.image": {
            "normal": "button_r07_normal.9.png",
            "pressed": "button_r07_pressed.9.png"
        },
        "msg.text.shadow": "#00000000"
    },
    "select.chat.bottom": {
        "button.background.color": {
            "normal": "#7858c4",
            "pressed": "#7150be"
        },
        "button.icon.tintcolor": "#ffffff",
        "button.text.color": {
            "normal": "#ffffff",
            "dimmed": "#7fffffff"
        }
    },
    "chathistory.option.item.voip.voice": {
        "background.color": {
            "normal": "#43317b",
            "pressed": "#402d76"
        },
        "text.color": {
            "normal": "#af9af6",
            "dimmed": "#66af9af6"
        }
    },
    "chathistory.view.common": {
        "background.image.pattern": false,
        "background.image": {
            "normal": "chatroom_bg_normal.png",
            "top": "chatroom_bg.png",
            "gravity": "bottom center"
        },
        "background.color": "#43317b"
    },
    "chathistory.input": {
        "inputText.color": "#af9af6",
        "photoButton.icon.image": "chatroom_ic_photo.png",
        "inputText.hint": "#7868b0",
        "attachButton.icon.image": "chatroom_ic_add.png",
        "background.image": "chatroom_input_bg.9.png",
        "sendButton.background.color": {
            "normal": "#927ae3",
            "pressed": "#7c65c8"
        },
        "sendButton.tintcolor": "#ffffff",
        "eskButton.icon.image": "chatroom_ic_stickers.png"
    },
    "friendlist.item.common": {
        "new.background.color": {
            "normal": "#533693",
            "pressed": "#4d318b"
        },
        "checked.background.color": {
            "normal": "#39276c",
            "pressed": "#39276c"
        },
        "background.color": {
            "normal": "#3d2a72",
            "pressed": "#39276c"
        }
    },
    "chathistory.privatechat.tooltip": {"text.color": "#7b5cc2"},
    "chathistory.option.item.image": {
        "block.image": "chatroom_option_ic_block.png",
        "timer.image": "chatroom_option_ic_timer_normal.png",
        "recommend.dimmed.image": "chatroom_option_ic_recom_disable.png",
        "edit.group.image": "chatroom_option_ic_editgroup_normal.png",
        "invite.image": "chatroom_option_ic_invite_normal.png",
        "leave.dimmed.image": "chatroom_option_ic_leave_disable.png",
        "leave.image": "chatroom_option_ic_leave_normal.png",
        "line.call.dimmed.image": "chatroom_option_ic_linecall_disable.png",
        "album.image": "chatroom_option_ic_albums_normal.png",
        "recommend.image": "chatroom_option_ic_recom_normal.png",
        "create.group.dimmed.image": "chatroom_option_ic_creategroup_disable.png",
        "timer.dimmed.image": "chatroom_option_ic_timer_disable.png",
        "create.group.image": "chatroom_option_ic_creategroup_normal.png",
        "edit.image": "chatroom_option_ic_edit_normal.png",
        "edit.group.dimmed.image": "chatroom_option_ic_editgroup_disable.png",
        "photo.video.dimmed.image": "chatroom_option_ic_pv_disable.png",
        "notification.on.image": "chatroom_option_ic_noti_on.png",
        "album.dimmed.image": "chatroom_option_ic_albums_disable.png",
        "setting.dimmed.image": "chatroom_option_ic_setting_disable.png",
        "invite.dimmed.image": "chatroom_option_ic_invite_disable.png",
        "notification.off.image": "chatroom_option_ic_noti_off.png",
        "setting.image": "chatroom_option_ic_setting_normal.png",
        "unblock.image": "chatroom_option_ic_unblock.png",
        "photo.video.image": "chatroom_option_ic_pv_normal.png",
        "edit.dimmed.image": "chatroom_option_ic_edit_disable.png",
        "line.call.image": "chatroom_option_ic_linecall_normal.png",
        "photo.image": "chatroom_option_ic_pv_normal.png",
        "send.gift.dimmed.image": "chatroom_option_ic_gift_disable.png",
        "send.gift.image": "chatroom_option_ic_gift_normal.png"
    },
    "myhome.write.post": {
        "icon.tintcolor": "#856fd2",
        "text.color": "#856fd2"
    },
    "chathistory.gift.send.msg": {
        "background.image": "chatroom_balloon_gift_send.9.png",
        "text.color": "#000000"
    },
    "chathistory.voip.send.msg": {
        "icon.tintcolor": "#464227",
        "linecall.text.color": "#000000",
        "text.color": "#605c46"
    },
    "chathistory.privatechat.header.banner.item": {
        "icon.tintcolor": "#7b5cc2",
        "text.color": "#7b5cc2"
    },
    "view.common": {"background.color": "#3d2a72"},
    "chathistory.groupboard.tip": {"text.color": "#7b5cc2"},
    "search.chat.highlightColor": {
        "chatList.text.color": "#da75cf",
        "receiveMessage.text.color": "#da75cf",
        "sendMessage.text.color": "#da75cf"
    },
    "myhome.cover": {
        "officialHomeProfileText.color": "#856fd2",
        "officialHomeProfileArrow.tintcolor": {
            "normal": "#856fd2",
            "pressed": "#856fd2"
        }
    },
    "navigationBar": {
        "title.text.color": "#ffffff",
        "button.background.color": {
            "normal": "#3d2a72",
            "pressed": "#3d2a72"
        },
        "badge.text.color": "#ffffff",
        "button.tintcolor": {
            "normal": "#ffffff",
            "pressed": "#5a4a9c",
            "dimmed": "#5a4a9c",
            "selected": "#ffffff"
        },
        "background.image": "header_bg.9.png",
        "badge.new.image": "header_ic_new.png",
        "button.text.color": {
            "normal": "#ffffff",
            "pressed": "#5a4a9c",
            "dimmed": "#5a4a9c",
            "selected": "#ffffff"
        },
        "title.button.tintcolor": "#ffffff",
        "status.background.color": "#372666",
        "badge.count.background.image": "header_num_bg.9.png"
    },
    "chathistory.voice.recv.msg": {
        "speak.expire.image": "chatroom_ic_voicemsg_rec_x.png",
        "bottom.background.image": "chatroom_voicemsg_line_w_rec.9.png",
        "colon.tintcolor": {
            "normal": "#645692",
            "selected": "#312b48"
        },
        "seperator.image": "chatroom_voicemsg_line_h_rec.9.png",
        "speak3.image": "chatroom_ic_voicemsg_rec_03.png",
        "speak1.image": "chatroom_ic_voicemsg_rec_01.png",
        "share.image": {
            "normal": "chatroom_ic_voicemsg_rec_share.png",
            "selected": "chatroom_ic_voicemsg_rec_share_pressed.png"
        },
        "play.image": {
            "normal": "chatroom_ic_voicemsg_rec_play.png",
            "selected": "chatroom_ic_voicemsg_rec_play_pressed.png"
        },
        "speak.image": "chatroom_ic_voicemsg_rec_00.png",
        "pause.image": {
            "normal": "chatroom_ic_voicemsg_rec_pause.png",
            "selected": "chatroom_ic_voicemsg_rec_pause_pressed.png"
        },
        "speak2.image": "chatroom_ic_voicemsg_rec_02.png",
        "text.color": {
            "normal": "#645692",
            "selected": "#312b48"
        }
    },
    "tabBar.item.timeline": {
        "highlight.image": "gnb_ic_timeline_new.png",
        "normal.image": "gnb_ic_timeline_normal.png",
        "selected.image": "gnb_ic_timeline_selected.png"
    },
    "grouphome.member.profile": {
        "add.btn.icon.tintcolor": "#a68ff3",
        "profile.name.text.color": "#af9af6"
    },
    "addFriend.tab.item": {
        "background.image": {
            "normal": "gnb_bg_addfriend.9.png",
            "pressed": "gnb_bg_addfriend_pressed.9.png"
        },
        "text.color": "#af9af6"
    },
    "chathistory.voice.send.msg": {
        "speak.expire.image": "chatroom_ic_voicemsg_send_x.png",
        "bottom.background.image": "chatroom_voicemsg_line_w_send.9.png",
        "colon.tintcolor": {
            "normal": "#908b6a",
            "selected": "#484534"
        },
        "seperator.image": "chatroom_voicemsg_line_h_send.9.png",
        "speak3.image": "chatroom_ic_voicemsg_send_03.png",
        "speak1.image": "chatroom_ic_voicemsg_send_01.png",
        "share.image": {
            "normal": "chatroom_ic_voicemsg_send_share.png",
            "selected": "chatroom_ic_voicemsg_send_share_pressed.png"
        },
        "play.image": {
            "normal": "chatroom_ic_voicemsg_send_play.png",
            "selected": "chatroom_ic_voicemsg_send_play_pressed.png"
        },
        "speak.image": "chatroom_ic_voicemsg_send_00.png",
        "pause.image": {
            "normal": "chatroom_ic_voicemsg_send_pause.png",
            "selected": "chatroom_ic_voicemsg_send_pause_pressed.png"
        },
        "speak2.image": "chatroom_ic_voicemsg_send_02.png",
        "text.color": {
            "normal": "#908b6a",
            "selected": "#484534"
        }
    },
    "chathistory.option.item.voip.voice.image": {
        "voice.call.dimmed.image": "chatroom_option_ic_freecall_disable.png",
        "voice.call.image": "chatroom_option_ic_freecall_normal.png"
    },
    "chathistory.onair": {
        "background.image": "chatroom_onair_bg.9.png",
        "subtext.color": "#6b58a6",
        "text.color": "#af9af6"
    },
    "chathistory.voip.recv.msg": {
        "icon.tintcolor": "#282541",
        "linecall.text.color": "#000000",
        "text.color": "#423961"
    },
    "moreMenu.view": {"background.color": "#3d2a72"},
    "myhome.post.header": {
        "groupBtn.popup.arrow.tintcolor": "#dbd2fa",
        "nameText.color": "#856fd2",
        "groupBtn.background.image": {
            "normal": "button_r09_normal.9.png",
            "pressed": "button_r09_pressed.9.png"
        },
        "groupBtn.text.color": "#a895ed",
        "groupBtn.popup.background.image": "timeline_img_bg_see_bg01.9.png",
        "sharePostMessage.color": "#856fd2",
        "groupBtn.popup.pressed.reverse.background.image": {
            "normal": "",
            "pressed": "timeline_img_bg_see_bg02_pressed.9.png"
        },
        "groupBtn.popup.divider.background.color": "#917bd9",
        "groupBtn.icon.tintcolor": "#a895ed",
        "groupBtn.popup.reverse.background.image": "timeline_img_bg_see_bg02.9.png",
        "timeText.color": "#888888",
        "groupBtn.popup.detail.text.color": "#ede9fd",
        "groupBtn.popup.pressed.background.image": {
            "normal": "",
            "pressed": "timeline_img_bg_see_bg01_pressed.9.png"
        },
        "groupBtn.popup.text.color": "#ffffff"
    },
    "chathistory.balloon.text.recv": {"background.image": {
        "normal": "chatroom_balloon_rec_normal.9.png",
        "padding": "16.5 5 10.5 7.5",
        "pressed": "chatroom_balloon_rec_pressed.9.png"
    }},
    "timeline.list.newpost": {
        "background.image": {
            "normal": "timeline_newpost_btn.9.png",
            "pressed": "timeline_newpost_btn_pressed.9.png"
        },
        "text.color": "#ffffff"
    },
    "chathistory.gift.recv.msg": {
        "button.background.image": {
            "normal": "button_r07_normal.9.png",
            "pressed": "button_r07_pressed.9.png"
        },
        "background.image": "chatroom_balloon_gift_rec.9.png",
        "button.text.color": "#ffffff",
        "button.text.shadow": "#00000000",
        "text.color": "#000000"
    },
    "grouphome.empty": {
        "empty.album.icon.image.tintcolor": "#614e9b",
        "empty.btn.text.color": "#ffffff",
        "empty.note.icon.image.tintcolor": "#614e9b",
        "empty.btn.background.image": {
            "normal": "button_r07_normal.9.png",
            "pressed": "button_r07_pressed.9.png"
        },
        "empty.text.color": "#af9af6"
    },
    "multi.userselect": {
        "name.text.color": "#8574bd",
        "background.color": "#322160"
    },
    "chathistory.link.recv.msg": {
        "bottom.background.image": "chatroom_gamemsg_line_rec.9.png",
        "detail.text.color": "#423961",
        "arrow.tintcolor": "#7464aa",
        "text.color": "#000000"
    },
    "timeline.userrecall": {
        "recalled.user.text.color": "#da75cf",
        "recall.user.text.color": "#ffffff",
        "suggest.dialog.text.color": "#da75cf",
        "recall.user.text.background.color": "#da75cf"
    },
    "searchBar": {
        "underbar.background.color": {
            "normal": "#624e9c",
            "selected": "#624e9c"
        },
        "text.hint": "#584592",
        "search.icon.image": "list_ic_search.png",
        "cancel.icon.tintcolor": "#9884dc",
        "text.color": "#d8d4e3"
    },
    "chathistory.groupboard.send.msg": {
        "videoicon.tintcolor": "#605c46",
        "more.text.color": "#605c46",
        "photo.default.tintcolor": "#605c46",
        "photoicon.tintcolor": "#605c46",
        "bottom.background.image": "chatroom_gamemsg_line_send.9.png",
        "sticker.default.tintcolor": "#605c46",
        "video.default.tintcolor": "#605c46",
        "location.text.color": "#000000",
        "arrow.tintcolor": "#b4ac8e",
        "text.color": "#000000",
        "bottom.text.color": "#605c46"
    },
    "chathistory.privatechat.common": {
        "name.text.color": "#8d79cf",
        "timer.text.color": "#8d79cf",
        "autoresend.icon.tintcolor": "#8d79cf",
        "time.text.color": "#8d79cf"
    },
    "select.chat.tab": {
        "background.image": "gnb_bg_select.9.png",
        "selectorBar.background.color": "#da75cf",
        "text.shadow": "#00000000",
        "text.color": {
            "normal": "#6e5bac",
            "selected": "#af9af6"
        }
    },
    "chathistory.input.sendButton.selectType": {
        "icon.tintcolor": {
            "normal": "#bdbdbd",
            "selected": "#7b5cc2"
        },
        "text.color": {
            "normal": "#b5b5b5",
            "selected": "#7b5cc2"
        }
    },
    "chathistory.option.item.voip.video.image": {
        "video.call.image": "chatroom_option_ic_videocall_normal.png",
        "video.call.dimmed.image": "chatroom_option_ic_videocall_disable.png"
    },
    "moreMenu.lower.item": {
        "newIcon.image": "more_ic_new.png",
        "icon.tintcolor": "#af9af6",
        "background.color": {
            "normal": "#3d2a72",
            "pressed": "#39276c"
        },
        "text.color": "#af9af6"
    },
    "list.common": {"divider.background.color": "#302150"},
    "chathistory.balloon.send": {"background.image": {
        "normal": "chatroom_balloon_send_normal.9.png",
        "pressed": "chatroom_balloon_send_pressed.9.png"
    }},
    "navigationBar.search": {
        "back.icon.tintcolor": {
            "normal": "#ffffff",
            "pressed": "#5a4a9c"
        },
        "underbar.background.color": "#6b57a7",
        "background.image": "header_bg.9.png",
        "text.hint": "#5f4c9a",
        "cancel.icon.tintcolor": "#af9af6",
        "text.color": "#ffffff"
    },
    "album.detail.menu": {
        "checked.icon.tintcolor": "#da75cf",
        "item.color": {
            "normal": "#3d2a72",
            "selected": "#da75cf"
        }
    },
    "friendlist.item": {
        "phoneIcon.tintcolor": {
            "normal": "#af9af6",
            "pressed": "#816dc1"
        },
        "phoneNumberText.color": "#7562b1",
        "nameText.color": "#af9af6",
        "phoneIcon.background.tintcolor": {
            "normal": "#705aba",
            "pressed": "#5a479c"
        },
        "addFriend.background.tintcolor": {
            "normal": "#7b5fc3",
            "pressed": "#7156b7"
        },
        "arrowIcon.tintcolor": "#594692",
        "moreButton.text.color": "#ffffff",
        "updateIcon.tintcolor": "#da75cf",
        "addInviteButton.background.image": {
            "normal": "button_r10_normal.9.png",
            "pressed": "button_r10_pressed.9.png"
        },
        "addFriend.icon.tintcolor": "#af9af6",
        "descriptionText.color": "#7562b1",
        "statusText.color": "#7562b1",
        "checkboxOff.image": "list_checkbox_img_normal.png",
        "checkboxOn.image": "list_checkbox_img_selected.png",
        "addInviteButton.color": "#ffffff",
        "moreButton.background.image": {
            "normal": "button_r01_normal.9.png",
            "pressed": "button_r01_pressed.9.png"
        }
    },
    "chathistory.option.item": {
        "button.background.color": {
            "normal": "#43317b",
            "pressed": "#402d76"
        },
        "bottom.divider.background.color": "#30285e",
        "text.color": {
            "normal": "#af9af6",
            "dimmed": "#66af9af6"
        }
    },
    "profile.thumbnail": {
        "group.small.image": "group_thumbnail_small.png",
        "single.big.image": "user_thumbnail_large_00.png",
        "group.big.image": "group_thumbnail_large.png",
        "single.small.image": "user_thumbnail_small_00.png"
    },
    "chathistory.privatechat.view.common": {"background.image": "chatroom_bg_hidden.9.png"},
    "main.view.common": {"background.color": "#3d2a72"},
    "chathistory.input.voice": {
        "voip.background.color": {
            "normal": "#9983e3",
            "pressed": "#856fd2"
        },
        "voip.icon.tintcolor": "#ffffff",
        "voip.text.color": "#ffffff",
        "close.background.color": {
            "normal": "#8e78e0",
            "pressed": "#7965c9"
        },
        "close.icon.tintcolor": "#f9f9f9"
    },
    "manifest": {
        "schemaVersion": 1,
        "provider": {
            "name": "LINE Corporation",
            "url": "http://www.linecorp.com"
        },
        "themeVersion": "5.10.0",
        "name": "Illumination",
        "platform": "Android",
        "revision": 6,
        "quality": 0
    },
    "noticenter2": {
        "title.text.color": "#3d2a72",
        "arrow.icon.image": "timeline_img_tabarrow.png",
        "background.color": "#ffffff",
        "more.icon.tintcolor": "#7562b1"
    },
    "chathistory.link.send.msg": {
        "bottom.background.image": "chatroom_gamemsg_line_send.9.png",
        "detail.text.color": "#605c46",
        "arrow.tintcolor": "#b4ac8e",
        "text.color": "#000000"
    },
    "chathistory.spammer": {
        "name.text.color": "#6b58a6",
        "button.background.image": {
            "normal": "button_r06_normal.9.png",
            "pressed": "button_r06_pressed.9.png"
        },
        "background.image": "chatroom_onair_bg.9.png",
        "button.text.color": "#ffffff",
        "text.color": "#af9af6"
    },
    "navigationBar.moreMenu": {"item.text.color": "#7b5cc2"},
    "tabBar.item": {"badge.background.image": "gnb_num_bg.9.png"},
    "chathistory.balloon.video.default.recv": {"background.color": "#a68ff3"},
    "addFriend.tab.addGroup": {
        "icon.background.tintcolor": "#7b5fc3",
        "icon.tintcolor": "#af9af6",
        "subtext.color": "#7562b1",
        "updateButton.tintcolor": {
            "normal": "#7b5cc2",
            "pressed": "#7051b6"
        },
        "addButton.text.color": "#ffffff",
        "background.color": {
            "normal": "#3d2a72",
            "pressed": "#39276c"
        },
        "addButton.background.tintcolor": {
            "normal": "#7b5cc2",
            "pressed": "#7051b6"
        },
        "arrow.tintcolor": "#594692",
        "text.color": "#af9af6"
    },
    "chathistory.contact.recv.msg": {
        "arrow.tintcolor": "#7464aa",
        "text.color": "#000000"
    },
    "myhome.lineend.smiley": {"smiley.tintcolor": "#ffffff"},
    "splash": {
        "splash.background.image": {
            "normal": "",
            "top": [
                "splash_logo.png",
                "splash_img.png"
            ],
            "gravity": [
                "bottom",
                "center"
            ]
        },
        "background.color": "#372666"
    },
    "passcode": {
        "number.background.tintcolor": {
            "normal": "#2b1e50",
            "pressed": "#271b48"
        },
        "passcode3.input.image": "password_ic_03_on.png",
        "passcode2.background.image": "password_ic_02_off.png",
        "passcode1.input.image": "password_ic_01_on.png",
        "number.text.tintcolor": "#ffffff",
        "passcode2.input.image": "password_ic_02_on.png",
        "passcode4.background.image": "password_ic_04_off.png",
        "background.color": "#2b1e50",
        "top.background.color": "#3d2a72",
        "text.color": "#af9af6",
        "infotext.color": "#7562b1",
        "passcode1.background.image": "password_ic_01_off.png",
        "number.delete.tintcolor": {
            "normal": "#ffffff",
            "pressed": "#ffffff"
        },
        "passcode3.background.image": "password_ic_03_off.png",
        "number.cancel.text.color": {
            "normal": "#ffffff",
            "pressed": "#7fffffff"
        },
        "passcode4.input.image": "password_ic_04_on.png"
    },
    "myhome.post.body": {"text.color": "#323232"}
}