{
    "calllist.item": {
        "dateText.color": "#9dae35",
        "phoneIcon.tintcolor": {
            "normal": "#b5bb8e",
            "pressed": "#ccd1b0"
        },
        "nameText.color": "#491414",
        "phoneIcon.background.tintcolor": {
            "normal": "#f9fee9",
            "pressed": "#e9efd7"
        },
        "dateIcon.tintcolor": "#9dae35"
    },
    "chathistory.attach.header": {
        "background.image": "header_bg.9.png",
        "text.color": "#9e8b5e"
    },
    "friendlist.category": {
        "textSeeAll.color": "#b1b59c",
        "arrowClose.tintcolor": "#cdd890",
        "arrowOpen.tintcolor": "#cdd890",
        "textSeeAll.arrow.tintcolor": "#b1b59c",
        "background.color": "#eff3e2",
        "text.color": "#a2a68a"
    },
    "chathistory.file.recv.msg": {
        "file.icon.tintcolor": "#454641",
        "expire.text.color": "#747471",
        "arrow.tintcolor": "#b9b9b7",
        "text.color": "#000000"
    },
    "tabBar.item.talk": {
        "normal.image": "gnb_ic_chats_normal.png",
        "selected.image": "gnb_ic_chats_selected.png"
    },
    "chathistory.text.send.msg": {"text.color": "#000000"},
    "grouphome.main": {
        "tab.text.color": "#c4b7b3",
        "moreTab.icon.tintcolor": {
            "normal": "#c4b7b3",
            "pressed": "#978573"
        },
        "albumCreateBtn.image": {
            "normal": "group_ic_postalbum.png",
            "pressed": "group_ic_postalbum_pressed.png"
        },
        "selectedTab.text.color": "#491414",
        "tab.background.color": "#ffffff",
        "postWriteBtn.image": {
            "normal": "group_ic_writepost.png",
            "pressed": "group_ic_writepost_pressed.png"
        },
        "tabBottomLine.background.color": "#491414"
    },
    "chathistory.option.item.voip.video": {
        "background.color": {
            "normal": "#f0f3e5",
            "pressed": "#e1e5d3"
        },
        "text.color": {
            "normal": "#826454",
            "dimmed": "#66826454"
        }
    },
    "chathistory.text.recv.msg": {"text.color": "#000000"},
    "addFriend.tab.icon": {
        "idsearch.image": "gnb_ic_search.png",
        "invite.image": "gnb_ic_contacts.png",
        "qrcode.image": "gnb_ic_qrcode.png",
        "shakeit.image": "gnb_ic_shakeit.png"
    },
    "chathistory.balloon.text.send": {"background.image": {
        "normal": "chatroom_balloon_send_normal.9.png",
        "padding": "11 5 16 8",
        "pressed": "chatroom_balloon_send_pressed.9.png"
    }},
    "friendlist.common": {"noresult.text.color": "#a2a68a"},
    "chatlist.item": {
        "messageText.color": "#9dae35",
        "nameText.color": "#594737",
        "newIcon.image": "list_category_chat_new.png",
        "timeText.color": "#a2a68a",
        "muteIcon.tintcolor": "#a2a68a",
        "messageCountText.color": "#fffad7",
        "messageCountText.background.image": "list_category_chat_num.9.png"
    },
    "chathistory.attach.item": {
        "icon.tintcolor": "#6e4040",
        "external.icon.tintcolor": "#6e4040",
        "background.color": {
            "normal": "#f0f3e5",
            "pressed": "#e1e5d3"
        },
        "text.color": "#826454"
    },
    "chathistory.common": {
        "datebar.background.image": "chatroom_date.9.png",
        "soundsticker.icon.tintcolor": "#c8cdb6",
        "autoresend.icon.tintcolor": "#c8cdb6",
        "checkBox.image": {
            "normal": "list_checkbox_img_normal.png",
            "selected": "list_checkbox_img_selected.png"
        },
        "time.color": "#c8cdb6",
        "name.color": "#491414",
        "datebar.text.color": "#b4b99e"
    },
    "bottom.button.common": {
        "button1.background.color": {
            "normal": "#6e4040",
            "pressed": "#633939",
            "dimmed": "#6e4040"
        },
        "button2.background.color": {
            "normal": "#9dae35",
            "pressed": "#8d9c30",
            "dimmed": "#9dae35"
        },
        "button1.text.color": {
            "normal": "#ffffff",
            "dimmed": "#66ffffff"
        },
        "button2.text.color": {
            "normal": "#ffffff",
            "dimmed": "#66ffffff"
        }
    },
    "invitemember.tab.item": {
        "icon.tintcolor": "#6e4040",
        "background.image": {
            "normal": "gnb_bg_addfriend_normal.9.png",
            "pressed": "gnb_bg_addfriend_pressed.9.png"
        },
        "text.color": "#6e4040"
    },
    "chathistory.music.recv.msg": {
        "title.text.color": "#000000",
        "playlist.default.image": "chatroom_ic_music_playlist.png",
        "playbtn.default.image": "chatroom_music_play_default.png",
        "playing.image": "chatroom_music_bar_playing.png",
        "playbtn.background.pressed.image": "chatroom_music_bar_pressed.png",
        "stopbtn.default.image": "chatroom_music_stop_default.png",
        "playbtn.pressed.image": "chatroom_music_play_pressed.png",
        "playbtn.background.default.image": "chatroom_music_bar_default.png",
        "typename.text.color": "#333333",
        "topic.default.image": "chatroom_ic_music_topic.png",
        "service.text.color": "#333333",
        "loading.image": "chatroom_music_loading.png",
        "artist.text.color": "#333333",
        "stopbtn.pressed.image": "chatroom_music_stop_pressed.png"
    },
    "myhome.post.bottom": {
        "commentText.color": "#97a664",
        "commentIcon.image": {
            "normal": "timeline_ic_postcomment.png",
            "selected": "timeline_ic_postcomment.png"
        },
        "likeText.color": "#97a664",
        "likeIcon.image": {
            "normal": "timeline_ic_postlike_off.png",
            "selected": "timeline_ic_postlike_on.png"
        },
        "likeCountText.color": "#97a664",
        "commentCountText.color": "#97a664"
    },
    "chathistory.balloon.recv": {"background.image": {
        "normal": "chatroom_balloon_rec_normal.9.png",
        "pressed": "chatroom_balloon_rec_pressed.9.png"
    }},
    "chathistory.memberlist.area": {"background.color": "#26000000"},
    "chathistory.contact.send.msg": {
        "arrow.tintcolor": "#7d9633",
        "text.color": "#000000"
    },
    "tabBar.item.friend": {
        "normal.image": "gnb_ic_friends_normal.png",
        "selected.image": "gnb_ic_friends_selected.png"
    },
    "moreMenu.item": {
        "addfriend.image": "more_ic_addfriends.png",
        "newIcon.image": "more_ic_new.png",
        "setting.image": "more_ic_settings.png",
        "background.color": {
            "normal": "#eff3e2",
            "pressed": "#e3ebcb"
        },
        "text.color": "#6e4040"
    },
    "myhome.list.header": {
        "updateTitleText.color": "#b4b99e",
        "updateText.color": "#b4b99e",
        "updateTimeText.color": "#b4b99e"
    },
    "chathistory.file.send.msg": {
        "file.icon.tintcolor": "#343c1b",
        "expire.text.color": "#516025",
        "arrow.tintcolor": "#7d9633",
        "text.color": "#000000"
    },
    "chathistory.privatechat.balloon.receive.text": {
        "background.image": {
            "normal": "chatroom_balloon_hidden.9.png",
            "pressed": "chatroom_balloon_hidden.9.png"
        },
        "icon.arrow.tintcolor": "#b9b9b7",
        "text.color": "#000000"
    },
    "common.empty.page": {
        "zero.subtitle.color": "#9dae35",
        "zerobutton.text.color": "#ffffff",
        "call.name.text.color": "#491414",
        "zero.title.color": "#6e4040",
        "zero.image": "zero_img_empty.png",
        "error.subtitle.color": "#9dae35",
        "error.button.background.image": {
            "normal": "button_r07_normal.9.png",
            "pressed": "button_r07_pressed.9.png"
        },
        "call.link.text.color": "#9dae35",
        "error.button.text.color": "#ffffff",
        "zerobutton.background.image": {
            "normal": "button_r07_normal.9.png",
            "pressed": "button_r07_pressed.9.png"
        },
        "error.image": "zero_img_error.png"
    },
    "grouphome.friend.request": {
        "btn.background.color": {
            "normal": "#9dae35",
            "pressed": "#8d9c30"
        },
        "btn.text.color": "#ffffff",
        "background.color": "#7f000000",
        "message.text.color": "#ffffff",
        "message.icon.tintcolor": "#ffffff"
    },
    "notification.popup": {
        "setting.checkbox.background.image": {
            "normal": "list_checkbox_img_normal.png",
            "selected": "list_checkbox_img_selected.png"
        },
        "title.logo.tintcolor": "#491414",
        "title.username.text.color": "#491414",
        "title.groupname.text.color": "#491414",
        "title.count.background.image": "popup_noti_img_num_bg.9.png",
        "title.background.image": "popup_noti_bg_top.9.png",
        "title.setting.image.tintcolor": "#491414",
        "reply.input.bar.background.color": {
            "normal": "#b2b2b2",
            "selected": "#9dae35"
        },
        "title.count.text.color": "#ffffff",
        "reply.sendbutton.tintcolor": {
            "normal": "#b2b2b2",
            "pressed": "#9dae35",
            "selected": "#9dae35"
        }
    },
    "tabBar.item.call": {
        "normal.image": "gnb_ic_call_normal.png",
        "selected.image": "gnb_ic_call_selected.png"
    },
    "tabBar": {
        "background.image.pattern": true,
        "background.image": "gnb_bg_pattern.png",
        "selectorBar.background.color": "#f4f7e9",
        "shadow.image": "gnb_gra.9.png"
    },
    "chathistory.attach.item.image": {
        "contact.image": {"normal": "chatroom_attach_ic_info.png"},
        "take.video.image": {"normal": "chatroom_attach_ic_takevideo.png"},
        "choose.video.image": {"normal": "chatroom_attach_ic_chooesvideo.png"},
        "take.photo.image": {"normal": "chatroom_attach_ic_takephoto.png"},
        "choose.photo.image": {"normal": "chatroom_attach_ic_photo.png"},
        "audio.image": {"normal": "chatroom_attach_ic_voicemessage.png"},
        "location.image": {"normal": "chatroom_attach_ic_location.png"}
    },
    "tabBar.item.more": {
        "normal.image": "gnb_ic_more_normal.png",
        "selected.image": "gnb_ic_more_selected.png"
    },
    "chathistory.groupboard.recv.msg": {
        "videoicon.tintcolor": "#747471",
        "more.text.color": "#747471",
        "photo.default.tintcolor": "#747471",
        "photoicon.tintcolor": "#747471",
        "bottom.background.image": "chatroom_gamemsg_line_rec.9.png",
        "sticker.default.tintcolor": "#747471",
        "video.default.tintcolor": "#747471",
        "location.text.color": "#000000",
        "arrow.tintcolor": "#b9b9b7",
        "text.color": "#000000",
        "bottom.text.color": "#747471"
    },
    "myhome.background": {"background.color": "#eff3e2"},
    "navigationBar.tab": {"text.color": {
        "normal": "#9e8b5e",
        "selected": "#669e8b5e"
    }},
    "grouphome.member.category": {
        "edit.btn.background.image": {
            "normal": "button_r10_normal.9.png",
            "pressed": "button_r10_pressed.9.png"
        },
        "category.text.color": "#b0b49a",
        "category.divider.background.color": "#e7ecd5",
        "category.count.text.color": "#b0b49a",
        "edit.btn.text.color": "#ffffff"
    },
    "chathistory.balloon.video.default.send": {"background.color": "#a9cd41"},
    "moreMenu.topbanner.item": {
        "subtext.color": "#9dae35",
        "arrowIcon.tintcolor": "#ced79d",
        "background.color": "#eff3e2",
        "topDivider.background.color": "#e7ecd5",
        "text.color": "#6e4040"
    },
    "chathistory.music.send.msg": {
        "title.text.color": "#000000",
        "playlist.default.image": "chatroom_ic_music_playlist.png",
        "playbtn.default.image": "chatroom_music_play_default.png",
        "playing.image": "chatroom_music_bar_playing.png",
        "playbtn.background.pressed.image": "chatroom_music_bar_pressed.png",
        "stopbtn.default.image": "chatroom_music_stop_default.png",
        "playbtn.pressed.image": "chatroom_music_play_pressed.png",
        "playbtn.background.default.image": "chatroom_music_bar_default.png",
        "typename.text.color": "#22290d",
        "topic.default.image": "chatroom_ic_music_topic.png",
        "service.text.color": "#22290d",
        "loading.image": "chatroom_music_loading.png",
        "artist.text.color": "#22290d",
        "stopbtn.pressed.image": "chatroom_music_stop_pressed.png"
    },
    "grouphome.error": {
        "btn.text.color": "#ffffff",
        "sticker.image": "zero_img_error.png",
        "icon.tintcolor": "#9dae35",
        "msg.text.color": "#9dae35",
        "btn.text.background.image": {
            "normal": "button_r08_normal.9.png",
            "pressed": "button_r08_pressed.9.png"
        },
        "msg.text.shadow": "#00000000"
    },
    "select.chat.bottom": {
        "button.background.color": {
            "normal": "#9dae35",
            "pressed": "#8d9c30"
        },
        "button.icon.tintcolor": "#ffffff",
        "button.text.color": {
            "normal": "#ffffff",
            "dimmed": "#7fffffff"
        }
    },
    "chathistory.option.item.voip.voice": {
        "background.color": {
            "normal": "#f0f3e5",
            "pressed": "#e1e5d3"
        },
        "text.color": {
            "normal": "#826454",
            "dimmed": "#66826454"
        }
    },
    "chathistory.view.common": {
        "background.image.pattern": false,
        "background.image": {
            "normal": "chatroom_bg_normal.png",
            "top": "chatroom_bg_pattern.png",
            "gravity": "right bottom"
        },
        "background.color": "#f4f7e9"
    },
    "chathistory.input": {
        "inputText.color": "#000000",
        "photoButton.icon.image": "chatroom_ic_photo.png",
        "inputText.hint": "#c8cdb6",
        "attachButton.icon.image": "chatroom_ic_add.png",
        "background.image": "chatroom_input_bg.9.png",
        "sendButton.background.color": {
            "normal": "#9ec235",
            "pressed": "#8eae30"
        },
        "sendButton.tintcolor": "#ffffff",
        "eskButton.icon.image": "chatroom_ic_stickers.png"
    },
    "friendlist.item.common": {
        "new.background.color": {
            "normal": "#f7fbe4",
            "pressed": "#f3f7e3"
        },
        "checked.background.color": {
            "normal": "#eff3e2",
            "pressed": "#e5ead4"
        },
        "background.color": {
            "normal": "#eff3e2",
            "pressed": "#e5ead4"
        }
    },
    "chathistory.privatechat.tooltip": {"text.color": "#9ec235"},
    "chathistory.option.item.image": {
        "block.image": "chatroom_option_ic_block.png",
        "timer.image": "chatroom_option_ic_timer_normal.png",
        "recommend.dimmed.image": "chatroom_option_ic_recom_disable.png",
        "edit.group.image": "chatroom_option_ic_editgroup_normal.png",
        "invite.image": "chatroom_option_ic_invite_normal.png",
        "leave.dimmed.image": "chatroom_option_ic_leave_disable.png",
        "leave.image": "chatroom_option_ic_leave_normal.png",
        "line.call.dimmed.image": "chatroom_option_ic_linecall_disable.png",
        "album.image": "chatroom_option_ic_albums_normal.png",
        "recommend.image": "chatroom_option_ic_recom_normal.png",
        "create.group.dimmed.image": "chatroom_option_ic_creategroup_disable.png",
        "timer.dimmed.image": "chatroom_option_ic_timer_disable.png",
        "create.group.image": "chatroom_option_ic_creategroup_normal.png",
        "edit.image": "chatroom_option_ic_edit_normal.png",
        "edit.group.dimmed.image": "chatroom_option_ic_editgroup_disable.png",
        "photo.video.dimmed.image": "chatroom_option_ic_pv_disable.png",
        "notification.on.image": "chatroom_option_ic_noti_on.png",
        "album.dimmed.image": "chatroom_option_ic_albums_disable.png",
        "setting.dimmed.image": "chatroom_option_ic_setting_disable.png",
        "invite.dimmed.image": "chatroom_option_ic_invite_disable.png",
        "notification.off.image": "chatroom_option_ic_noti_off.png",
        "setting.image": "chatroom_option_ic_setting_normal.png",
        "unblock.image": "chatroom_option_ic_unblock.png",
        "photo.video.image": "chatroom_option_ic_pv_normal.png",
        "edit.dimmed.image": "chatroom_option_ic_edit_disable.png",
        "line.call.image": "chatroom_option_ic_linecall_normal.png",
        "photo.image": "chatroom_option_ic_pv_normal.png",
        "send.gift.dimmed.image": "chatroom_option_ic_gift_disable.png",
        "send.gift.image": "chatroom_option_ic_gift_normal.png"
    },
    "myhome.write.post": {
        "icon.tintcolor": "#6e4040",
        "text.color": "#6e4040"
    },
    "chathistory.gift.send.msg": {
        "background.image": "chatroom_balloon_gift_send.9.png",
        "text.color": "#000000"
    },
    "chathistory.voip.send.msg": {
        "icon.tintcolor": "#56632e",
        "linecall.text.color": "#56632e",
        "text.color": "#56632e"
    },
    "chathistory.privatechat.header.banner.item": {
        "icon.tintcolor": "#6e4040",
        "text.color": "#6e4040"
    },
    "view.common": {"background.color": "#eff3e2"},
    "chathistory.groupboard.tip": {"text.color": "#9ec235"},
    "search.chat.highlightColor": {
        "chatList.text.color": "#ec6b50",
        "receiveMessage.text.color": "#fff000",
        "sendMessage.text.color": "#fff000"
    },
    "myhome.cover": {
        "officialHomeProfileText.color": "#491414",
        "officialHomeProfileArrow.tintcolor": {
            "normal": "#a0abb6",
            "pressed": "#a0abb6"
        }
    },
    "navigationBar": {
        "title.text.color": "#491414",
        "button.background.color": {
            "normal": "#00000000",
            "pressed": "#00000000"
        },
        "badge.text.color": "#ffffff",
        "button.tintcolor": {
            "normal": "#491414",
            "pressed": "#b8afa7",
            "dimmed": "#b8afa7",
            "selected": "#491414"
        },
        "background.image": "header_bg.9.png",
        "badge.new.image": "header_ic_new.png",
        "button.text.color": {
            "normal": "#491414",
            "pressed": "#b8afa7",
            "dimmed": "#b8afa7",
            "selected": "#491414"
        },
        "title.button.tintcolor": "#491414",
        "status.background.color": "#c3c6ba",
        "badge.count.background.image": "header_num_bg.9.png"
    },
    "chathistory.voice.recv.msg": {
        "speak.expire.image": "chatroom_ic_voicemsg_rec_x.png",
        "bottom.background.image": "chatroom_voicemsg_line_w_rec.9.png",
        "colon.tintcolor": {
            "normal": "#b9b9b7",
            "selected": "#52534f"
        },
        "seperator.image": "chatroom_voicemsg_line_h_rec.9.png",
        "speak3.image": "chatroom_ic_voicemsg_rec_03.png",
        "speak1.image": "chatroom_ic_voicemsg_rec_01.png",
        "share.image": {
            "normal": "chatroom_ic_voicemsg_rec_share.png",
            "selected": "chatroom_ic_voicemsg_rec_share_pressed.png"
        },
        "play.image": {
            "normal": "chatroom_ic_voicemsg_rec_play.png",
            "selected": "chatroom_ic_voicemsg_rec_play_pressed.png"
        },
        "speak.image": "chatroom_ic_voicemsg_rec_00.png",
        "pause.image": {
            "normal": "chatroom_ic_voicemsg_rec_pause.png",
            "selected": "chatroom_ic_voicemsg_rec_pause_pressed.png"
        },
        "speak2.image": "chatroom_ic_voicemsg_rec_02.png",
        "text.color": {
            "normal": "#b9b9b7",
            "selected": "#52534f"
        }
    },
    "tabBar.item.timeline": {
        "highlight.image": "gnb_ic_timeline_new.png",
        "normal.image": "gnb_ic_timeline_normal.png",
        "selected.image": "gnb_ic_timeline_selected.png"
    },
    "grouphome.member.profile": {
        "add.btn.icon.tintcolor": "#6e4040",
        "profile.name.text.color": "#491414"
    },
    "addFriend.tab.item": {
        "background.image": {
            "normal": "gnb_bg_addfriend_normal.9.png",
            "pressed": "gnb_bg_addfriend_pressed.9.png"
        },
        "text.color": "#9e8b5e"
    },
    "chathistory.voice.send.msg": {
        "speak.expire.image": "chatroom_ic_voicemsg_send_x.png",
        "bottom.background.image": "chatroom_voicemsg_line_w_send.9.png",
        "colon.tintcolor": {
            "normal": "#7e9737",
            "selected": "#414929"
        },
        "seperator.image": "chatroom_voicemsg_line_h_send.9.png",
        "speak3.image": "chatroom_ic_voicemsg_send_03.png",
        "speak1.image": "chatroom_ic_voicemsg_send_01.png",
        "share.image": {
            "normal": "chatroom_ic_voicemsg_send_share.png",
            "selected": "chatroom_ic_voicemsg_send_share_pressed.png"
        },
        "play.image": {
            "normal": "chatroom_ic_voicemsg_send_play.png",
            "selected": "chatroom_ic_voicemsg_send_play_pressed.png"
        },
        "speak.image": "chatroom_ic_voicemsg_send_00.png",
        "pause.image": {
            "normal": "chatroom_ic_voicemsg_send_pause.png",
            "selected": "chatroom_ic_voicemsg_send_pause_pressed.png"
        },
        "speak2.image": "chatroom_ic_voicemsg_send_02.png",
        "text.color": {
            "normal": "#7e9737",
            "selected": "#414929"
        }
    },
    "chathistory.option.item.voip.voice.image": {
        "voice.call.dimmed.image": "chatroom_option_ic_freecall_disable.png",
        "voice.call.image": "chatroom_option_ic_freecall_normal.png"
    },
    "chathistory.onair": {
        "background.image": "chatroom_onair_bg.9.png",
        "subtext.color": "#9dae35",
        "text.color": "#000000"
    },
    "chathistory.voip.recv.msg": {
        "icon.tintcolor": "#52534f",
        "linecall.text.color": "#52534f",
        "text.color": "#52534f"
    },
    "moreMenu.view": {"background.color": "#eff3e2"},
    "myhome.post.header": {
        "groupBtn.popup.arrow.tintcolor": "#dde1c1",
        "nameText.color": "#491414",
        "groupBtn.background.image": {
            "normal": "button_r09_normal.9.png",
            "pressed": "button_r09_pressed.9.png"
        },
        "groupBtn.text.color": "#9dae35",
        "groupBtn.popup.background.image": "timeline_img_bg_see_bg01.9.png",
        "sharePostMessage.color": "#491414",
        "groupBtn.popup.pressed.reverse.background.image": {
            "normal": "",
            "pressed": "timeline_img_bg_see_bg02_pressed.9.png"
        },
        "groupBtn.popup.divider.background.color": "#8d9c30",
        "groupBtn.icon.tintcolor": "#9dae35",
        "groupBtn.popup.reverse.background.image": "timeline_img_bg_see_bg02.9.png",
        "timeText.color": "#b4b4b4",
        "groupBtn.popup.detail.text.color": "#dde1c1",
        "groupBtn.popup.pressed.background.image": {
            "normal": "",
            "pressed": "timeline_img_bg_see_bg01_pressed.9.png"
        },
        "groupBtn.popup.text.color": "#ffffff"
    },
    "chathistory.balloon.text.recv": {"background.image": {
        "normal": "chatroom_balloon_rec_normal.9.png",
        "padding": "16 5 11 8",
        "pressed": "chatroom_balloon_rec_pressed.9.png"
    }},
    "timeline.list.newpost": {
        "background.image": {
            "normal": "timeline_newpost_btn.9.png",
            "pressed": "timeline_newpost_btn.9.png"
        },
        "text.color": "#9dae35"
    },
    "chathistory.gift.recv.msg": {
        "button.background.image": {
            "normal": "button_r07_normal.9.png",
            "pressed": "button_r07_pressed.9.png"
        },
        "background.image": "chatroom_balloon_gift_rec.9.png",
        "button.text.color": "#ffffff",
        "button.text.shadow": "#00000000",
        "text.color": "#000000"
    },
    "grouphome.empty": {
        "empty.album.icon.image.tintcolor": "#b4b99e",
        "empty.btn.text.color": "#ffffff",
        "empty.note.icon.image.tintcolor": "#b4b99e",
        "empty.btn.background.image": {
            "normal": "button_r08_normal.9.png",
            "pressed": "button_r08_pressed.9.png"
        },
        "empty.text.color": "#b4b99e"
    },
    "multi.userselect": {
        "name.text.color": "#491414",
        "background.color": "#f6fae8"
    },
    "chathistory.link.recv.msg": {
        "bottom.background.image": "chatroom_gamemsg_line_rec.9.png",
        "detail.text.color": "#747471",
        "arrow.tintcolor": "#b9b9b7",
        "text.color": "#000000"
    },
    "timeline.userrecall": {
        "recalled.user.text.color": "#9dab32",
        "recall.user.text.color": "#ffffff",
        "suggest.dialog.text.color": "#9dae35",
        "recall.user.text.background.color": "#9dae35"
    },
    "searchBar": {
        "underbar.background.color": {
            "normal": "#d7dbc7",
            "selected": "#9dae35"
        },
        "text.hint": "#c8ccb6",
        "search.icon.image": "list_ic_search.png",
        "cancel.icon.tintcolor": "#9dae35",
        "text.color": "#000000"
    },
    "chathistory.groupboard.send.msg": {
        "videoicon.tintcolor": "#516025",
        "more.text.color": "#516025",
        "photo.default.tintcolor": "#516025",
        "photoicon.tintcolor": "#516025",
        "bottom.background.image": "chatroom_gamemsg_line_send.9.png",
        "sticker.default.tintcolor": "#516025",
        "video.default.tintcolor": "#516025",
        "location.text.color": "#000000",
        "arrow.tintcolor": "#7d9633",
        "text.color": "#000000",
        "bottom.text.color": "#516025"
    },
    "chathistory.privatechat.common": {
        "name.text.color": "#491414",
        "timer.text.color": "#c8cdb6",
        "autoresend.icon.tintcolor": "#c8cdb6",
        "time.text.color": "#c8cdb6"
    },
    "select.chat.tab": {
        "background.image": "gnb_bg_select.9.png",
        "selectorBar.background.color": "#491414",
        "text.shadow": "#00000000",
        "text.color": {
            "normal": "#c4b7b3",
            "selected": "#491414"
        }
    },
    "chathistory.input.sendButton.selectType": {
        "icon.tintcolor": {
            "normal": "#c7cab9",
            "selected": "#56632e"
        },
        "text.color": {
            "normal": "#c7cab9",
            "selected": "#56632e"
        }
    },
    "chathistory.option.item.voip.video.image": {
        "video.call.image": "chatroom_option_ic_videocall_normal.png",
        "video.call.dimmed.image": "chatroom_option_ic_videocall_disable.png"
    },
    "moreMenu.lower.item": {
        "newIcon.image": "more_ic_new.png",
        "icon.tintcolor": "#6e4040",
        "background.color": {
            "normal": "#eff3e2",
            "pressed": "#e3ebcb"
        },
        "text.color": "#6e4040"
    },
    "list.common": {"divider.background.color": "#e7ecd5"},
    "chathistory.balloon.send": {"background.image": {
        "normal": "chatroom_balloon_send_normal.9.png",
        "pressed": "chatroom_balloon_send_pressed.9.png"
    }},
    "navigationBar.search": {
        "back.icon.tintcolor": {
            "normal": "#491414",
            "pressed": "#b8afa7"
        },
        "underbar.background.color": "#491414",
        "background.image": "header_bg.9.png",
        "text.hint": "#9e857e",
        "cancel.icon.tintcolor": "#491414",
        "text.color": "#491414"
    },
    "album.detail.menu": {
        "checked.icon.tintcolor": "#56632e",
        "item.color": {
            "normal": "#c7cab9",
            "selected": "#56632e"
        }
    },
    "friendlist.item": {
        "phoneIcon.tintcolor": {
            "normal": "#b5bb8e",
            "pressed": "#ccd1b0"
        },
        "phoneNumberText.color": "#9dae35",
        "nameText.color": "#491414",
        "phoneIcon.background.tintcolor": {
            "normal": "#f9fee9",
            "pressed": "#e9efd7"
        },
        "addFriend.background.tintcolor": {
            "normal": "#f9fee9",
            "pressed": "#e9efd7"
        },
        "arrowIcon.tintcolor": "#b1b59c",
        "moreButton.text.color": "#ffffff",
        "updateIcon.tintcolor": "#ec6b50",
        "addInviteButton.background.image": {
            "normal": "button_r10_normal.9.png",
            "pressed": "button_r10_pressed.9.png"
        },
        "addFriend.icon.tintcolor": "#adbc58",
        "descriptionText.color": "#9dae35",
        "statusText.color": "#9dae35",
        "checkboxOff.image": "list_checkbox_img_normal.png",
        "checkboxOn.image": "list_checkbox_img_selected.png",
        "addInviteButton.color": "#ffffff",
        "moreButton.background.image": {
            "normal": "button_r01_normal.9.png",
            "pressed": "button_r01_pressed.9.png"
        }
    },
    "chathistory.option.item": {
        "button.background.color": {
            "normal": "#f0f3e5",
            "pressed": "#e1e5d3"
        },
        "bottom.divider.background.color": "#e1e5d3",
        "text.color": {
            "normal": "#826454",
            "dimmed": "#66826454"
        }
    },
    "profile.thumbnail": {
        "group.small.image": "group_thumbnail_small.png",
        "single.big.image": "user_thumbnail_large_00.png",
        "group.big.image": "group_thumbnail_large.png",
        "single.small.image": "user_thumbnail_small_00.png"
    },
    "chathistory.privatechat.view.common": {"background.image": "chatroom_bg_hidden.9.png"},
    "main.view.common": {"background.color": "#eff3e2"},
    "chathistory.input.voice": {
        "voip.background.color": {
            "normal": "#769519",
            "pressed": "#6a8616"
        },
        "voip.icon.tintcolor": "#ffffff",
        "voip.text.color": "#ffffff",
        "close.background.color": {
            "normal": "#9ec235",
            "pressed": "#8eae30"
        },
        "close.icon.tintcolor": "#ffffff"
    },
    "manifest": {
        "schemaVersion": 1,
        "provider": {
            "name": "LINE Corporation",
            "url": "http://www.linecorp.com"
        },
        "themeVersion": "5.10.0",
        "name": "Usavichi",
        "platform": "Android",
        "revision": 11,
        "quality": 85
    },
    "noticenter2": {
        "title.text.color": "#491414",
        "arrow.icon.image": "timeline_img_tabarrow.png",
        "background.color": "#ffffff",
        "more.icon.tintcolor": "#6e4040"
    },
    "chathistory.link.send.msg": {
        "bottom.background.image": "chatroom_gamemsg_line_send.9.png",
        "detail.text.color": "#516025",
        "arrow.tintcolor": "#7d9633",
        "text.color": "#000000"
    },
    "chathistory.spammer": {
        "name.text.color": "#9dae35",
        "button.background.image": {
            "normal": "button_r06_normal.9.png",
            "pressed": "button_r06_pressed.9.png"
        },
        "background.image": "chatroom_spammer_bg.9.png",
        "button.text.color": "#f1f7fd",
        "text.color": "#000000"
    },
    "navigationBar.moreMenu": {"item.text.color": "#6e4040"},
    "tabBar.item": {
        "badge.text.color": "#ffffff",
        "badge.background.image": "gnb_num_bg.9.png"
    },
    "chathistory.balloon.video.default.recv": {"background.color": "#ffffff"},
    "addFriend.tab.addGroup": {
        "icon.background.tintcolor": "#e7ebd8",
        "icon.tintcolor": "#6a4d37",
        "subtext.color": "#9dae35",
        "updateButton.tintcolor": {
            "normal": "#9dae35",
            "pressed": "#92a22d"
        },
        "background.color": {
            "normal": "#eff3e2",
            "pressed": "#e5ead4"
        },
        "addButton.text.color": "#ffffff",
        "addButton.background.tintcolor": {
            "normal": "#9dae35",
            "pressed": "#92a22d"
        },
        "arrow.tintcolor": "#b1b59c",
        "text.color": "#6a4d37"
    },
    "chathistory.contact.recv.msg": {
        "arrow.tintcolor": "#b9b9b7",
        "text.color": "#000000"
    },
    "myhome.lineend.smiley": {"smiley.tintcolor": "#491414"},
    "splash": {
        "splash.background.image": {
            "normal": "",
            "top": [
                "splash_logo.png",
                "splash_img.png"
            ],
            "gravity": [
                "center",
                "bottom"
            ]
        },
        "background.color": "#b7cd75"
    },
    "passcode": {
        "number.background.tintcolor": {
            "normal": "#eff3e2",
            "pressed": "#e1e8ca"
        },
        "passcode3.input.image": "password_ic_03_on.png",
        "passcode2.background.image": "password_ic_02_off.png",
        "passcode1.input.image": "password_ic_01_on.png",
        "number.text.tintcolor": "#491414",
        "passcode2.input.image": "password_ic_02_on.png",
        "passcode4.background.image": "password_ic_04_off.png",
        "background.color": "#eff3e2",
        "top.background.color": "#fafcf2",
        "text.color": "#491414",
        "infotext.color": "#90716d",
        "passcode1.background.image": "password_ic_01_off.png",
        "number.delete.tintcolor": {
            "normal": "#491414",
            "pressed": "#491414"
        },
        "passcode3.background.image": "password_ic_03_off.png",
        "number.cancel.text.color": {
            "normal": "#491414",
            "pressed": "#f7491414"
        },
        "passcode4.input.image": "password_ic_04_on.png"
    },
    "myhome.post.body": {"text.color": "#646464"}
}