{
    "calllist.item": {
        "dateText.color": "#af9c8f",
        "phoneIcon.tintcolor": {
            "normal": "#5f3b30",
            "pressed": "#5f3b30"
        },
        "nameText.color": "#5f3b30",
        "phoneIcon.background.tintcolor": {
            "normal": "#eed6b0",
            "pressed": "#e7cb9e"
        },
        "dateIcon.tintcolor": "#bfb0a3"
    },
    "chathistory.attach.header": {
        "background.image.pattern": true,
        "background.image": "header_pattern.png",
        "text.color": "#5f3b30"
    },
    "friendlist.category": {
        "textSeeAll.color": "#eed6b0",
        "arrowClose.tintcolor": "#f4e1c3",
        "arrowOpen.tintcolor": "#f4e1c3",
        "textSeeAll.arrow.tintcolor": "#eed6b0",
        "background.color": "#fffeef",
        "text.color": "#eed6b0"
    },
    "chathistory.file.recv.msg": {
        "file.icon.tintcolor": "#695149",
        "expire.text.color": "#8f7d77",
        "arrow.tintcolor": "#a1928d",
        "text.color": "#44261c"
    },
    "tabBar.item.talk": {
        "normal.image": "gnb_ic_chats_normal.png",
        "selected.image": "gnb_ic_chats_selected.png"
    },
    "chathistory.text.send.msg": {"text.color": "#44261c"},
    "grouphome.main": {
        "tab.text.color": "#bdae92",
        "moreTab.icon.tintcolor": {
            "normal": "#bdae92",
            "pressed": "#5f3b30"
        },
        "albumCreateBtn.image": {
            "normal": "group_ic_postalbum.png",
            "pressed": "group_ic_postalbum_pressed.png"
        },
        "selectedTab.text.color": "#5f3b30",
        "tab.background.color": "#fbfad4",
        "postWriteBtn.image": {
            "normal": "group_ic_writepost.png",
            "pressed": "group_ic_writepost_pressed.png"
        },
        "tabBottomLine.background.color": "#df0629"
    },
    "chathistory.option.item.voip.video": {
        "background.color": {
            "normal": "#fffedf",
            "pressed": "#f9f7d4"
        },
        "text.color": {
            "normal": "#5f3b30",
            "dimmed": "#665f3b30"
        }
    },
    "chathistory.text.recv.msg": {"text.color": "#44261c"},
    "addFriend.tab.icon": {
        "idsearch.image": "gnb_ic_search.png",
        "invite.image": "gnb_ic_contacts.png",
        "qrcode.image": "gnb_ic_qrcode.png",
        "shakeit.image": "gnb_ic_shakeit.png"
    },
    "chathistory.balloon.text.send": {"background.image": {
        "normal": "chatroom_balloon_send_normal.9.png",
        "padding": "11 5 16 8",
        "pressed": "chatroom_balloon_send_pressed.9.png"
    }},
    "friendlist.common": {"noresult.text.color": "#a48f79"},
    "chatlist.item": {
        "messageText.color": "#af9c8f",
        "nameText.color": "#5f3b30",
        "newIcon.image": "list_category_chat_new.png",
        "timeText.color": "#af9c8f",
        "muteIcon.tintcolor": "#d6d5ce",
        "messageCountText.color": "#ffffff",
        "messageCountText.background.image": "list_category_chat_num.9.png"
    },
    "chathistory.attach.item": {
        "icon.tintcolor": "#5f3b30",
        "external.icon.tintcolor": "#cfc3aa",
        "background.color": {
            "normal": "#fffedf",
            "pressed": "#f9f7d4"
        },
        "text.color": "#5f3b30"
    },
    "chathistory.common": {
        "datebar.background.image": "chatroom_date.9.png",
        "soundsticker.icon.tintcolor": "#dac6a8",
        "autoresend.icon.tintcolor": "#dac6a8",
        "checkBox.image": {
            "normal": "list_checkbox_img_normal.png",
            "selected": "list_checkbox_img_selected.png"
        },
        "time.color": "#dac6a8",
        "name.color": "#dac6a8",
        "datebar.text.color": "#ffffff"
    },
    "bottom.button.common": {
        "button1.background.color": {
            "normal": "#eed6b0",
            "pressed": "#e7cb9e",
            "dimmed": "#eed6b0"
        },
        "button2.background.color": {
            "normal": "#fbc4c8",
            "pressed": "#f7bcc0",
            "dimmed": "#fbc4c8"
        },
        "button1.text.color": {
            "normal": "#5f3b30",
            "dimmed": "#665f3b30"
        },
        "button2.text.color": {
            "normal": "#5f3b30",
            "dimmed": "#665f3b30"
        }
    },
    "invitemember.tab.item": {
        "icon.tintcolor": "#5f3b30",
        "background.image": {
            "normal": "gnb_bg_addfriend_normal.9.png",
            "pressed": "gnb_bg_addfriend_pressed.9.png"
        },
        "text.color": "#5f3b30"
    },
    "chathistory.music.recv.msg": {
        "title.text.color": "#44261c",
        "playlist.default.image": "chatroom_ic_music_playlist.png",
        "playbtn.default.image": "chatroom_music_play_default.png",
        "playing.image": "chatroom_music_bar_playing.png",
        "playbtn.background.pressed.image": "chatroom_music_bar_pressed.png",
        "stopbtn.default.image": "chatroom_music_stop_default.png",
        "playbtn.pressed.image": "chatroom_music_play_pressed.png",
        "playbtn.background.default.image": "chatroom_music_bar_default.png",
        "typename.text.color": "#8f7d77",
        "topic.default.image": "chatroom_ic_music_topic.png",
        "service.text.color": "#8f7d77",
        "loading.image": "chatroom_music_loading.png",
        "artist.text.color": "#8f7d77",
        "stopbtn.pressed.image": "chatroom_music_stop_pressed.png"
    },
    "myhome.post.bottom": {
        "commentText.color": "#5f3b30",
        "commentIcon.image": {
            "normal": "timeline_ic_postcomment.png",
            "selected": "timeline_ic_postcomment.png"
        },
        "likeText.color": "#5f3b30",
        "likeIcon.image": {
            "normal": "timeline_ic_postlike_off.png",
            "selected": "timeline_ic_postlike_on.png"
        },
        "likeCountText.color": "#5f3b30",
        "commentCountText.color": "#5f3b30"
    },
    "chathistory.balloon.recv": {"background.image": {
        "normal": "chatroom_balloon_rec_normal.9.png",
        "pressed": "chatroom_balloon_rec_pressed.9.png"
    }},
    "chathistory.memberlist.area": {"background.color": "#e5fffedf"},
    "chathistory.contact.send.msg": {
        "arrow.tintcolor": "#9f7572",
        "text.color": "#44261c"
    },
    "tabBar.item.friend": {
        "normal.image": "gnb_ic_friends_normal.png",
        "selected.image": "gnb_ic_friends_selected.png"
    },
    "moreMenu.item": {
        "addfriend.image": "more_ic_addfriends.png",
        "newIcon.image": "more_ic_new.png",
        "setting.image": "more_ic_settings.png",
        "background.color": {
            "normal": "#fffeef",
            "pressed": "#fbfae3"
        },
        "text.color": "#5f3b30"
    },
    "myhome.list.header": {
        "updateTitleText.color": "#af9c8f",
        "updateText.color": "#af9c8f",
        "updateTimeText.color": "#af9c8f"
    },
    "chathistory.file.send.msg": {
        "file.icon.tintcolor": "#69463e",
        "expire.text.color": "#9f7572",
        "arrow.tintcolor": "#9f7572",
        "text.color": "#44261c"
    },
    "chathistory.privatechat.balloon.receive.text": {
        "background.image": {
            "normal": "chatroom_balloon_hidden.9.png",
            "pressed": "chatroom_balloon_hidden.9.png"
        },
        "icon.arrow.tintcolor": "#c7bdba",
        "text.color": "#44261c"
    },
    "common.empty.page": {
        "zero.subtitle.color": "#af9c8f",
        "zerobutton.text.color": "#5f3b30",
        "call.name.text.color": "#5f3b30",
        "zero.title.color": "#5f3b30",
        "zero.image": "zero_img_empty.png",
        "error.subtitle.color": "#af9d97",
        "error.button.background.image": {
            "normal": "button_r07_normal.9.png",
            "pressed": "button_r07_pressed.9.png"
        },
        "call.link.text.color": "#af9c8f",
        "error.button.text.color": "#5f3b30",
        "zerobutton.background.image": {
            "normal": "button_r07_normal.9.png",
            "pressed": "button_r07_pressed.9.png"
        },
        "error.image": "zero_img_error.png"
    },
    "grouphome.friend.request": {
        "btn.background.color": {
            "normal": "#c8e9ec",
            "pressed": "#bbe2e5"
        },
        "btn.text.color": "#5f3b30",
        "background.color": "#99ffffff",
        "message.text.color": "#5f3b30",
        "message.icon.tintcolor": "#5f3b30"
    },
    "notification.popup": {
        "setting.checkbox.background.image": {
            "normal": "list_checkbox_img_normal.png",
            "selected": "list_checkbox_img_selected.png"
        },
        "title.logo.tintcolor": "#5f3b30",
        "title.username.text.color": "#5f3b30",
        "title.groupname.text.color": "#5f3b30",
        "title.count.background.image": "popup_noti_img_num_bg.9.png",
        "title.background.image": "popup_noti_bg_top.9.png",
        "title.setting.image.tintcolor": "#5f3b30",
        "reply.input.bar.background.color": {
            "normal": "#d6d6d6",
            "selected": "#d6d6d6"
        },
        "title.count.text.color": "#ffffff",
        "reply.sendbutton.tintcolor": {
            "normal": "#c8e9ec",
            "pressed": "#bbe2e5",
            "selected": "#c8e9ec"
        }
    },
    "tabBar.item.call": {
        "normal.image": "gnb_ic_call_normal.png",
        "selected.image": "gnb_ic_call_selected.png"
    },
    "tabBar": {
        "background.image.pattern": true,
        "background.image": "gnb_bg_pattern.png",
        "selectorBar.background.color": "#df0629",
        "shadow.image": "gnb_gra.9.png"
    },
    "chathistory.attach.item.image": {
        "contact.image": {"normal": "chatroom_attach_ic_info.png"},
        "take.video.image": {"normal": "chatroom_attach_ic_takevideo.png"},
        "choose.video.image": {"normal": "chatroom_attach_ic_chooesvideo.png"},
        "take.photo.image": {"normal": "chatroom_attach_ic_takephoto.png"},
        "choose.photo.image": {"normal": "chatroom_attach_ic_photo.png"},
        "audio.image": {"normal": "chatroom_attach_ic_voicemessage.png"},
        "location.image": {"normal": "chatroom_attach_ic_location.png"}
    },
    "tabBar.item.more": {
        "normal.image": "gnb_ic_more_normal.png",
        "selected.image": "gnb_ic_more_selected.png"
    },
    "chathistory.groupboard.recv.msg": {
        "videoicon.tintcolor": "#8f7d77",
        "more.text.color": "#8f7d77",
        "photo.default.tintcolor": "#8f7d77",
        "photoicon.tintcolor": "#8f7d77",
        "bottom.background.image": "chatroom_gamemsg_line_rec.9.png",
        "sticker.default.tintcolor": "#8f7d77",
        "video.default.tintcolor": "#8f7d77",
        "location.text.color": "#44261c",
        "arrow.tintcolor": "#a1928d",
        "text.color": "#44261c",
        "bottom.text.color": "#8f7d77"
    },
    "myhome.background": {"background.color": "#fffeef"},
    "navigationBar.tab": {"text.color": {
        "normal": "#5f3b30",
        "selected": "#bdae92"
    }},
    "grouphome.member.category": {
        "edit.btn.background.image": {
            "normal": "button_r10_normal.9.png",
            "pressed": "button_r10_pressed.9.png"
        },
        "category.text.color": "#af9c8f",
        "category.divider.background.color": "#f0e6d4",
        "category.count.text.color": "#af9c8f",
        "edit.btn.text.color": "#5f3b30"
    },
    "chathistory.balloon.video.default.send": {"background.color": "#fbc4c8"},
    "moreMenu.topbanner.item": {
        "subtext.color": "#af9c8f",
        "arrowIcon.tintcolor": "#dfd7c9",
        "background.color": "#fffeef",
        "topDivider.background.color": "#f0e6d4",
        "text.color": "#5f3b30"
    },
    "chathistory.music.send.msg": {
        "title.text.color": "#44261c",
        "playlist.default.image": "chatroom_ic_music_playlist.png",
        "playbtn.default.image": "chatroom_music_play_default.png",
        "playing.image": "chatroom_music_bar_playing.png",
        "playbtn.background.pressed.image": "chatroom_music_bar_pressed.png",
        "stopbtn.default.image": "chatroom_music_stop_default.png",
        "playbtn.pressed.image": "chatroom_music_play_pressed.png",
        "playbtn.background.default.image": "chatroom_music_bar_default.png",
        "typename.text.color": "#8d6561",
        "topic.default.image": "chatroom_ic_music_topic.png",
        "service.text.color": "#8d6561",
        "loading.image": "chatroom_music_loading.png",
        "artist.text.color": "#8d6561",
        "stopbtn.pressed.image": "chatroom_music_stop_pressed.png"
    },
    "grouphome.error": {
        "btn.text.color": "#5f3b30",
        "sticker.image": "zero_img_error.png",
        "icon.tintcolor": "#af9c8f",
        "msg.text.color": "#af9c8f",
        "btn.text.background.image": {
            "normal": "button_r08_normal.9.png",
            "pressed": "button_r08_pressed.9.png"
        },
        "msg.text.shadow": "#00000000"
    },
    "select.chat.bottom": {
        "button.background.color": {
            "normal": "#fbc4c8",
            "pressed": "#f7bcc0"
        },
        "button.icon.tintcolor": "#5f3b30",
        "button.text.color": {
            "normal": "#5f3b30",
            "dimmed": "#7f5f3b30"
        }
    },
    "chathistory.option.item.voip.voice": {
        "background.color": {
            "normal": "#fffedf",
            "pressed": "#f9f7d4"
        },
        "text.color": {
            "normal": "#5f3b30",
            "dimmed": "#665f3b30"
        }
    },
    "chathistory.view.common": {
        "background.image.pattern": false,
        "background.image": {
            "normal": "chatroom_bg_normal.png",
            "top": "chatroom_bg_pattern.png",
            "gravity": "right bottom"
        },
        "background.color": "#fffeef"
    },
    "chathistory.input": {
        "inputText.color": "#44261c",
        "photoButton.icon.image": "chatroom_ic_photo.png",
        "inputText.hint": "#a18779",
        "attachButton.icon.image": "chatroom_ic_add.png",
        "background.image": "chatroom_input_bg.9.png",
        "sendButton.background.color": {
            "normal": "#8e512d",
            "pressed": "#854825"
        },
        "sendButton.tintcolor": "#feebbe",
        "eskButton.icon.image": "chatroom_ic_stickers.png"
    },
    "friendlist.item.common": {
        "new.background.color": {
            "normal": "#fcfada",
            "pressed": "#f6f4d0"
        },
        "checked.background.color": {
            "normal": "#fbfae3",
            "pressed": "#fbfae3"
        },
        "background.color": {
            "normal": "#fffeef",
            "pressed": "#fbfae3"
        }
    },
    "chathistory.privatechat.tooltip": {"text.color": "#bbe2e5"},
    "chathistory.option.item.image": {
        "block.image": "chatroom_option_ic_block.png",
        "timer.image": "chatroom_option_ic_timer_normal.png",
        "recommend.dimmed.image": "chatroom_option_ic_recom_disable.png",
        "edit.group.image": "chatroom_option_ic_editgroup_normal.png",
        "invite.image": "chatroom_option_ic_invite_normal.png",
        "leave.dimmed.image": "chatroom_option_ic_leave_disable.png",
        "leave.image": "chatroom_option_ic_leave_normal.png",
        "line.call.dimmed.image": "chatroom_option_ic_linecall_disable.png",
        "album.image": "chatroom_option_ic_albums_normal.png",
        "recommend.image": "chatroom_option_ic_recom_normal.png",
        "create.group.dimmed.image": "chatroom_option_ic_creategroup_disable.png",
        "timer.dimmed.image": "chatroom_option_ic_timer_disable.png",
        "create.group.image": "chatroom_option_ic_creategroup_normal.png",
        "edit.image": "chatroom_option_ic_edit_normal.png",
        "edit.group.dimmed.image": "chatroom_option_ic_editgroup_disable.png",
        "photo.video.dimmed.image": "chatroom_option_ic_pv_disable.png",
        "notification.on.image": "chatroom_option_ic_noti_on.png",
        "album.dimmed.image": "chatroom_option_ic_albums_disable.png",
        "setting.dimmed.image": "chatroom_option_ic_setting_disable.png",
        "invite.dimmed.image": "chatroom_option_ic_invite_disable.png",
        "notification.off.image": "chatroom_option_ic_noti_off.png",
        "setting.image": "chatroom_option_ic_setting_normal.png",
        "unblock.image": "chatroom_option_ic_unblock.png",
        "photo.video.image": "chatroom_option_ic_pv_normal.png",
        "edit.dimmed.image": "chatroom_option_ic_edit_disable.png",
        "line.call.image": "chatroom_option_ic_linecall_normal.png",
        "photo.image": "chatroom_option_ic_pv_normal.png",
        "send.gift.dimmed.image": "chatroom_option_ic_gift_disable.png",
        "send.gift.image": "chatroom_option_ic_gift_normal.png"
    },
    "myhome.write.post": {
        "icon.tintcolor": "#bbe2e5",
        "text.color": "#bbe2e5"
    },
    "chathistory.gift.send.msg": {
        "background.image": "chatroom_balloon_gift_send.9.png",
        "text.color": "#44261c"
    },
    "chathistory.voip.send.msg": {
        "icon.tintcolor": "#44261c",
        "linecall.text.color": "#69463e",
        "text.color": "#44261c"
    },
    "chathistory.privatechat.header.banner.item": {
        "icon.tintcolor": "#bbe2e5",
        "text.color": "#bbe2e5"
    },
    "view.common": {"background.color": "#fffeef"},
    "chathistory.groupboard.tip": {"text.color": "#bbe2e5"},
    "search.chat.highlightColor": {
        "chatList.text.color": "#df0629",
        "receiveMessage.text.color": "#df0629",
        "sendMessage.text.color": "#df0629"
    },
    "myhome.cover": {
        "officialHomeProfileText.color": "#5f3b30",
        "officialHomeProfileArrow.tintcolor": {
            "normal": "#5f3b30",
            "pressed": "#5f3b30"
        }
    },
    "navigationBar": {
        "title.text.color": "#5f3b30",
        "button.background.color": {
            "normal": "#00000000",
            "pressed": "#00000000"
        },
        "badge.text.color": "#ffffff",
        "button.tintcolor": {
            "normal": "#5f3b30",
            "pressed": "#bdae92",
            "dimmed": "#bdae92",
            "selected": "#5f3b30"
        },
        "background.image.pattern": true,
        "background.image": "header_pattern.png",
        "badge.new.image": "header_ic_new.png",
        "button.text.color": {
            "normal": "#5f3b30",
            "pressed": "#bdae92",
            "dimmed": "#bdae92",
            "selected": "#5f3b30"
        },
        "title.button.tintcolor": "#5f3b30",
        "status.background.color": "#d6d5b4",
        "badge.count.background.image": "header_num_bg.9.png"
    },
    "chathistory.voice.recv.msg": {
        "speak.expire.image": "chatroom_ic_voicemsg_rec_x.png",
        "bottom.background.image": "chatroom_voicemsg_line_w_rec.9.png",
        "colon.tintcolor": {
            "normal": "#b4a8a4",
            "selected": "#44261c"
        },
        "seperator.image": "chatroom_voicemsg_line_h_rec.9.png",
        "speak3.image": "chatroom_ic_voicemsg_rec_03.png",
        "speak1.image": "chatroom_ic_voicemsg_rec_01.png",
        "share.image": {
            "normal": "chatroom_ic_voicemsg_rec_share.png",
            "selected": "chatroom_ic_voicemsg_rec_share_pressed.png"
        },
        "play.image": {
            "normal": "chatroom_ic_voicemsg_rec_play.png",
            "selected": "chatroom_ic_voicemsg_rec_play_pressed.png"
        },
        "speak.image": "chatroom_ic_voicemsg_rec_00.png",
        "pause.image": {
            "normal": "chatroom_ic_voicemsg_rec_pause.png",
            "selected": "chatroom_ic_voicemsg_rec_pause_pressed.png"
        },
        "speak2.image": "chatroom_ic_voicemsg_rec_02.png",
        "text.color": {
            "normal": "#b4a8a4",
            "selected": "#44261c"
        }
    },
    "tabBar.item.timeline": {
        "highlight.image": "gnb_ic_timeline_new.png",
        "normal.image": "gnb_ic_timeline_normal.png",
        "selected.image": "gnb_ic_timeline_selected.png"
    },
    "grouphome.member.profile": {
        "add.btn.icon.tintcolor": "#bfb1ac",
        "profile.name.text.color": "#5f3b30"
    },
    "addFriend.tab.item": {
        "background.image": {
            "normal": "gnb_bg_addfriend_normal.9.png",
            "pressed": "gnb_bg_addfriend_pressed.9.png"
        },
        "text.color": "#5f3b30"
    },
    "chathistory.voice.send.msg": {
        "speak.expire.image": "chatroom_ic_voicemsg_send_x.png",
        "bottom.background.image": "chatroom_voicemsg_line_w_send.9.png",
        "colon.tintcolor": {
            "normal": "#b28583",
            "selected": "#44261c"
        },
        "seperator.image": "chatroom_voicemsg_line_h_send.9.png",
        "speak3.image": "chatroom_ic_voicemsg_send_03.png",
        "speak1.image": "chatroom_ic_voicemsg_send_01.png",
        "share.image": {
            "normal": "chatroom_ic_voicemsg_send_share.png",
            "selected": "chatroom_ic_voicemsg_send_share_pressed.png"
        },
        "play.image": {
            "normal": "chatroom_ic_voicemsg_send_play.png",
            "selected": "chatroom_ic_voicemsg_send_play_pressed.png"
        },
        "speak.image": "chatroom_ic_voicemsg_send_00.png",
        "pause.image": {
            "normal": "chatroom_ic_voicemsg_send_pause.png",
            "selected": "chatroom_ic_voicemsg_send_pause_pressed.png"
        },
        "speak2.image": "chatroom_ic_voicemsg_send_02.png",
        "text.color": {
            "normal": "#b28583",
            "selected": "#44261c"
        }
    },
    "chathistory.option.item.voip.voice.image": {
        "voice.call.dimmed.image": "chatroom_option_ic_freecall_disable.png",
        "voice.call.image": "chatroom_option_ic_freecall_normal.png"
    },
    "chathistory.onair": {
        "background.image": "chatroom_onair_bg.9.png",
        "subtext.color": "#7f6253",
        "text.color": "#5f3b30"
    },
    "chathistory.voip.recv.msg": {
        "icon.tintcolor": "#44261c",
        "linecall.text.color": "#695149",
        "text.color": "#44261c"
    },
    "moreMenu.view": {"background.color": "#fffeef"},
    "myhome.post.header": {
        "groupBtn.popup.arrow.tintcolor": "#bdae96",
        "nameText.color": "#5f3b30",
        "groupBtn.background.image": {
            "normal": "button_r09_normal.9.png",
            "pressed": "button_r09_pressed.9.png"
        },
        "groupBtn.text.color": "#e3dddb",
        "groupBtn.popup.background.image": "timeline_img_bg_see_bg01.9.png",
        "sharePostMessage.color": "#5f3b30",
        "groupBtn.popup.pressed.reverse.background.image": {
            "normal": "",
            "pressed": "timeline_img_bg_see_bg02_pressed.9.png"
        },
        "groupBtn.popup.divider.background.color": "#e4debc",
        "groupBtn.icon.tintcolor": "#e3dddb",
        "groupBtn.popup.reverse.background.image": "timeline_img_bg_see_bg02.9.png",
        "timeText.color": "#adadad",
        "groupBtn.popup.detail.text.color": "#5f3b30",
        "groupBtn.popup.pressed.background.image": {
            "normal": "",
            "pressed": "timeline_img_bg_see_bg01_pressed.9.png"
        },
        "groupBtn.popup.text.color": "#5f3b30"
    },
    "chathistory.balloon.text.recv": {"background.image": {
        "normal": "chatroom_balloon_rec_normal.9.png",
        "padding": "16 5 11 8",
        "pressed": "chatroom_balloon_rec_pressed.9.png"
    }},
    "timeline.list.newpost": {
        "background.image": {
            "normal": "timeline_newpost_btn.9.png",
            "pressed": "timeline_newpost_btn_pressed.9.png"
        },
        "text.color": "#5f3b30"
    },
    "chathistory.gift.recv.msg": {
        "button.background.image": {
            "normal": "button_r07_normal.9.png",
            "pressed": "button_r07_pressed.9.png"
        },
        "background.image": "chatroom_balloon_gift_rec.9.png",
        "button.text.color": "#5f3b30",
        "button.text.shadow": "#00000000",
        "text.color": "#44261c"
    },
    "grouphome.empty": {
        "empty.album.icon.image.tintcolor": "#af9c8f",
        "empty.btn.text.color": "#5f3b30",
        "empty.note.icon.image.tintcolor": "#af9c8f",
        "empty.btn.background.image": {
            "normal": "button_r08_normal.9.png",
            "pressed": "button_r08_pressed.9.png"
        },
        "empty.text.color": "#af9c8f"
    },
    "multi.userselect": {
        "name.text.color": "#5f3b30",
        "background.color": "#f6f5d2"
    },
    "chathistory.link.recv.msg": {
        "bottom.background.image": "chatroom_gamemsg_line_rec.9.png",
        "detail.text.color": "#8f7d77",
        "arrow.tintcolor": "#a1928d",
        "text.color": "#44261c"
    },
    "timeline.userrecall": {
        "recalled.user.text.color": "#e93200",
        "recall.user.text.color": "#ffffff",
        "suggest.dialog.text.color": "#e93200",
        "recall.user.text.background.color": "#df0629"
    },
    "searchBar": {
        "underbar.background.color": {
            "normal": "#e5dfd1",
            "selected": "#e5dfd1"
        },
        "text.hint": "#bfb0a2",
        "search.icon.image": "list_ic_search.png",
        "cancel.icon.tintcolor": "#bfb0a2",
        "text.color": "#7f6256"
    },
    "chathistory.groupboard.send.msg": {
        "videoicon.tintcolor": "#9f7572",
        "more.text.color": "#9f7572",
        "photo.default.tintcolor": "#9f7572",
        "photoicon.tintcolor": "#9f7572",
        "bottom.background.image": "chatroom_gamemsg_line_send.9.png",
        "sticker.default.tintcolor": "#9f7572",
        "video.default.tintcolor": "#9f7572",
        "location.text.color": "#44261c",
        "arrow.tintcolor": "#9f7572",
        "text.color": "#44261c",
        "bottom.text.color": "#9f7572"
    },
    "chathistory.privatechat.common": {
        "name.text.color": "#dac6a8",
        "timer.text.color": "#dac6a8",
        "autoresend.icon.tintcolor": "#dac6a8",
        "time.text.color": "#dac6a8"
    },
    "select.chat.tab": {
        "background.image": "gnb_bg_select.9.png",
        "selectorBar.background.color": "#df0629",
        "text.shadow": "#00000000",
        "text.color": {
            "normal": "#bfb099",
            "selected": "#5f3b30"
        }
    },
    "chathistory.input.sendButton.selectType": {
        "icon.tintcolor": {
            "normal": "#b9aca8",
            "selected": "#62433a"
        },
        "text.color": {
            "normal": "#b9aca8",
            "selected": "#6f4e44"
        }
    },
    "chathistory.option.item.voip.video.image": {
        "video.call.image": "chatroom_option_ic_videocall_normal.png",
        "video.call.dimmed.image": "chatroom_option_ic_videocall_disable.png"
    },
    "moreMenu.lower.item": {
        "newIcon.image": "more_ic_new.png",
        "icon.tintcolor": "#5f3b30",
        "background.color": {
            "normal": "#fffeef",
            "pressed": "#fbfae3"
        },
        "text.color": "#5f3b30"
    },
    "list.common": {"divider.background.color": "#f0e6d4"},
    "chathistory.balloon.send": {"background.image": {
        "normal": "chatroom_balloon_send_normal.9.png",
        "pressed": "chatroom_balloon_send_pressed.9.png"
    }},
    "navigationBar.search": {
        "back.icon.tintcolor": {
            "normal": "#5f3b30",
            "pressed": "#bdae92"
        },
        "underbar.background.color": "#e4debc",
        "background.image.pattern": false,
        "background.image": "header_bg.9.png",
        "text.hint": "#ad9a82",
        "cancel.icon.tintcolor": "#5f3b30",
        "text.color": "#5f3b30"
    },
    "album.detail.menu": {
        "checked.icon.tintcolor": "#bbe2e5",
        "item.color": {
            "normal": "#bbe2e5",
            "selected": "#bbe2e5"
        }
    },
    "friendlist.item": {
        "phoneIcon.tintcolor": {
            "normal": "#5f3b30",
            "pressed": "#5f3b30"
        },
        "phoneNumberText.color": "#af9c8f",
        "nameText.color": "#5f3b30",
        "phoneIcon.background.tintcolor": {
            "normal": "#eed6b0",
            "pressed": "#e7cb9e"
        },
        "addFriend.background.tintcolor": {
            "normal": "#eed6b0",
            "pressed": "#e7cb9e"
        },
        "arrowIcon.tintcolor": "#f4e1c3",
        "moreButton.text.color": "#ffffff",
        "updateIcon.tintcolor": "#df0629",
        "addInviteButton.background.image": {
            "normal": "button_r10_normal.9.png",
            "pressed": "button_r10_pressed.9.png"
        },
        "addFriend.icon.tintcolor": "#5f3b30",
        "descriptionText.color": "#af9c8f",
        "statusText.color": "#af9c8f",
        "checkboxOff.image": "list_checkbox_img_normal.png",
        "checkboxOn.image": "list_checkbox_img_selected.png",
        "addInviteButton.color": "#5f3b30",
        "moreButton.background.image": {
            "normal": "button_r01_normal.9.png",
            "pressed": "button_r01_pressed.9.png"
        }
    },
    "chathistory.option.item": {
        "button.background.color": {
            "normal": "#fffedf",
            "pressed": "#f9f7d4"
        },
        "bottom.divider.background.color": "#e7e1c5",
        "text.color": {
            "normal": "#5f3b30",
            "dimmed": "#665f3b30"
        }
    },
    "profile.thumbnail": {
        "group.small.image": "group_thumbnail_small.png",
        "single.big.image": "user_thumbnail_large_00.png",
        "group.big.image": "group_thumbnail_large.png",
        "single.small.image": "user_thumbnail_small_00.png"
    },
    "chathistory.privatechat.view.common": {"background.image": "chatroom_bg_hidden.9.png"},
    "main.view.common": {"background.color": "#fffeef"},
    "chathistory.input.voice": {
        "voip.background.color": {
            "normal": "#c8e9ec",
            "pressed": "#bbe2e5"
        },
        "voip.icon.tintcolor": "#5f3b30",
        "voip.text.color": "#5f3b30",
        "close.background.color": {
            "normal": "#bde3e6",
            "pressed": "#b2dcdf"
        },
        "close.icon.tintcolor": "#5f3b30"
    },
    "manifest": {
        "schemaVersion": 1,
        "provider": {
            "name": "LINE Corporation",
            "url": "http://www.linecorp.com"
        },
        "themeVersion": "5.10.0",
        "name": "Kireizukin_seikatsu",
        "platform": "Android",
        "revision": 3,
        "quality": 0
    },
    "noticenter2": {
        "title.text.color": "#cfc4c0",
        "arrow.icon.image": "timeline_img_tabarrow.png",
        "background.color": "#ffffff",
        "more.icon.tintcolor": "#cabebb"
    },
    "chathistory.link.send.msg": {
        "bottom.background.image": "chatroom_gamemsg_line_send.9.png",
        "detail.text.color": "#9f7572",
        "arrow.tintcolor": "#9f7572",
        "text.color": "#44261c"
    },
    "chathistory.spammer": {
        "name.text.color": "#7f6253",
        "button.background.image": {
            "normal": "button_r06_normal.9.png",
            "pressed": "button_r06_pressed.9.png"
        },
        "background.image": "chatroom_spammer_bg.9.png",
        "button.text.color": "#5f3b30",
        "text.color": "#5f3b30"
    },
    "navigationBar.moreMenu": {"item.text.color": "#bbe2e5"},
    "tabBar.item": {"badge.background.image": "gnb_num_bg.9.png"},
    "chathistory.balloon.video.default.recv": {"background.color": "#ffffff"},
    "addFriend.tab.addGroup": {
        "icon.background.tintcolor": "#eed6b0",
        "icon.tintcolor": "#5f3b30",
        "subtext.color": "#af9c8f",
        "updateButton.tintcolor": {
            "normal": "#eed6b0",
            "pressed": "#e7cb9e"
        },
        "addButton.text.color": "#5f3b30",
        "background.color": {
            "normal": "#fffeef",
            "pressed": "#fbfae3"
        },
        "addButton.background.tintcolor": {
            "normal": "#eed6b0",
            "pressed": "#e7cb9e"
        },
        "arrow.tintcolor": "#cfc3b5",
        "text.color": "#5f3b30"
    },
    "chathistory.contact.recv.msg": {
        "arrow.tintcolor": "#a1928d",
        "text.color": "#44261c"
    },
    "myhome.lineend.smiley": {"smiley.tintcolor": "#5f3b30"},
    "splash": {
        "splash.background.image": {
            "normal": "",
            "top": [
                "splash_img.png",
                "splash_logo.png"
            ],
            "gravity": [
                "center",
                "bottom"
            ]
        },
        "background.color": "#fffde5"
    },
    "passcode": {
        "number.background.tintcolor": {
            "normal": "#fbfad4",
            "pressed": "#f3f0c3"
        },
        "passcode3.input.image": "password_ic_03_on.png",
        "passcode2.background.image": "password_ic_02_off.png",
        "passcode1.input.image": "password_ic_01_on.png",
        "number.text.tintcolor": "#5f3b30",
        "passcode2.input.image": "password_ic_02_on.png",
        "passcode4.background.image": "password_ic_04_off.png",
        "background.color": "#fbfad4",
        "top.background.color": "#fffeef",
        "text.color": "#5f3b30",
        "infotext.color": "#af9c8f",
        "passcode1.background.image": "password_ic_01_off.png",
        "number.delete.tintcolor": {
            "normal": "#5f3b30",
            "pressed": "#5f3b30"
        },
        "passcode3.background.image": "password_ic_03_off.png",
        "number.cancel.text.color": {
            "normal": "#5f3b30",
            "pressed": "#665f3b30"
        },
        "passcode4.input.image": "password_ic_04_on.png"
    },
    "myhome.post.body": {"text.color": "#7f6259"}
}