{
    "calllist.item": {
        "dateText.color": "#b79d8a",
        "phoneIcon.tintcolor": {
            "normal": "#c5b19d",
            "pressed": "#ddcfbb"
        },
        "nameText.color": "#6f3e2e",
        "phoneIcon.background.tintcolor": {
            "normal": "#f8f0d6",
            "pressed": "#f0e2c1"
        },
        "dateIcon.tintcolor": "#b79d8a"
    },
    "chathistory.attach.header": {
        "background.image": "header_bg.9.png",
        "text.color": "#6f3e2e"
    },
    "friendlist.category": {
        "textSeeAll.color": "#e1c482",
        "arrowClose.tintcolor": "#e1c482",
        "arrowOpen.tintcolor": "#e1c482",
        "textSeeAll.arrow.tintcolor": "#e1c482",
        "background.color": "#fffde7",
        "text.color": "#e1c482"
    },
    "chathistory.file.recv.msg": {
        "file.icon.tintcolor": "#514037",
        "expire.text.color": "#978d87",
        "arrow.tintcolor": "#a89f9b",
        "text.color": "#514037"
    },
    "tabBar.item.talk": {
        "normal.image": "gnb_ic_chats_normal.png",
        "selected.image": "gnb_ic_chats_selected.png"
    },
    "chathistory.text.send.msg": {"text.color": "#51391e"},
    "grouphome.main": {
        "tab.text.color": "#c59554",
        "moreTab.icon.tintcolor": {
            "normal": "#6f3e2e",
            "pressed": "#c59554"
        },
        "albumCreateBtn.image": {
            "normal": "group_ic_postalbum.png",
            "pressed": "group_ic_postalbum_pressed.png"
        },
        "selectedTab.text.color": "#6f3e2e",
        "tab.background.color": "#ffcf6d",
        "postWriteBtn.image": {
            "normal": "group_ic_writepost.png",
            "pressed": "group_ic_writepost_pressed.png"
        },
        "tabBottomLine.background.color": "#6f3e2e"
    },
    "chathistory.option.item.voip.video": {
        "background.color": {
            "normal": "#ffd683",
            "pressed": "#ffcf6d"
        },
        "text.color": {
            "normal": "#6f3e2e",
            "dimmed": "#666f3e2e"
        }
    },
    "chathistory.text.recv.msg": {"text.color": "#514037"},
    "addFriend.tab.icon": {
        "idsearch.image": "gnb_ic_search.png",
        "invite.image": "gnb_ic_contacts.png",
        "qrcode.image": "gnb_ic_qrcode.png",
        "shakeit.image": "gnb_ic_shakeit.png"
    },
    "chathistory.balloon.text.send": {"background.image": {
        "normal": "chatroom_balloon_send_normal.9.png",
        "padding": "11 5 16 8",
        "pressed": "chatroom_balloon_send_pressed.9.png"
    }},
    "friendlist.common": {"noresult.text.color": "#c4aa9f"},
    "chatlist.item": {
        "messageText.color": "#b79d8a",
        "nameText.color": "#6f3e2e",
        "newIcon.image": "list_category_chat_new.png",
        "timeText.color": "#e1c482",
        "muteIcon.tintcolor": "#c4aa9f",
        "messageCountText.color": "#ffffff",
        "messageCountText.background.image": "list_category_chat_num.9.png"
    },
    "chathistory.attach.item": {
        "icon.tintcolor": "#6f3e2e",
        "external.icon.tintcolor": "#bd8f4e",
        "background.color": {
            "normal": "#ffd683",
            "pressed": "#ffcf6d"
        },
        "text.color": "#6f3e2e"
    },
    "chathistory.common": {
        "datebar.background.image": "chatroom_date.9.png",
        "soundsticker.icon.tintcolor": "#e1c482",
        "autoresend.icon.tintcolor": "#e1c482",
        "checkBox.image": {
            "normal": "list_checkbox_img_normal.png",
            "selected": "list_checkbox_img_selected.png"
        },
        "time.color": "#e1c482",
        "name.color": "#e1c482",
        "datebar.text.color": "#ffffff"
    },
    "bottom.button.common": {
        "button1.background.color": {
            "normal": "#ff6b3a",
            "pressed": "#ff4000",
            "dimmed": "#ff6b3a"
        },
        "button2.background.color": {
            "normal": "#ffe29f",
            "pressed": "#ffdd8f",
            "dimmed": "#ffe29f"
        },
        "button1.text.color": {
            "normal": "#ffffff",
            "dimmed": "#66ffffff"
        },
        "button2.text.color": {
            "normal": "#6f3e2e",
            "dimmed": "#666f3e2e"
        }
    },
    "invitemember.tab.item": {
        "icon.tintcolor": "#7b4919",
        "background.image": {
            "normal": "gnb_bg_addfriend_normal.9.png",
            "pressed": "gnb_bg_addfriend_pressed.9.png"
        },
        "text.color": "#7b4919"
    },
    "chathistory.music.recv.msg": {
        "title.text.color": "#514037",
        "playlist.default.image": "chatroom_ic_music_playlist.png",
        "playbtn.default.image": "chatroom_music_play_default.png",
        "playing.image": "chatroom_music_bar_playing.png",
        "playbtn.background.pressed.image": "chatroom_music_bar_pressed.png",
        "stopbtn.default.image": "chatroom_music_stop_default.png",
        "playbtn.pressed.image": "chatroom_music_play_pressed.png",
        "playbtn.background.default.image": "chatroom_music_bar_default.png",
        "typename.text.color": "#978d87",
        "topic.default.image": "chatroom_ic_music_topic.png",
        "service.text.color": "#978d87",
        "loading.image": "chatroom_music_loading.png",
        "artist.text.color": "#978d87",
        "stopbtn.pressed.image": "chatroom_music_stop_pressed.png"
    },
    "myhome.post.bottom": {
        "commentText.color": "#6f3e2e",
        "commentIcon.image": {
            "normal": "timeline_ic_postcomment.png",
            "selected": "timeline_ic_postcomment.png"
        },
        "likeText.color": "#6f3e2e",
        "likeIcon.image": {
            "normal": "timeline_ic_postlike_off.png",
            "selected": "timeline_ic_postlike_on.png"
        },
        "likeCountText.color": "#6f3e2e",
        "commentCountText.color": "#6f3e2e"
    },
    "chathistory.balloon.recv": {"background.image": {
        "normal": "chatroom_balloon_rec_normal.9.png",
        "pressed": "chatroom_balloon_rec_pressed.9.png"
    }},
    "chathistory.memberlist.area": {"background.color": "#e5ffd683"},
    "chathistory.contact.send.msg": {
        "arrow.tintcolor": "#caab64",
        "text.color": "#51391e"
    },
    "tabBar.item.friend": {
        "normal.image": "gnb_ic_friends_normal.png",
        "selected.image": "gnb_ic_friends_selected.png"
    },
    "moreMenu.item": {
        "addfriend.image": "more_ic_addfriends.png",
        "newIcon.image": "more_ic_new.png",
        "setting.image": "more_ic_settings.png",
        "background.color": {
            "normal": "#fffde7",
            "pressed": "#fdf9d4"
        },
        "text.color": "#6f3e2e"
    },
    "myhome.list.header": {
        "updateTitleText.color": "#e1c482",
        "updateText.color": "#e1c482",
        "updateTimeText.color": "#e1c482"
    },
    "chathistory.file.send.msg": {
        "file.icon.tintcolor": "#745a32",
        "expire.text.color": "#a88b50",
        "arrow.tintcolor": "#caab64",
        "text.color": "#51391e"
    },
    "chathistory.privatechat.balloon.receive.text": {
        "background.image": {
            "normal": "chatroom_balloon_hidden.9.png",
            "pressed": "chatroom_balloon_hidden.9.png"
        },
        "icon.arrow.tintcolor": "#eddcb4",
        "text.color": "#77493b"
    },
    "common.empty.page": {
        "zero.subtitle.color": "#b79d8a",
        "zerobutton.text.color": "#6f3e2e",
        "call.name.text.color": "#6f3e2e",
        "zero.title.color": "#6f3e2e",
        "zero.image": "zero_img_empty.png",
        "error.subtitle.color": "#b79e96",
        "error.button.background.image": {
            "normal": "button_r07_normal.9.png",
            "pressed": "button_r07_pressed.9.png"
        },
        "call.link.text.color": "#b79d8a",
        "error.button.text.color": "#6f3e2e",
        "zerobutton.background.image": {
            "normal": "button_r07_normal.9.png",
            "pressed": "button_r07_pressed.9.png"
        },
        "error.image": "zero_img_error.png"
    },
    "grouphome.friend.request": {
        "btn.background.color": {
            "normal": "#ffcf6d",
            "pressed": "#ffbf53"
        },
        "btn.text.color": "#7b4919",
        "background.color": "#ffde91",
        "message.text.color": "#7b4919",
        "message.icon.tintcolor": "#7b4919"
    },
    "notification.popup": {
        "setting.checkbox.background.image": {
            "normal": "list_checkbox_img_normal.png",
            "selected": "list_checkbox_img_selected.png"
        },
        "title.logo.tintcolor": "#6f3e2e",
        "title.username.text.color": "#6f3e2e",
        "title.groupname.text.color": "#6f3e2e",
        "title.count.background.image": "popup_noti_img_num_bg.9.png",
        "title.background.image": "popup_noti_bg_top.9.png",
        "title.setting.image.tintcolor": "#6f3e2e",
        "reply.input.bar.background.color": {
            "normal": "#d6d6d6",
            "selected": "#d6d6d6"
        },
        "title.count.text.color": "#ffffff",
        "reply.sendbutton.tintcolor": {
            "normal": "#d6d6d6",
            "pressed": "#6f3e2e",
            "selected": "#8c6558"
        }
    },
    "tabBar.item.call": {
        "normal.image": "gnb_ic_call_normal.png",
        "selected.image": "gnb_ic_call_selected.png"
    },
    "tabBar": {
        "background.image.pattern": true,
        "background.image": "gnb_bg_pattern.png",
        "selectorBar.background.color": "#ffb623",
        "shadow.image": "gnb_gra.9.png"
    },
    "chathistory.attach.item.image": {
        "contact.image": {"normal": "chatroom_attach_ic_info.png"},
        "take.video.image": {"normal": "chatroom_attach_ic_takevideo.png"},
        "choose.video.image": {"normal": "chatroom_attach_ic_chooesvideo.png"},
        "take.photo.image": {"normal": "chatroom_attach_ic_takephoto.png"},
        "choose.photo.image": {"normal": "chatroom_attach_ic_photo.png"},
        "audio.image": {"normal": "chatroom_attach_ic_voicemessage.png"},
        "location.image": {"normal": "chatroom_attach_ic_location.png"}
    },
    "tabBar.item.more": {
        "normal.image": "gnb_ic_more_normal.png",
        "selected.image": "gnb_ic_more_selected.png"
    },
    "chathistory.groupboard.recv.msg": {
        "videoicon.tintcolor": "#978d87",
        "more.text.color": "#978d87",
        "photo.default.tintcolor": "#978d87",
        "photoicon.tintcolor": "#978d87",
        "bottom.background.image": "chatroom_gamemsg_line_rec.9.png",
        "sticker.default.tintcolor": "#978d87",
        "video.default.tintcolor": "#978d87",
        "location.text.color": "#514037",
        "arrow.tintcolor": "#a89f9b",
        "text.color": "#514037",
        "bottom.text.color": "#978d87"
    },
    "myhome.background": {"background.color": "#fffde7"},
    "navigationBar.tab": {"text.color": {
        "normal": "#c59554",
        "selected": "#6f3e2e"
    }},
    "grouphome.member.category": {
        "edit.btn.background.image": {
            "normal": "button_r10_normal.9.png",
            "pressed": "button_r10_pressed.9.png"
        },
        "category.text.color": "#e1c482",
        "category.divider.background.color": "#faefd7",
        "category.count.text.color": "#e1c482",
        "edit.btn.text.color": "#6f3e2e"
    },
    "chathistory.balloon.video.default.send": {"background.color": "#ffdd82"},
    "moreMenu.topbanner.item": {
        "subtext.color": "#b79d8a",
        "arrowIcon.tintcolor": "#d4c3af",
        "background.color": "#fffde7",
        "topDivider.background.color": "#f3efc4",
        "text.color": "#6f3e2e"
    },
    "chathistory.music.send.msg": {
        "title.text.color": "#51391e",
        "playlist.default.image": "chatroom_ic_music_playlist.png",
        "playbtn.default.image": "chatroom_music_play_default.png",
        "playing.image": "chatroom_music_bar_playing.png",
        "playbtn.background.pressed.image": "chatroom_music_bar_pressed.png",
        "stopbtn.default.image": "chatroom_music_stop_default.png",
        "playbtn.pressed.image": "chatroom_music_play_pressed.png",
        "playbtn.background.default.image": "chatroom_music_bar_default.png",
        "typename.text.color": "#977b46",
        "topic.default.image": "chatroom_ic_music_topic.png",
        "service.text.color": "#977b46",
        "loading.image": "chatroom_music_loading.png",
        "artist.text.color": "#977b46",
        "stopbtn.pressed.image": "chatroom_music_stop_pressed.png"
    },
    "grouphome.error": {
        "btn.text.color": "#6f3e2e",
        "sticker.image": "zero_img_error.png",
        "icon.tintcolor": "#f0e0b4",
        "msg.text.color": "#e1c482",
        "btn.text.background.image": {
            "normal": "button_r08_normal.9.png",
            "pressed": "button_r08_pressed.9.png"
        },
        "msg.text.shadow": "#00000000"
    },
    "select.chat.bottom": {
        "button.background.color": {
            "normal": "#ffe29f",
            "pressed": "#ffdd8f"
        },
        "button.icon.tintcolor": "#6f3e2e",
        "button.text.color": {
            "normal": "#6f3e2e",
            "dimmed": "#7f6f3e2e"
        }
    },
    "chathistory.option.item.voip.voice": {
        "background.color": {
            "normal": "#ffd683",
            "pressed": "#ffcf6d"
        },
        "text.color": {
            "normal": "#6f3e2e",
            "dimmed": "#666f3e2e"
        }
    },
    "chathistory.view.common": {
        "background.image.pattern": false,
        "background.image": {
            "normal": "chatroom_bg_normal.png",
            "top": "chatroom_bg_pattern.png",
            "gravity": "right bottom"
        },
        "background.color": "#fffde7"
    },
    "chathistory.input": {
        "inputText.color": "#cc551c0a",
        "photoButton.icon.image": "chatroom_ic_photo.png",
        "inputText.hint": "#4c551c0a",
        "attachButton.icon.image": "chatroom_ic_add.png",
        "background.image": "chatroom_input_bg.9.png",
        "sendButton.background.color": {
            "normal": "#ffcf6d",
            "pressed": "#ffc550"
        },
        "sendButton.tintcolor": "#7b4919",
        "eskButton.icon.image": "chatroom_ic_stickers.png"
    },
    "friendlist.item.common": {
        "new.background.color": {
            "normal": "#fffef4",
            "pressed": "#fdf9d4"
        },
        "checked.background.color": {
            "normal": "#fdf9d4",
            "pressed": "#fdf9d4"
        },
        "background.color": {
            "normal": "#fffde7",
            "pressed": "#fdf9d4"
        }
    },
    "chathistory.privatechat.tooltip": {"text.color": "#6f3e2e"},
    "chathistory.option.item.image": {
        "block.image": "chatroom_option_ic_block.png",
        "timer.image": "chatroom_option_ic_timer_normal.png",
        "recommend.dimmed.image": "chatroom_option_ic_recom_disable.png",
        "edit.group.image": "chatroom_option_ic_editgroup_normal.png",
        "invite.image": "chatroom_option_ic_invite_normal.png",
        "leave.dimmed.image": "chatroom_option_ic_leave_disable.png",
        "leave.image": "chatroom_option_ic_leave_normal.png",
        "line.call.dimmed.image": "chatroom_option_ic_linecall_disable.png",
        "album.image": "chatroom_option_ic_albums_normal.png",
        "recommend.image": "chatroom_option_ic_recom_normal.png",
        "create.group.dimmed.image": "chatroom_option_ic_creategroup_disable.png",
        "timer.dimmed.image": "chatroom_option_ic_timer_disable.png",
        "create.group.image": "chatroom_option_ic_creategroup_normal.png",
        "edit.image": "chatroom_option_ic_edit_normal.png",
        "edit.group.dimmed.image": "chatroom_option_ic_editgroup_disable.png",
        "photo.video.dimmed.image": "chatroom_option_ic_pv_disable.png",
        "notification.on.image": "chatroom_option_ic_noti_on.png",
        "album.dimmed.image": "chatroom_option_ic_albums_disable.png",
        "setting.dimmed.image": "chatroom_option_ic_setting_disable.png",
        "invite.dimmed.image": "chatroom_option_ic_invite_disable.png",
        "notification.off.image": "chatroom_option_ic_noti_off.png",
        "setting.image": "chatroom_option_ic_setting_normal.png",
        "unblock.image": "chatroom_option_ic_unblock.png",
        "photo.video.image": "chatroom_option_ic_pv_normal.png",
        "edit.dimmed.image": "chatroom_option_ic_edit_disable.png",
        "line.call.image": "chatroom_option_ic_linecall_normal.png",
        "photo.image": "chatroom_option_ic_pv_normal.png",
        "send.gift.dimmed.image": "chatroom_option_ic_gift_disable.png",
        "send.gift.image": "chatroom_option_ic_gift_normal.png"
    },
    "myhome.write.post": {
        "icon.tintcolor": "#6f3e2e",
        "text.color": "#6f3e2e"
    },
    "chathistory.gift.send.msg": {
        "background.image": "chatroom_balloon_gift_send.9.png",
        "text.color": "#51391e"
    },
    "chathistory.voip.send.msg": {
        "icon.tintcolor": "#51391e",
        "linecall.text.color": "#51391e",
        "text.color": "#51391e"
    },
    "chathistory.privatechat.header.banner.item": {
        "icon.tintcolor": "#6f3e2e",
        "text.color": "#6f3e2e"
    },
    "view.common": {"background.color": "#fffde7"},
    "chathistory.groupboard.tip": {"text.color": "#6f3e2e"},
    "search.chat.highlightColor": {
        "chatList.text.color": "#ff4000",
        "receiveMessage.text.color": "#ff6b3a",
        "sendMessage.text.color": "#ff6b3a"
    },
    "myhome.cover": {
        "officialHomeProfileText.color": "#6f3e2e",
        "officialHomeProfileArrow.tintcolor": {
            "normal": "#6f3e2e",
            "pressed": "#6f3e2e"
        }
    },
    "navigationBar": {
        "title.text.color": "#6f3e2e",
        "button.background.color": {
            "normal": "#00000000",
            "pressed": "#00000000"
        },
        "badge.text.color": "#ffffff",
        "button.tintcolor": {
            "normal": "#6f3e2e",
            "pressed": "#c59554",
            "dimmed": "#c59554",
            "selected": "#6f3e2e"
        },
        "background.image": "header_bg.9.png",
        "badge.new.image": "header_ic_new.png",
        "button.text.color": {
            "normal": "#6f3e2e",
            "pressed": "#c59554",
            "dimmed": "#c59554",
            "selected": "#6f3e2e"
        },
        "title.button.tintcolor": "#6f3e2e",
        "status.background.color": "#e4ae5b",
        "badge.count.background.image": "header_num_bg.9.png"
    },
    "chathistory.voice.recv.msg": {
        "speak.expire.image": "chatroom_ic_voicemsg_rec_x.png",
        "bottom.background.image": "chatroom_voicemsg_line_w_rec.9.png",
        "colon.tintcolor": {
            "normal": "#74665f",
            "selected": "#514037"
        },
        "seperator.image": "chatroom_voicemsg_line_h_rec.9.png",
        "speak3.image": "chatroom_ic_voicemsg_rec_03.png",
        "speak1.image": "chatroom_ic_voicemsg_rec_01.png",
        "share.image": {
            "normal": "chatroom_ic_voicemsg_rec_share.png",
            "selected": "chatroom_ic_voicemsg_rec_share_pressed.png"
        },
        "play.image": {
            "normal": "chatroom_ic_voicemsg_rec_play.png",
            "selected": "chatroom_ic_voicemsg_rec_play_pressed.png"
        },
        "speak.image": "chatroom_ic_voicemsg_rec_00.png",
        "pause.image": {
            "normal": "chatroom_ic_voicemsg_rec_pause.png",
            "selected": "chatroom_ic_voicemsg_rec_pause_pressed.png"
        },
        "speak2.image": "chatroom_ic_voicemsg_rec_02.png",
        "text.color": {
            "normal": "#74665f",
            "selected": "#514037"
        }
    },
    "tabBar.item.timeline": {
        "highlight.image": "gnb_ic_timeline_new.png",
        "normal.image": "gnb_ic_timeline_normal.png",
        "selected.image": "gnb_ic_timeline_selected.png"
    },
    "grouphome.member.profile": {
        "add.btn.icon.tintcolor": "#6f3e2e",
        "profile.name.text.color": "#6f3e2e"
    },
    "addFriend.tab.item": {
        "background.image": {
            "normal": "gnb_bg_addfriend_normal.9.png",
            "pressed": "gnb_bg_addfriend_pressed.9.png"
        },
        "text.color": "#7b4919"
    },
    "chathistory.voice.send.msg": {
        "speak.expire.image": "chatroom_ic_voicemsg_send_x.png",
        "bottom.background.image": "chatroom_voicemsg_line_w_send.9.png",
        "colon.tintcolor": {
            "normal": "#745a32",
            "selected": "#51391e"
        },
        "seperator.image": "chatroom_voicemsg_line_h_send.9.png",
        "speak3.image": "chatroom_ic_voicemsg_send_03.png",
        "speak1.image": "chatroom_ic_voicemsg_send_01.png",
        "share.image": {
            "normal": "chatroom_ic_voicemsg_send_share.png",
            "selected": "chatroom_ic_voicemsg_send_share_pressed.png"
        },
        "play.image": {
            "normal": "chatroom_ic_voicemsg_send_play.png",
            "selected": "chatroom_ic_voicemsg_send_play_pressed.png"
        },
        "speak.image": "chatroom_ic_voicemsg_send_00.png",
        "pause.image": {
            "normal": "chatroom_ic_voicemsg_send_pause.png",
            "selected": "chatroom_ic_voicemsg_send_pause_pressed.png"
        },
        "speak2.image": "chatroom_ic_voicemsg_send_02.png",
        "text.color": {
            "normal": "#745a32",
            "selected": "#51391e"
        }
    },
    "chathistory.option.item.voip.voice.image": {
        "voice.call.dimmed.image": "chatroom_option_ic_freecall_disable.png",
        "voice.call.image": "chatroom_option_ic_freecall_normal.png"
    },
    "chathistory.onair": {
        "background.image": "chatroom_onair_bg.9.png",
        "subtext.color": "#6f3e2e",
        "text.color": "#6f3e2e"
    },
    "chathistory.voip.recv.msg": {
        "icon.tintcolor": "#514037",
        "linecall.text.color": "#514037",
        "text.color": "#514037"
    },
    "moreMenu.view": {"background.color": "#fffde7"},
    "myhome.post.header": {
        "groupBtn.popup.arrow.tintcolor": "#d79b41",
        "nameText.color": "#6f3e2e",
        "groupBtn.background.image": {
            "normal": "button_r09_normal.9.png",
            "pressed": "button_r09_pressed.9.png"
        },
        "groupBtn.text.color": "#b79e96",
        "groupBtn.popup.background.image": "timeline_img_bg_see_bg01.9.png",
        "sharePostMessage.color": "#6f3e2e",
        "groupBtn.popup.pressed.reverse.background.image": {
            "normal": "",
            "pressed": "timeline_img_bg_see_bg02_pressed.9.png"
        },
        "groupBtn.popup.divider.background.color": "#ffbf53",
        "groupBtn.icon.tintcolor": "#b79e96",
        "groupBtn.popup.reverse.background.image": "timeline_img_bg_see_bg02.9.png",
        "timeText.color": "#888888",
        "groupBtn.popup.detail.text.color": "#956125",
        "groupBtn.popup.pressed.background.image": {
            "normal": "",
            "pressed": "timeline_img_bg_see_bg01_pressed.9.png"
        },
        "groupBtn.popup.text.color": "#7b4919"
    },
    "chathistory.balloon.text.recv": {"background.image": {
        "normal": "chatroom_balloon_rec_normal.9.png",
        "padding": "16.5 5 10.5 8",
        "pressed": "chatroom_balloon_rec_pressed.9.png"
    }},
    "timeline.list.newpost": {
        "background.image": {
            "normal": "timeline_newpost_btn.9.png",
            "pressed": "timeline_newpost_btn_pressed.9.png"
        },
        "text.color": "#7b4919"
    },
    "chathistory.gift.recv.msg": {
        "button.background.image": {
            "normal": "button_r07_normal.9.png",
            "pressed": "button_r07_pressed.9.png"
        },
        "background.image": "chatroom_balloon_gift_rec.9.png",
        "button.text.color": "#6f3e2e",
        "button.text.shadow": "#00000000",
        "text.color": "#514037"
    },
    "grouphome.empty": {
        "empty.album.icon.image.tintcolor": "#f0e0b4",
        "empty.btn.text.color": "#6f3e2e",
        "empty.note.icon.image.tintcolor": "#f0e0b4",
        "empty.btn.background.image": {
            "normal": "button_r08_normal.9.png",
            "pressed": "button_r08_pressed.9.png"
        },
        "empty.text.color": "#e1c482"
    },
    "multi.userselect": {
        "name.text.color": "#6f3e2e",
        "background.color": "#ffcf6d"
    },
    "chathistory.link.recv.msg": {
        "bottom.background.image": "chatroom_gamemsg_line_rec.9.png",
        "detail.text.color": "#978d87",
        "arrow.tintcolor": "#a89f9b",
        "text.color": "#514037"
    },
    "timeline.userrecall": {
        "recalled.user.text.color": "#ff6b3a",
        "recall.user.text.color": "#ffffff",
        "suggest.dialog.text.color": "#ff6b3a",
        "recall.user.text.background.color": "#ff6b3a"
    },
    "searchBar": {
        "underbar.background.color": {
            "normal": "#f5f2cb",
            "selected": "#f5f2cb"
        },
        "text.hint": "#c9b38e",
        "search.icon.image": "list_ic_search.png",
        "cancel.icon.tintcolor": "#d1bca1",
        "text.color": "#5c5b57"
    },
    "chathistory.groupboard.send.msg": {
        "videoicon.tintcolor": "#a88b50",
        "more.text.color": "#a88b50",
        "photo.default.tintcolor": "#a88b50",
        "photoicon.tintcolor": "#a88b50",
        "bottom.background.image": "chatroom_gamemsg_line_send.9.png",
        "sticker.default.tintcolor": "#a88b50",
        "video.default.tintcolor": "#a88b50",
        "location.text.color": "#51391e",
        "arrow.tintcolor": "#caab64",
        "text.color": "#51391e",
        "bottom.text.color": "#a88b50"
    },
    "chathistory.privatechat.common": {
        "name.text.color": "#e1c482",
        "timer.text.color": "#e1c482",
        "autoresend.icon.tintcolor": "#e1c482",
        "time.text.color": "#e1c482"
    },
    "select.chat.tab": {
        "background.image": "gnb_bg_select.9.png",
        "selectorBar.background.color": "#6f3e2e",
        "text.shadow": "#00000000",
        "text.color": {
            "normal": "#a1734c",
            "selected": "#6f3e2e"
        }
    },
    "chathistory.input.sendButton.selectType": {
        "icon.tintcolor": {
            "normal": "#a98b82",
            "selected": "#6f3e2e"
        },
        "text.color": {
            "normal": "#a98b82",
            "selected": "#6f3e2e"
        }
    },
    "chathistory.option.item.voip.video.image": {
        "video.call.image": "chatroom_option_ic_videocall_normal.png",
        "video.call.dimmed.image": "chatroom_option_ic_videocall_disable.png"
    },
    "moreMenu.lower.item": {
        "newIcon.image": "more_ic_new.png",
        "icon.tintcolor": "#6f3e2e",
        "background.color": {
            "normal": "#fffde7",
            "pressed": "#fdf9d4"
        },
        "text.color": "#6f3e2e"
    },
    "list.common": {"divider.background.color": "#faefd7"},
    "chathistory.balloon.send": {"background.image": {
        "normal": "chatroom_balloon_send_normal.9.png",
        "pressed": "chatroom_balloon_send_pressed.9.png"
    }},
    "navigationBar.search": {
        "back.icon.tintcolor": {
            "normal": "#6f3e2e",
            "pressed": "#c59554"
        },
        "underbar.background.color": "#ffc338",
        "background.image": "header_bg.9.png",
        "text.hint": "#bd954e",
        "cancel.icon.tintcolor": "#6f3e2e",
        "text.color": "#51361a"
    },
    "album.detail.menu": {
        "checked.icon.tintcolor": "#6f3e2e",
        "item.color": {
            "normal": "#c59554",
            "selected": "#6f3e2e"
        }
    },
    "friendlist.item": {
        "phoneIcon.tintcolor": {
            "normal": "#c5b19d",
            "pressed": "#ddcfbb"
        },
        "phoneNumberText.color": "#b79e91",
        "nameText.color": "#6f3e2e",
        "phoneIcon.background.tintcolor": {
            "normal": "#f8f0d6",
            "pressed": "#f0e2c1"
        },
        "addFriend.background.tintcolor": {
            "normal": "#f5eacf",
            "pressed": "#eedfb9"
        },
        "arrowIcon.tintcolor": "#f0e0b4",
        "moreButton.text.color": "#6f3e2e",
        "updateIcon.tintcolor": "#ff4000",
        "addInviteButton.background.image": {
            "normal": "button_r10_normal.9.png",
            "pressed": "button_r10_pressed.9.png"
        },
        "addFriend.icon.tintcolor": "#bda27c",
        "descriptionText.color": "#b79e91",
        "statusText.color": "#b79e91",
        "checkboxOff.image": "list_checkbox_img_normal.png",
        "checkboxOn.image": "list_checkbox_img_selected.png",
        "addInviteButton.color": "#6f3e2e",
        "moreButton.background.image": {
            "normal": "button_r01_normal.9.png",
            "pressed": "button_r01_pressed.9.png"
        }
    },
    "chathistory.option.item": {
        "button.background.color": {
            "normal": "#ffd683",
            "pressed": "#ffcf6d"
        },
        "bottom.divider.background.color": "#ffc338",
        "text.color": {
            "normal": "#6f3e2e",
            "dimmed": "#666f3e2e"
        }
    },
    "profile.thumbnail": {
        "group.small.image": "group_thumbnail_small.png",
        "single.big.image": "user_thumbnail_large_00.png",
        "group.big.image": "group_thumbnail_large.png",
        "single.small.image": "user_thumbnail_small_00.png"
    },
    "chathistory.privatechat.view.common": {"background.image": "chatroom_bg_hidden.9.png"},
    "main.view.common": {"background.color": "#fffde7"},
    "chathistory.input.voice": {
        "voip.background.color": {
            "normal": "#ffe29f",
            "pressed": "#ffdd8f"
        },
        "voip.icon.tintcolor": "#7b4919",
        "voip.text.color": "#7b4919",
        "close.background.color": {
            "normal": "#ffcf6d",
            "pressed": "#ffc550"
        },
        "close.icon.tintcolor": "#7b4919"
    },
    "manifest": {
        "schemaVersion": 1,
        "provider": {
            "name": "LINE Corporation",
            "url": "http://www.linecorp.com"
        },
        "themeVersion": "5.10.0",
        "name": "Kamonohashikamo",
        "platform": "Android",
        "revision": 6,
        "quality": 85
    },
    "noticenter2": {
        "title.text.color": "#b79e96",
        "arrow.icon.image": "timeline_img_tabarrow.png",
        "background.color": "#ffffff",
        "more.icon.tintcolor": "#b79e96"
    },
    "chathistory.link.send.msg": {
        "bottom.background.image": "chatroom_gamemsg_line_send.9.png",
        "detail.text.color": "#a88b50",
        "arrow.tintcolor": "#caab64",
        "text.color": "#51391e"
    },
    "chathistory.spammer": {
        "name.text.color": "#6f3e2e",
        "button.background.image": {
            "normal": "button_r06_normal.9.png",
            "pressed": "button_r06_pressed.9.png"
        },
        "background.image": "chatroom_onair_bg.9.png",
        "button.text.color": "#6f3e2e",
        "text.color": "#6f3e2e"
    },
    "navigationBar.moreMenu": {"item.text.color": "#6f3e2e"},
    "tabBar.item": {
        "badge.text.color": "#ffffff",
        "badge.background.image": "gnb_num_bg.9.png"
    },
    "chathistory.balloon.video.default.recv": {"background.color": "#ffffff"},
    "addFriend.tab.addGroup": {
        "icon.background.tintcolor": "#f5eacf",
        "icon.tintcolor": "#6f3e2e",
        "subtext.color": "#7f6f3e2e",
        "updateButton.tintcolor": {
            "normal": "#f5eacf",
            "pressed": "#eedfb9"
        },
        "addButton.text.color": "#6f3e2e",
        "background.color": {
            "normal": "#fffde7",
            "pressed": "#fdf9d4"
        },
        "addButton.background.tintcolor": {
            "normal": "#f5eacf",
            "pressed": "#eedfb9"
        },
        "arrow.tintcolor": "#f0e0b4",
        "text.color": "#6f3e2e"
    },
    "chathistory.contact.recv.msg": {
        "arrow.tintcolor": "#a89f9b",
        "text.color": "#514037"
    },
    "myhome.lineend.smiley": {"smiley.tintcolor": "#6f3e2e"},
    "splash": {
        "splash.background.image": {
            "normal": "splash_bg.png",
            "top": [
                "splash_img.png",
                "splash_logo.png"
            ],
            "gravity": [
                "center",
                "bottom"
            ]
        },
        "background.color": "#fffcda"
    },
    "passcode": {
        "number.background.tintcolor": {
            "normal": "#ffcf6d",
            "pressed": "#ffc550"
        },
        "passcode3.input.image": "password_ic_03_on.png",
        "passcode2.background.image": "password_ic_02_off.png",
        "passcode1.input.image": "password_ic_01_on.png",
        "number.text.tintcolor": "#693700",
        "passcode2.input.image": "password_ic_02_on.png",
        "passcode4.background.image": "password_ic_04_off.png",
        "background.color": "#ffcf6d",
        "top.background.color": "#fffde7",
        "text.color": "#693700",
        "infotext.color": "#b49a73",
        "passcode1.background.image": "password_ic_01_off.png",
        "number.delete.tintcolor": {
            "normal": "#693700",
            "pressed": "#693700"
        },
        "passcode3.background.image": "password_ic_03_off.png",
        "number.cancel.text.color": {
            "normal": "#693700",
            "pressed": "#f7693700"
        },
        "passcode4.input.image": "password_ic_04_on.png"
    },
    "myhome.post.body": {"text.color": "#323232"}
}