{
    "calllist.item": {
        "dateText.color": "#d1ace6",
        "phoneIcon.tintcolor": {
            "normal": "#c799e1",
            "pressed": "#b986d6"
        },
        "nameText.color": "#73617b",
        "phoneIcon.background.tintcolor": {
            "normal": "#ead1f6",
            "pressed": "#debdef"
        },
        "dateIcon.tintcolor": "#d1ace6"
    },
    "chathistory.attach.header": {
        "background.image": "header_bg.9.png",
        "text.color": "#ffffff"
    },
    "friendlist.category": {
        "textSeeAll.color": "#d9c8e0",
        "arrowClose.tintcolor": "#e9daee",
        "arrowOpen.tintcolor": "#e9daee",
        "textSeeAll.arrow.tintcolor": "#d9c8e0",
        "background.color": "#fdfaff",
        "text.color": "#d9c8e0"
    },
    "chathistory.file.recv.msg": {
        "file.icon.tintcolor": "#8d749d",
        "expire.text.color": "#959097",
        "arrow.tintcolor": "#e4d0f0",
        "text.color": "#564c5b"
    },
    "tabBar.item.talk": {
        "normal.image": "gnb_ic_chats_normal.png",
        "selected.image": "gnb_ic_chats_selected.png"
    },
    "chathistory.text.send.msg": {"text.color": "#564c5b"},
    "grouphome.main": {
        "tab.text.color": "#e3cdf0",
        "moreTab.icon.tintcolor": {
            "normal": "#ffffff",
            "pressed": "#e3cdf0"
        },
        "albumCreateBtn.image": {
            "normal": "group_ic_postalbum.png",
            "pressed": "group_ic_postalbum_pressed.png"
        },
        "selectedTab.text.color": "#ffffff",
        "tab.background.color": "#d1ace6",
        "postWriteBtn.image": {
            "normal": "group_ic_writepost.png",
            "pressed": "group_ic_writepost_pressed.png"
        },
        "tabBottomLine.background.color": "#bb86d9"
    },
    "chathistory.option.item.voip.video": {
        "background.color": {
            "normal": "#e3c9f1",
            "pressed": "#dec0ee"
        },
        "text.color": {
            "normal": "#fefcfe",
            "dimmed": "#66fefcfe"
        }
    },
    "chathistory.text.recv.msg": {"text.color": "#564c5b"},
    "addFriend.tab.icon": {
        "idsearch.image": "gnb_ic_search.png",
        "invite.image": "gnb_ic_contacts.png",
        "qrcode.image": "gnb_ic_qrcode.png",
        "shakeit.image": "gnb_ic_shakeit.png"
    },
    "chathistory.balloon.text.send": {"background.image": {
        "normal": "chatroom_balloon_send_normal.9.png",
        "padding": "11 5.5 16 7.5",
        "pressed": "chatroom_balloon_send_pressed.9.png"
    }},
    "friendlist.common": {"noresult.text.color": "#997daa"},
    "chatlist.item": {
        "messageText.color": "#bfb5c3",
        "nameText.color": "#73617b",
        "newIcon.image": "list_category_chat_new.png",
        "timeText.color": "#d5b8e5",
        "muteIcon.tintcolor": "#d5d3d6",
        "messageCountText.color": "#ffffff",
        "messageCountText.background.image": "list_category_chat_num.9.png"
    },
    "chathistory.attach.item": {
        "icon.tintcolor": "#f9f4fc",
        "external.icon.tintcolor": "#f1e4f8",
        "background.color": {
            "normal": "#e3c9f1",
            "pressed": "#dec0ee"
        },
        "text.color": "#fefcfe"
    },
    "chathistory.common": {
        "datebar.background.image": "chatroom_date.9.png",
        "soundsticker.icon.tintcolor": "#e4d4f0",
        "autoresend.icon.tintcolor": "#e1d0ee",
        "checkBox.image": {
            "normal": "list_checkbox_img_normal.png",
            "selected": "list_checkbox_img_selected.png"
        },
        "time.color": "#e4d4f0",
        "name.color": "#d1b3e3",
        "datebar.text.color": "#ffffff"
    },
    "bottom.button.common": {
        "button1.background.color": {
            "normal": "#ffc9cd",
            "pressed": "#ffb9be",
            "dimmed": "#ffc9cd"
        },
        "button2.background.color": {
            "normal": "#e3c9f1",
            "pressed": "#dec0ee",
            "dimmed": "#e3c9f1"
        },
        "button1.text.color": {
            "normal": "#ffffff",
            "dimmed": "#7fffffff"
        },
        "button2.text.color": {
            "normal": "#ffffff",
            "dimmed": "#7fffffff"
        }
    },
    "invitemember.tab.item": {
        "icon.tintcolor": "#ffffff",
        "background.image": {
            "normal": "gnb_bg_addfriend.9.png",
            "pressed": "gnb_bg_addfriend_pressed.9.png"
        },
        "text.color": "#ffffff"
    },
    "chathistory.music.recv.msg": {
        "title.text.color": "#564c5b",
        "playlist.default.image": "chatroom_ic_music_playlist.png",
        "playbtn.default.image": "chatroom_music_play_default.png",
        "playing.image": "chatroom_music_bar_playing.png",
        "playbtn.background.pressed.image": "chatroom_music_bar_pressed.png",
        "stopbtn.default.image": "chatroom_music_stop_default.png",
        "playbtn.pressed.image": "chatroom_music_play_pressed.png",
        "playbtn.background.default.image": "chatroom_music_bar_default.png",
        "typename.text.color": "#959097",
        "topic.default.image": "chatroom_ic_music_topic.png",
        "service.text.color": "#959097",
        "loading.image": "chatroom_music_loading.png",
        "artist.text.color": "#959097",
        "stopbtn.pressed.image": "chatroom_music_stop_pressed.png"
    },
    "myhome.post.bottom": {
        "commentText.color": "#d1ace6",
        "commentIcon.image": {
            "normal": "timeline_ic_postcomment.png",
            "selected": "timeline_ic_postcomment.png"
        },
        "likeText.color": "#d1ace6",
        "likeIcon.image": {
            "normal": "timeline_ic_postlike_off.png",
            "selected": "timeline_ic_postlike_on.png"
        },
        "likeCountText.color": "#d1ace6",
        "commentCountText.color": "#d1ace6"
    },
    "chathistory.balloon.recv": {"background.image": {
        "normal": "chatroom_balloon_rec_normal.9.png",
        "pressed": "chatroom_balloon_rec_pressed.9.png"
    }},
    "chathistory.memberlist.area": {"background.color": "#e5e3c9f1"},
    "chathistory.contact.send.msg": {
        "arrow.tintcolor": "#dbbeeb",
        "text.color": "#564c5b"
    },
    "tabBar.item.friend": {
        "normal.image": "gnb_ic_friends_normal.png",
        "selected.image": "gnb_ic_friends_selected.png"
    },
    "moreMenu.item": {
        "addfriend.image": "more_ic_addfriends.png",
        "newIcon.image": "more_ic_new.png",
        "setting.image": "more_ic_settings.png",
        "background.color": {
            "normal": "#fdfaff",
            "pressed": "#faf3ff"
        },
        "text.color": "#d8b8ea"
    },
    "myhome.list.header": {
        "updateTitleText.color": "#997daa",
        "updateText.color": "#997daa",
        "updateTimeText.color": "#d4c6dd"
    },
    "chathistory.file.send.msg": {
        "file.icon.tintcolor": "#8a6d9b",
        "expire.text.color": "#9d90a3",
        "arrow.tintcolor": "#dbbeeb",
        "text.color": "#564c5b"
    },
    "chathistory.privatechat.balloon.receive.text": {
        "background.image": {
            "normal": "chatroom_balloon_hidden.9.png",
            "pressed": "chatroom_balloon_hidden.9.png"
        },
        "icon.arrow.tintcolor": "#dcc2eb",
        "text.color": "#564c5b"
    },
    "common.empty.page": {
        "zero.subtitle.color": "#d4c6dd",
        "zerobutton.text.color": "#ffffff",
        "call.name.text.color": "#73617b",
        "zero.title.color": "#997daa",
        "zero.image": "zero_img_empty.png",
        "error.subtitle.color": "#d4c6dd",
        "error.button.background.image": {
            "normal": "button_r07_normal.9.png",
            "pressed": "button_r07_pressed.9.png"
        },
        "call.link.text.color": "#d4c6dd",
        "error.button.text.color": "#ffffff",
        "zerobutton.background.image": {
            "normal": "button_r07_normal.9.png",
            "pressed": "button_r07_pressed.9.png"
        },
        "error.image": "zero_img_error.png"
    },
    "grouphome.friend.request": {
        "btn.background.color": {
            "normal": "#d1ace6",
            "pressed": "#c79ee0"
        },
        "btn.text.color": "#ffffff",
        "background.color": "#f8e8fd",
        "message.text.color": "#73617b",
        "message.icon.tintcolor": "#73617b"
    },
    "notification.popup": {
        "setting.checkbox.background.image": {
            "normal": "list_checkbox_img_normal.png",
            "selected": "list_checkbox_img_selected.png"
        },
        "title.logo.tintcolor": "#ffffff",
        "title.username.text.color": "#ffffff",
        "title.groupname.text.color": "#ffffff",
        "title.count.background.image": "popup_noti_img_num_bg.9.png",
        "title.background.image": "popup_noti_bg_top.9.png",
        "title.setting.image.tintcolor": "#ffffff",
        "reply.input.bar.background.color": {
            "normal": "#d6d6d6",
            "selected": "#d6d6d6"
        },
        "title.count.text.color": "#ffffff",
        "reply.sendbutton.tintcolor": {
            "normal": "#d6d6d6",
            "pressed": "#c9a1e1",
            "selected": "#dabdeb"
        }
    },
    "tabBar.item.call": {
        "normal.image": "gnb_ic_call_normal.png",
        "selected.image": "gnb_ic_call_selected.png"
    },
    "tabBar": {
        "background.image.pattern": true,
        "background.image": "gnb_bg_pattern.png",
        "selectorBar.background.color": "#d1ace6",
        "shadow.image": "gnb_gra.9.png"
    },
    "chathistory.attach.item.image": {
        "contact.image": {"normal": "chatroom_attach_ic_info.png"},
        "take.video.image": {"normal": "chatroom_attach_ic_takevideo.png"},
        "choose.video.image": {"normal": "chatroom_attach_ic_chooesvideo.png"},
        "take.photo.image": {"normal": "chatroom_attach_ic_takephoto.png"},
        "choose.photo.image": {"normal": "chatroom_attach_ic_photo.png"},
        "audio.image": {"normal": "chatroom_attach_ic_voicemessage.png"},
        "location.image": {"normal": "chatroom_attach_ic_location.png"}
    },
    "tabBar.item.more": {
        "normal.image": "gnb_ic_more_normal.png",
        "selected.image": "gnb_ic_more_selected.png"
    },
    "chathistory.groupboard.recv.msg": {
        "videoicon.tintcolor": "#959097",
        "more.text.color": "#959097",
        "photo.default.tintcolor": "#959097",
        "photoicon.tintcolor": "#959097",
        "bottom.background.image": "chatroom_gamemsg_line_rec.9.png",
        "sticker.default.tintcolor": "#959097",
        "video.default.tintcolor": "#959097",
        "location.text.color": "#564c5b",
        "arrow.tintcolor": "#e4d0f0",
        "text.color": "#564c5b",
        "bottom.text.color": "#959097"
    },
    "myhome.background": {"background.color": "#f9f2fd"},
    "navigationBar.tab": {"text.color": {
        "normal": "#e8d6f3",
        "selected": "#ffffff"
    }},
    "grouphome.member.category": {
        "edit.btn.background.image": {
            "normal": "button_r10_normal.9.png",
            "pressed": "button_r10_pressed.9.png"
        },
        "category.text.color": "#73617b",
        "category.divider.background.color": "#e8d9f4",
        "category.count.text.color": "#73617b",
        "edit.btn.text.color": "#ffffff"
    },
    "chathistory.balloon.video.default.send": {"background.color": "#eddbf5"},
    "moreMenu.topbanner.item": {
        "subtext.color": "#d1ace6",
        "arrowIcon.tintcolor": "#e8d4f3",
        "background.color": "#fdfaff",
        "topDivider.background.color": "#efe2f9",
        "text.color": "#866695"
    },
    "chathistory.music.send.msg": {
        "title.text.color": "#564c5b",
        "playlist.default.image": "chatroom_ic_music_playlist.png",
        "playbtn.default.image": "chatroom_music_play_default.png",
        "playing.image": "chatroom_music_bar_playing.png",
        "playbtn.background.pressed.image": "chatroom_music_bar_pressed.png",
        "stopbtn.default.image": "chatroom_music_stop_default.png",
        "playbtn.pressed.image": "chatroom_music_play_pressed.png",
        "playbtn.background.default.image": "chatroom_music_bar_default.png",
        "typename.text.color": "#9d90a3",
        "topic.default.image": "chatroom_ic_music_topic.png",
        "service.text.color": "#928599",
        "loading.image": "chatroom_music_loading.png",
        "artist.text.color": "#9d90a3",
        "stopbtn.pressed.image": "chatroom_music_stop_pressed.png"
    },
    "grouphome.error": {
        "btn.text.color": "#ffffff",
        "sticker.image": "zero_img_error.png",
        "icon.tintcolor": "#e6dced",
        "msg.text.color": "#d4c6dd",
        "btn.text.background.image": {
            "normal": "button_r07_normal.9.png",
            "pressed": "button_r07_pressed.9.png"
        },
        "msg.text.shadow": "#00000000"
    },
    "select.chat.bottom": {
        "button.background.color": {
            "normal": "#e3c9f1",
            "pressed": "#dec0ee"
        },
        "button.icon.tintcolor": "#ffffff",
        "button.text.color": {
            "normal": "#ffffff",
            "dimmed": "#7fffffff"
        }
    },
    "chathistory.option.item.voip.voice": {
        "background.color": {
            "normal": "#e3c9f1",
            "pressed": "#dec0ee"
        },
        "text.color": {
            "normal": "#fefcfe",
            "dimmed": "#66fefcfe"
        }
    },
    "chathistory.view.common": {
        "background.image.pattern": true,
        "background.image": {"normal": "chatroom_bg_pattern.png"}
    },
    "chathistory.input": {
        "inputText.color": "#73647a",
        "photoButton.icon.image": "chatroom_ic_photo.png",
        "inputText.hint": "#c6b2d1",
        "attachButton.icon.image": "chatroom_ic_add.png",
        "background.image": "chatroom_input_bg.9.png",
        "sendButton.background.color": {
            "normal": "#d1ace6",
            "pressed": "#c79ee0"
        },
        "sendButton.tintcolor": "#ffffff",
        "eskButton.icon.image": "chatroom_ic_stickers.png"
    },
    "friendlist.item.common": {
        "new.background.color": {
            "normal": "#fffef9",
            "pressed": "#fffcee"
        },
        "checked.background.color": {
            "normal": "#fcf6ff",
            "pressed": "#fcf6ff"
        },
        "background.color": {
            "normal": "#fdfaff",
            "pressed": "#fcf6ff"
        }
    },
    "chathistory.privatechat.tooltip": {"text.color": "#73617b"},
    "chathistory.option.item.image": {
        "block.image": "chatroom_option_ic_block.png",
        "timer.image": "chatroom_option_ic_timer_normal.png",
        "recommend.dimmed.image": "chatroom_option_ic_recom_disable.png",
        "edit.group.image": "chatroom_option_ic_editgroup_normal.png",
        "invite.image": "chatroom_option_ic_invite_normal.png",
        "leave.dimmed.image": "chatroom_option_ic_leave_disable.png",
        "leave.image": "chatroom_option_ic_leave_normal.png",
        "line.call.dimmed.image": "chatroom_option_ic_linecall_disable.png",
        "album.image": "chatroom_option_ic_albums_normal.png",
        "recommend.image": "chatroom_option_ic_recom_normal.png",
        "create.group.dimmed.image": "chatroom_option_ic_creategroup_disable.png",
        "timer.dimmed.image": "chatroom_option_ic_timer_disable.png",
        "create.group.image": "chatroom_option_ic_creategroup_normal.png",
        "edit.image": "chatroom_option_ic_edit_normal.png",
        "edit.group.dimmed.image": "chatroom_option_ic_editgroup_disable.png",
        "photo.video.dimmed.image": "chatroom_option_ic_pv_disable.png",
        "notification.on.image": "chatroom_option_ic_noti_on.png",
        "album.dimmed.image": "chatroom_option_ic_albums_disable.png",
        "setting.dimmed.image": "chatroom_option_ic_setting_disable.png",
        "invite.dimmed.image": "chatroom_option_ic_invite_disable.png",
        "notification.off.image": "chatroom_option_ic_noti_off.png",
        "setting.image": "chatroom_option_ic_setting_normal.png",
        "unblock.image": "chatroom_option_ic_unblock.png",
        "photo.video.image": "chatroom_option_ic_pv_normal.png",
        "edit.dimmed.image": "chatroom_option_ic_edit_disable.png",
        "line.call.image": "chatroom_option_ic_linecall_normal.png",
        "photo.image": "chatroom_option_ic_pv_normal.png",
        "send.gift.dimmed.image": "chatroom_option_ic_gift_disable.png",
        "send.gift.image": "chatroom_option_ic_gift_normal.png"
    },
    "myhome.write.post": {
        "icon.tintcolor": "#816692",
        "text.color": "#73617b"
    },
    "chathistory.gift.send.msg": {
        "background.image": "chatroom_balloon_gift_send.9.png",
        "text.color": "#564c5b"
    },
    "chathistory.voip.send.msg": {
        "icon.tintcolor": "#8a6d9b",
        "linecall.text.color": "#564c5b",
        "text.color": "#564c5b"
    },
    "chathistory.privatechat.header.banner.item": {
        "icon.tintcolor": "#816692",
        "text.color": "#73617b"
    },
    "view.common": {"background.color": "#fdfaff"},
    "chathistory.groupboard.tip": {"text.color": "#73617b"},
    "search.chat.highlightColor": {
        "chatList.text.color": "#c9a1e1",
        "receiveMessage.text.color": "#ffeba9",
        "sendMessage.text.color": "#ffeba9"
    },
    "myhome.cover": {
        "officialHomeProfileText.color": "#695572",
        "officialHomeProfileArrow.tintcolor": {
            "normal": "#e4d0f0",
            "pressed": "#e4d0f0"
        }
    },
    "navigationBar": {
        "title.text.color": "#ffffff",
        "button.background.color": {
            "normal": "#d1ace6",
            "pressed": "#d1ace6"
        },
        "badge.text.color": "#ffffff",
        "button.tintcolor": {
            "normal": "#ffffff",
            "pressed": "#e3cdf0",
            "dimmed": "#e3cdf0",
            "selected": "#ffffff"
        },
        "background.image": "header_bg.9.png",
        "badge.new.image": "header_ic_new.png",
        "button.text.color": {
            "normal": "#ffffff",
            "pressed": "#e3cdf0",
            "dimmed": "#e3cdf0",
            "selected": "#ffffff"
        },
        "title.button.tintcolor": "#ffffff",
        "status.background.color": "#c9a1e1",
        "badge.count.background.image": "header_num_bg.9.png"
    },
    "chathistory.voice.recv.msg": {
        "speak.expire.image": "chatroom_ic_voicemsg_rec_x.png",
        "bottom.background.image": "chatroom_voicemsg_line_w_rec.9.png",
        "colon.tintcolor": {
            "normal": "#8d749d",
            "selected": "#715184"
        },
        "seperator.image": "chatroom_voicemsg_line_h_rec.9.png",
        "speak3.image": "chatroom_ic_voicemsg_rec_03.png",
        "speak1.image": "chatroom_ic_voicemsg_rec_01.png",
        "share.image": {
            "normal": "chatroom_ic_voicemsg_rec_share.png",
            "selected": "chatroom_ic_voicemsg_rec_share_pressed.png"
        },
        "play.image": {
            "normal": "chatroom_ic_voicemsg_rec_play.png",
            "selected": "chatroom_ic_voicemsg_rec_play_pressed.png"
        },
        "speak.image": "chatroom_ic_voicemsg_rec_00.png",
        "pause.image": {
            "normal": "chatroom_ic_voicemsg_rec_pause.png",
            "selected": "chatroom_ic_voicemsg_rec_pause_pressed.png"
        },
        "speak2.image": "chatroom_ic_voicemsg_rec_02.png",
        "text.color": {
            "normal": "#8d749d",
            "selected": "#715184"
        }
    },
    "tabBar.item.timeline": {
        "highlight.image": "gnb_ic_timeline_new.png",
        "normal.image": "gnb_ic_timeline_normal.png",
        "selected.image": "gnb_ic_timeline_selected.png"
    },
    "grouphome.member.profile": {
        "add.btn.icon.tintcolor": "#3f3f3f",
        "profile.name.text.color": "#73617b"
    },
    "addFriend.tab.item": {
        "background.image": {
            "normal": "gnb_bg_addfriend.9.png",
            "pressed": "gnb_bg_addfriend_pressed.9.png"
        },
        "text.color": "#ffffff"
    },
    "chathistory.voice.send.msg": {
        "speak.expire.image": "chatroom_ic_voicemsg_send_x.png",
        "bottom.background.image": "chatroom_voicemsg_line_w_send.9.png",
        "colon.tintcolor": {
            "normal": "#8a6d9b",
            "selected": "#715184"
        },
        "seperator.image": "chatroom_voicemsg_line_h_send.9.png",
        "speak3.image": "chatroom_ic_voicemsg_send_03.png",
        "speak1.image": "chatroom_ic_voicemsg_send_01.png",
        "share.image": {
            "normal": "chatroom_ic_voicemsg_send_share.png",
            "selected": "chatroom_ic_voicemsg_send_share_pressed.png"
        },
        "play.image": {
            "normal": "chatroom_ic_voicemsg_send_play.png",
            "selected": "chatroom_ic_voicemsg_send_play_pressed.png"
        },
        "speak.image": "chatroom_ic_voicemsg_send_00.png",
        "pause.image": {
            "normal": "chatroom_ic_voicemsg_send_pause.png",
            "selected": "chatroom_ic_voicemsg_send_pause_pressed.png"
        },
        "speak2.image": "chatroom_ic_voicemsg_send_02.png",
        "text.color": {
            "normal": "#8a6d9b",
            "selected": "#715184"
        }
    },
    "chathistory.option.item.voip.voice.image": {
        "voice.call.dimmed.image": "chatroom_option_ic_freecall_disable.png",
        "voice.call.image": "chatroom_option_ic_freecall_normal.png"
    },
    "chathistory.onair": {
        "background.image": "chatroom_onair_bg.9.png",
        "subtext.color": "#ffffff",
        "text.color": "#ffffff"
    },
    "chathistory.voip.recv.msg": {
        "icon.tintcolor": "#8d749d",
        "linecall.text.color": "#564c5b",
        "text.color": "#564c5b"
    },
    "moreMenu.view": {"background.color": "#fdfaff"},
    "myhome.post.header": {
        "groupBtn.popup.arrow.tintcolor": "#eddef5",
        "nameText.color": "#695572",
        "groupBtn.background.image": {
            "normal": "button_r09_normal.9.png",
            "pressed": "button_r09_pressed.9.png"
        },
        "groupBtn.text.color": "#d6b4e8",
        "groupBtn.popup.background.image": "timeline_img_bg_see_bg01.9.png",
        "sharePostMessage.color": "#695572",
        "groupBtn.popup.pressed.reverse.background.image": {
            "normal": "",
            "pressed": "timeline_img_bg_see_bg02_pressed.9.png"
        },
        "groupBtn.popup.divider.background.color": "#c096da",
        "groupBtn.icon.tintcolor": "#d6b4e8",
        "groupBtn.popup.reverse.background.image": "timeline_img_bg_see_bg02.9.png",
        "timeText.color": "#888888",
        "groupBtn.popup.detail.text.color": "#f6eefa",
        "groupBtn.popup.pressed.background.image": {
            "normal": "",
            "pressed": "timeline_img_bg_see_bg01_pressed.9.png"
        },
        "groupBtn.popup.text.color": "#ffffff"
    },
    "chathistory.balloon.text.recv": {"background.image": {
        "normal": "chatroom_balloon_rec_normal.9.png",
        "padding": "16.5 5 10.5 7.5",
        "pressed": "chatroom_balloon_rec_pressed.9.png"
    }},
    "timeline.list.newpost": {
        "background.image": {
            "normal": "timeline_newpost_btn.9.png",
            "pressed": "timeline_newpost_btn.9.png"
        },
        "text.color": "#ffffff"
    },
    "chathistory.gift.recv.msg": {
        "button.background.image": {
            "normal": "button_r07_normal.9.png",
            "pressed": "button_r07_pressed.9.png"
        },
        "background.image": "chatroom_balloon_gift_rec.9.png",
        "button.text.color": "#ffffff",
        "button.text.shadow": "#00000000",
        "text.color": "#564c5b"
    },
    "grouphome.empty": {
        "empty.album.icon.image.tintcolor": "#e6dced",
        "empty.btn.text.color": "#ffffff",
        "empty.note.icon.image.tintcolor": "#e6dced",
        "empty.btn.background.image": {
            "normal": "button_r07_normal.9.png",
            "pressed": "button_r07_pressed.9.png"
        },
        "empty.text.color": "#d4c6dd"
    },
    "multi.userselect": {
        "name.text.color": "#73617b",
        "background.color": "#f9edfe"
    },
    "chathistory.link.recv.msg": {
        "bottom.background.image": "chatroom_gamemsg_line_rec.9.png",
        "detail.text.color": "#959097",
        "arrow.tintcolor": "#e4d0f0",
        "text.color": "#564c5b"
    },
    "timeline.userrecall": {
        "recalled.user.text.color": "#c9a1e1",
        "recall.user.text.color": "#ffffff",
        "suggest.dialog.text.color": "#c9a1e1",
        "recall.user.text.background.color": "#e2c3f2"
    },
    "searchBar": {
        "underbar.background.color": {
            "normal": "#d7d5d8",
            "selected": "#d7d5d8"
        },
        "text.hint": "#bdbcbd",
        "search.icon.image": "list_ic_search.png",
        "cancel.icon.tintcolor": "#bdbcbd",
        "text.color": "#656465"
    },
    "chathistory.groupboard.send.msg": {
        "videoicon.tintcolor": "#9d90a3",
        "more.text.color": "#9d90a3",
        "photo.default.tintcolor": "#9d90a3",
        "photoicon.tintcolor": "#9d90a3",
        "bottom.background.image": "chatroom_gamemsg_line_send.9.png",
        "sticker.default.tintcolor": "#9d90a3",
        "video.default.tintcolor": "#9d90a3",
        "location.text.color": "#564c5b",
        "arrow.tintcolor": "#dbbeeb",
        "text.color": "#564c5b",
        "bottom.text.color": "#9d90a3"
    },
    "chathistory.privatechat.common": {
        "name.text.color": "#d4b7e5",
        "timer.text.color": "#e5d6f0",
        "autoresend.icon.tintcolor": "#e5d6f0",
        "time.text.color": "#e5d6f0"
    },
    "select.chat.tab": {
        "background.image": "gnb_bg_select.9.png",
        "selectorBar.background.color": "#d1ace6",
        "text.shadow": "#00000000",
        "text.color": {
            "normal": "#f1e4f8",
            "selected": "#ffffff"
        }
    },
    "chathistory.input.sendButton.selectType": {
        "icon.tintcolor": {
            "normal": "#c0b8c3",
            "selected": "#c294de"
        },
        "text.color": {
            "normal": "#c0b8c3",
            "selected": "#c294de"
        }
    },
    "chathistory.option.item.voip.video.image": {
        "video.call.image": "chatroom_option_ic_videocall_normal.png",
        "video.call.dimmed.image": "chatroom_option_ic_videocall_disable.png"
    },
    "moreMenu.lower.item": {
        "newIcon.image": "more_ic_new.png",
        "icon.tintcolor": "#d8b8ea",
        "background.color": {
            "normal": "#fdfaff",
            "pressed": "#faf3ff"
        },
        "text.color": "#d8b8ea"
    },
    "list.common": {"divider.background.color": "#f4e9f9"},
    "chathistory.balloon.send": {"background.image": {
        "normal": "chatroom_balloon_send_normal.9.png",
        "pressed": "chatroom_balloon_send_pressed.9.png"
    }},
    "navigationBar.search": {
        "back.icon.tintcolor": {
            "normal": "#ffffff",
            "pressed": "#e3cdf0"
        },
        "underbar.background.color": "#e3cdf0",
        "background.image": "header_bg.9.png",
        "text.hint": "#e8d6f3",
        "cancel.icon.tintcolor": "#ffffff",
        "text.color": "#ffffff"
    },
    "album.detail.menu": {
        "checked.icon.tintcolor": "#d1ace6",
        "item.color": {
            "normal": "#e3c9f1",
            "selected": "#d1ace6"
        }
    },
    "friendlist.item": {
        "phoneIcon.tintcolor": {
            "normal": "#c799e1",
            "pressed": "#b986d6"
        },
        "phoneNumberText.color": "#bfb5c3",
        "nameText.color": "#73617b",
        "phoneIcon.background.tintcolor": {
            "normal": "#ead1f6",
            "pressed": "#debdef"
        },
        "addFriend.background.tintcolor": {
            "normal": "#ead1f6",
            "pressed": "#debdef"
        },
        "arrowIcon.tintcolor": "#e3c9f1",
        "moreButton.text.color": "#ffffff",
        "updateIcon.tintcolor": "#a773c8",
        "addInviteButton.background.image": {
            "normal": "button_r10_normal.9.png",
            "pressed": "button_r10_pressed.9.png"
        },
        "addFriend.icon.tintcolor": "#c799e1",
        "descriptionText.color": "#bfb5c3",
        "statusText.color": "#bfb5c3",
        "checkboxOff.image": "list_checkbox_img_normal.png",
        "checkboxOn.image": "list_checkbox_img_selected.png",
        "addInviteButton.color": "#ffffff",
        "moreButton.background.image": {
            "normal": "button_r01_normal.9.png",
            "pressed": "button_r01_pressed.9.png"
        }
    },
    "chathistory.option.item": {
        "button.background.color": {
            "normal": "#e3c9f1",
            "pressed": "#dec0ee"
        },
        "bottom.divider.background.color": "#dec0ee",
        "text.color": {
            "normal": "#fefcfe",
            "dimmed": "#66fefcfe"
        }
    },
    "profile.thumbnail": {
        "group.small.image": "group_thumbnail_small.png",
        "single.big.image": "user_thumbnail_large_00.png",
        "group.big.image": "group_thumbnail_large.png",
        "single.small.image": "user_thumbnail_small_00.png"
    },
    "chathistory.privatechat.view.common": {"background.image": "chatroom_bg_hidden.9.png"},
    "main.view.common": {"background.color": "#fdfaff"},
    "chathistory.input.voice": {
        "voip.background.color": {
            "normal": "#e3c9f1",
            "pressed": "#dec0ee"
        },
        "voip.icon.tintcolor": "#ffffff",
        "voip.text.color": "#ffffff",
        "close.background.color": {
            "normal": "#dab9eb",
            "pressed": "#d5b1e8"
        },
        "close.icon.tintcolor": "#f9f9f9"
    },
    "manifest": {
        "schemaVersion": 1,
        "provider": {
            "name": "LINE Corporation",
            "url": "http://www.linecorp.com"
        },
        "themeVersion": "5.10.0",
        "name": "Tangled",
        "platform": "Android",
        "revision": 7,
        "quality": 85
    },
    "noticenter2": {
        "title.text.color": "#d1ace6",
        "arrow.icon.image": "timeline_img_tabarrow.png",
        "background.color": "#ffffff",
        "more.icon.tintcolor": "#e3cdf0"
    },
    "chathistory.link.send.msg": {
        "bottom.background.image": "chatroom_gamemsg_line_send.9.png",
        "detail.text.color": "#9d90a3",
        "arrow.tintcolor": "#dbbeeb",
        "text.color": "#564c5b"
    },
    "chathistory.spammer": {
        "name.text.color": "#ffffff",
        "button.background.image": {
            "normal": "button_r06_normal.9.png",
            "pressed": "button_r06_pressed.9.png"
        },
        "background.image": "chatroom_onair_bg.9.png",
        "button.text.color": "#73617b",
        "text.color": "#ffffff"
    },
    "navigationBar.moreMenu": {"item.text.color": "#73617b"},
    "tabBar.item": {"badge.background.image": "gnb_num_bg.9.png"},
    "chathistory.balloon.video.default.recv": {"background.color": "#ffffff"},
    "addFriend.tab.addGroup": {
        "icon.background.tintcolor": "#ead1f6",
        "icon.tintcolor": "#d1ace6",
        "subtext.color": "#bfb5c3",
        "updateButton.tintcolor": {
            "normal": "#ffc9cd",
            "pressed": "#ffb9be"
        },
        "background.color": {
            "normal": "#fdfaff",
            "pressed": "#fcf6ff"
        },
        "addButton.text.color": "#ffffff",
        "addButton.background.tintcolor": {
            "normal": "#ffc9cd",
            "pressed": "#ffb9be"
        },
        "arrow.tintcolor": "#e3c9f1",
        "text.color": "#d1ace6"
    },
    "chathistory.contact.recv.msg": {
        "arrow.tintcolor": "#e4d0f0",
        "text.color": "#564c5b"
    },
    "myhome.lineend.smiley": {"smiley.tintcolor": "#ffffff"},
    "splash": {
        "splash.background.image": {
            "normal": "",
            "top": [
                "splash_img.png",
                "splash_logo.png"
            ],
            "gravity": [
                "center",
                "bottom"
            ]
        },
        "background.color": "#f4e7fc"
    },
    "passcode": {
        "number.background.tintcolor": {
            "normal": "#d1ace6",
            "pressed": "#c9a1e1"
        },
        "passcode3.input.image": "password_ic_03_on.png",
        "passcode2.background.image": "password_ic_02_off.png",
        "passcode1.input.image": "password_ic_01_on.png",
        "number.text.tintcolor": "#ffffff",
        "passcode2.input.image": "password_ic_02_on.png",
        "passcode4.background.image": "password_ic_04_off.png",
        "background.color": "#d1ace6",
        "top.background.color": "#f6edfa",
        "text.color": "#d1ace6",
        "infotext.color": "#e0c6ee",
        "passcode1.background.image": "password_ic_01_off.png",
        "number.delete.tintcolor": {
            "normal": "#ffffff",
            "pressed": "#ffffff"
        },
        "passcode3.background.image": "password_ic_03_off.png",
        "number.cancel.text.color": {
            "normal": "#ffffff",
            "pressed": "#66ffffff"
        },
        "passcode4.input.image": "password_ic_04_on.png"
    },
    "myhome.post.body": {"text.color": "#323232"}
}