{
    "calllist.item": {
        "dateText.color": "#a48f77",
        "phoneIcon.tintcolor": {
            "normal": "#492103",
            "pressed": "#492103"
        },
        "nameText.color": "#492103",
        "phoneIcon.background.tintcolor": {
            "normal": "#fff6b0",
            "pressed": "#fef192"
        },
        "dateIcon.tintcolor": "#adadad"
    },
    "chathistory.attach.header": {
        "background.image.pattern": true,
        "background.image": "header_bg_pattern.png",
        "text.color": "#2c2b25"
    },
    "friendlist.category": {
        "textSeeAll.color": "#a48f77",
        "arrowClose.tintcolor": "#dbd1bd",
        "arrowOpen.tintcolor": "#dbd1bd",
        "textSeeAll.arrow.tintcolor": "#a48f77",
        "background.color": "#fffdeb",
        "text.color": "#a48f77"
    },
    "chathistory.file.recv.msg": {
        "file.icon.tintcolor": "#715138",
        "expire.text.color": "#b8a89b",
        "arrow.tintcolor": "#cabdb4",
        "text.color": "#4e2606"
    },
    "tabBar.item.talk": {
        "normal.image": "gnb_ic_chats_normal.png",
        "selected.image": "gnb_ic_chats_selected.png"
    },
    "chathistory.text.send.msg": {"text.color": "#4e2606"},
    "grouphome.main": {
        "tab.text.color": "#ad9400",
        "moreTab.icon.tintcolor": {
            "normal": "#322d00",
            "pressed": "#ad9400"
        },
        "albumCreateBtn.image": {
            "normal": "group_ic_postalbum.png",
            "pressed": "group_ic_postalbum_pressed.png"
        },
        "selectedTab.text.color": "#322d00",
        "tab.background.color": "#ffd800",
        "postWriteBtn.image": {
            "normal": "group_ic_writepost.png",
            "pressed": "group_ic_writepost_pressed.png"
        },
        "tabBottomLine.background.color": "#ce0615"
    },
    "chathistory.option.item.voip.video": {
        "background.color": {
            "normal": "#feeb5b",
            "pressed": "#fde44b"
        },
        "text.color": {
            "normal": "#492103",
            "dimmed": "#66492103"
        }
    },
    "chathistory.text.recv.msg": {"text.color": "#4e2606"},
    "addFriend.tab.icon": {
        "idsearch.image": "gnb_ic_search.png",
        "invite.image": "gnb_ic_contacts.png",
        "qrcode.image": "gnb_ic_qrcode.png",
        "shakeit.image": "gnb_ic_shakeit.png"
    },
    "chathistory.balloon.text.send": {"background.image": {
        "normal": "chatroom_balloon_send_normal.9.png",
        "padding": "11 5 16 8",
        "pressed": "chatroom_balloon_send_pressed.9.png"
    }},
    "friendlist.common": {"noresult.text.color": "#a48f77"},
    "chatlist.item": {
        "messageText.color": "#a48f77",
        "nameText.color": "#492103",
        "newIcon.image": "list_category_chat_new.png",
        "timeText.color": "#a48f77",
        "muteIcon.tintcolor": "#d6d5cc",
        "messageCountText.color": "#ffffff",
        "messageCountText.background.image": "list_category_chat_num.9.png"
    },
    "chathistory.attach.item": {
        "icon.tintcolor": "#322d00",
        "external.icon.tintcolor": "#c0b240",
        "background.color": {
            "normal": "#feeb5b",
            "pressed": "#fde44b"
        },
        "text.color": "#322d00"
    },
    "chathistory.common": {
        "datebar.background.image": "chatroom_date.9.png",
        "soundsticker.icon.tintcolor": "#999999",
        "autoresend.icon.tintcolor": "#999999",
        "checkBox.image": {
            "normal": "list_checkbox_img_normal.png",
            "selected": "list_checkbox_img_selected.png"
        },
        "time.color": "#999999",
        "name.color": "#999999",
        "datebar.text.color": "#ffffff"
    },
    "bottom.button.common": {
        "button1.background.color": {
            "normal": "#df2d00",
            "pressed": "#c92900",
            "dimmed": "#df2d00"
        },
        "button2.background.color": {
            "normal": "#ffe416",
            "pressed": "#ffd800",
            "dimmed": "#ffe416"
        },
        "button1.text.color": {
            "normal": "#ffffff",
            "dimmed": "#66ffffff"
        },
        "button2.text.color": {
            "normal": "#492103",
            "dimmed": "#66492103"
        }
    },
    "invitemember.tab.item": {
        "icon.tintcolor": "#322d00",
        "background.image": {
            "normal": "gnb_bg_addfriend_normal.9.png",
            "pressed": "gnb_bg_addfriend_pressed.9.png"
        },
        "text.color": "#322d00"
    },
    "chathistory.music.recv.msg": {
        "title.text.color": "#4e2606",
        "playlist.default.image": "chatroom_ic_music_playlist.png",
        "playbtn.default.image": "chatroom_music_play_default.png",
        "playing.image": "chatroom_music_bar_playing.png",
        "playbtn.background.pressed.image": "chatroom_music_bar_pressed.png",
        "stopbtn.default.image": "chatroom_music_stop_default.png",
        "playbtn.pressed.image": "chatroom_music_play_pressed.png",
        "playbtn.background.default.image": "chatroom_music_bar_default.png",
        "typename.text.color": "#a69282",
        "topic.default.image": "chatroom_ic_music_topic.png",
        "service.text.color": "#a69282",
        "loading.image": "chatroom_music_loading.png",
        "artist.text.color": "#a69282",
        "stopbtn.pressed.image": "chatroom_music_stop_pressed.png"
    },
    "myhome.post.bottom": {
        "commentText.color": "#492103",
        "commentIcon.image": {
            "normal": "timeline_ic_postcomment.png",
            "selected": "timeline_ic_postcomment.png"
        },
        "likeText.color": "#492103",
        "likeIcon.image": {
            "normal": "timeline_ic_postlike_off.png",
            "selected": "timeline_ic_postlike_on.png"
        },
        "likeCountText.color": "#492103",
        "commentCountText.color": "#492103"
    },
    "chathistory.balloon.recv": {"background.image": {
        "normal": "chatroom_balloon_rec_normal.9.png",
        "pressed": "chatroom_balloon_rec_pressed.9.png"
    }},
    "chathistory.memberlist.area": {"background.color": "#e5feeb5b"},
    "chathistory.contact.send.msg": {
        "arrow.tintcolor": "#cab03b",
        "text.color": "#4e2606"
    },
    "tabBar.item.friend": {
        "normal.image": "gnb_ic_friends_normal.png",
        "selected.image": "gnb_ic_friends_selected.png"
    },
    "moreMenu.item": {
        "addfriend.image": "more_ic_addfriends.png",
        "newIcon.image": "more_ic_new.png",
        "setting.image": "more_ic_settings.png",
        "background.color": {
            "normal": "#fffdeb",
            "pressed": "#f8f6e1"
        },
        "text.color": "#492103"
    },
    "myhome.list.header": {
        "updateTitleText.color": "#a48f77",
        "updateText.color": "#a48f77",
        "updateTimeText.color": "#a48f77"
    },
    "chathistory.file.send.msg": {
        "file.icon.tintcolor": "#714d15",
        "expire.text.color": "#b89c34",
        "arrow.tintcolor": "#cab03b",
        "text.color": "#4e2606"
    },
    "chathistory.privatechat.balloon.receive.text": {
        "background.image": {
            "normal": "chatroom_balloon_hidden.9.png",
            "pressed": "chatroom_balloon_hidden.9.png"
        },
        "icon.arrow.tintcolor": "#dccfb8",
        "text.color": "#4e2606"
    },
    "common.empty.page": {
        "zero.subtitle.color": "#a48f77",
        "zerobutton.text.color": "#492103",
        "call.name.text.color": "#492103",
        "zero.title.color": "#492103",
        "zero.image": "zero_img_empty.png",
        "error.subtitle.color": "#a49081",
        "error.button.background.image": {
            "normal": "button_r07_normal.9.png",
            "pressed": "button_r07_pressed.9.png"
        },
        "call.link.text.color": "#a48f77",
        "error.button.text.color": "#492103",
        "zerobutton.background.image": {
            "normal": "button_r07_normal.9.png",
            "pressed": "button_r07_pressed.9.png"
        },
        "error.image": "zero_img_error.png"
    },
    "grouphome.friend.request": {
        "btn.background.color": {
            "normal": "#ffe416",
            "pressed": "#ffd800"
        },
        "btn.text.color": "#492103",
        "background.color": "#ffffff",
        "message.text.color": "#76332e",
        "message.icon.tintcolor": "#4e2606"
    },
    "notification.popup": {
        "setting.checkbox.background.image": {
            "normal": "list_checkbox_img_normal.png",
            "selected": "list_checkbox_img_selected.png"
        },
        "title.logo.tintcolor": "#492103",
        "title.username.text.color": "#492103",
        "title.groupname.text.color": "#492103",
        "title.count.background.image": "popup_noti_img_num_bg.9.png",
        "title.background.image": "popup_noti_bg_top.9.png",
        "title.setting.image.tintcolor": "#492103",
        "reply.input.bar.background.color": {
            "normal": "#d6d6d6",
            "selected": "#d6d6d6"
        },
        "title.count.text.color": "#ffffff",
        "reply.sendbutton.tintcolor": {
            "normal": "#d6d6d6",
            "pressed": "#ffd800",
            "selected": "#ffe416"
        }
    },
    "tabBar.item.call": {
        "normal.image": "gnb_ic_call_normal.png",
        "selected.image": "gnb_ic_call_selected.png"
    },
    "tabBar": {
        "background.image.pattern": true,
        "background.image": "gnb_bg_pattern.png",
        "selectorBar.background.color": "#ce0615",
        "shadow.image": "gnb_gra.9.png"
    },
    "chathistory.attach.item.image": {
        "contact.image": {"normal": "chatroom_attach_ic_info.png"},
        "take.video.image": {"normal": "chatroom_attach_ic_takevideo.png"},
        "choose.video.image": {"normal": "chatroom_attach_ic_chooesvideo.png"},
        "take.photo.image": {"normal": "chatroom_attach_ic_takephoto.png"},
        "choose.photo.image": {"normal": "chatroom_attach_ic_photo.png"},
        "audio.image": {"normal": "chatroom_attach_ic_voicemessage.png"},
        "location.image": {"normal": "chatroom_attach_ic_location.png"}
    },
    "tabBar.item.more": {
        "normal.image": "gnb_ic_more_normal.png",
        "selected.image": "gnb_ic_more_selected.png"
    },
    "chathistory.groupboard.recv.msg": {
        "videoicon.tintcolor": "#b8a89b",
        "more.text.color": "#b8a89b",
        "photo.default.tintcolor": "#b8a89b",
        "photoicon.tintcolor": "#b8a89b",
        "bottom.background.image": "chatroom_gamemsg_line_rec.9.png",
        "sticker.default.tintcolor": "#b8a89b",
        "video.default.tintcolor": "#b8a89b",
        "location.text.color": "#4e2606",
        "arrow.tintcolor": "#cabdb4",
        "text.color": "#4e2606",
        "bottom.text.color": "#b8a89b"
    },
    "myhome.background": {"background.color": "#fffdeb"},
    "navigationBar.tab": {"text.color": {
        "normal": "#322d00",
        "selected": "#ad9400"
    }},
    "grouphome.member.category": {
        "edit.btn.background.image": {
            "normal": "button_r10_normal.9.png",
            "pressed": "button_r10_pressed.9.png"
        },
        "category.text.color": "#a48f77",
        "category.divider.background.color": "#f4f0dd",
        "category.count.text.color": "#a48f77",
        "edit.btn.text.color": "#492103"
    },
    "chathistory.balloon.video.default.send": {"background.color": "#ffeb52"},
    "moreMenu.topbanner.item": {
        "subtext.color": "#a48f77",
        "arrowIcon.tintcolor": "#dbd1bd",
        "background.color": "#fffdeb",
        "topDivider.background.color": "#f4f0dd",
        "text.color": "#492103"
    },
    "chathistory.music.send.msg": {
        "title.text.color": "#4e2606",
        "playlist.default.image": "chatroom_ic_music_playlist.png",
        "playbtn.default.image": "chatroom_music_play_default.png",
        "playing.image": "chatroom_music_bar_playing.png",
        "playbtn.background.pressed.image": "chatroom_music_bar_pressed.png",
        "stopbtn.default.image": "chatroom_music_stop_default.png",
        "playbtn.pressed.image": "chatroom_music_play_pressed.png",
        "playbtn.background.default.image": "chatroom_music_bar_default.png",
        "typename.text.color": "#a6882c",
        "topic.default.image": "chatroom_ic_music_topic.png",
        "service.text.color": "#a6882c",
        "loading.image": "chatroom_music_loading.png",
        "artist.text.color": "#a6882c",
        "stopbtn.pressed.image": "chatroom_music_stop_pressed.png"
    },
    "grouphome.error": {
        "btn.text.color": "#492103",
        "sticker.image": "zero_img_error.png",
        "icon.tintcolor": "#a48f77",
        "msg.text.color": "#a48f77",
        "btn.text.background.image": {
            "normal": "button_r07_normal.9.png",
            "pressed": "button_r07_pressed.9.png"
        },
        "msg.text.shadow": "#00000000"
    },
    "select.chat.bottom": {
        "button.background.color": {
            "normal": "#ffe416",
            "pressed": "#ffd800"
        },
        "button.icon.tintcolor": "#492103",
        "button.text.color": {
            "normal": "#492103",
            "dimmed": "#7f492103"
        }
    },
    "chathistory.option.item.voip.voice": {
        "background.color": {
            "normal": "#feeb5b",
            "pressed": "#fde44b"
        },
        "text.color": {
            "normal": "#492103",
            "dimmed": "#66492103"
        }
    },
    "chathistory.view.common": {
        "background.image.pattern": true,
        "background.image": {"normal": "chatroom_bg_pattern.png"}
    },
    "chathistory.input": {
        "inputText.color": "#492103",
        "photoButton.icon.image": "chatroom_ic_photo.png",
        "inputText.hint": "#7f492103",
        "attachButton.icon.image": "chatroom_ic_add.png",
        "background.image": "chatroom_input_bg.9.png",
        "sendButton.background.color": {
            "normal": "#c90d0d",
            "pressed": "#ba0707"
        },
        "sendButton.tintcolor": "#ffffff",
        "eskButton.icon.image": "chatroom_ic_stickers.png"
    },
    "friendlist.item.common": {
        "new.background.color": {
            "normal": "#fefcd5",
            "pressed": "#fdfac8"
        },
        "checked.background.color": {
            "normal": "#f8f6e1",
            "pressed": "#f8f6e1"
        },
        "background.color": {
            "normal": "#fffdeb",
            "pressed": "#f8f6e1"
        }
    },
    "chathistory.privatechat.tooltip": {"text.color": "#c92900"},
    "chathistory.option.item.image": {
        "block.image": "chatroom_option_ic_block.png",
        "timer.image": "chatroom_option_ic_timer_normal.png",
        "recommend.dimmed.image": "chatroom_option_ic_recom_disable.png",
        "edit.group.image": "chatroom_option_ic_editgroup_normal.png",
        "invite.image": "chatroom_option_ic_invite_normal.png",
        "leave.dimmed.image": "chatroom_option_ic_leave_disable.png",
        "leave.image": "chatroom_option_ic_leave_normal.png",
        "line.call.dimmed.image": "chatroom_option_ic_linecall_disable.png",
        "album.image": "chatroom_option_ic_albums_normal.png",
        "recommend.image": "chatroom_option_ic_recom_normal.png",
        "create.group.dimmed.image": "chatroom_option_ic_creategroup_disable.png",
        "timer.dimmed.image": "chatroom_option_ic_timer_disable.png",
        "create.group.image": "chatroom_option_ic_creategroup_normal.png",
        "edit.image": "chatroom_option_ic_edit_normal.png",
        "edit.group.dimmed.image": "chatroom_option_ic_editgroup_disable.png",
        "photo.video.dimmed.image": "chatroom_option_ic_pv_disable.png",
        "notification.on.image": "chatroom_option_ic_noti_on.png",
        "album.dimmed.image": "chatroom_option_ic_albums_disable.png",
        "setting.dimmed.image": "chatroom_option_ic_setting_disable.png",
        "invite.dimmed.image": "chatroom_option_ic_invite_disable.png",
        "notification.off.image": "chatroom_option_ic_noti_off.png",
        "setting.image": "chatroom_option_ic_setting_normal.png",
        "unblock.image": "chatroom_option_ic_unblock.png",
        "photo.video.image": "chatroom_option_ic_pv_normal.png",
        "edit.dimmed.image": "chatroom_option_ic_edit_disable.png",
        "line.call.image": "chatroom_option_ic_linecall_normal.png",
        "photo.image": "chatroom_option_ic_pv_normal.png",
        "send.gift.dimmed.image": "chatroom_option_ic_gift_disable.png",
        "send.gift.image": "chatroom_option_ic_gift_normal.png"
    },
    "myhome.write.post": {
        "icon.tintcolor": "#ffd800",
        "text.color": "#ffd800"
    },
    "chathistory.gift.send.msg": {
        "background.image": "chatroom_balloon_gift_send.9.png",
        "text.color": "#4e2606"
    },
    "chathistory.voip.send.msg": {
        "icon.tintcolor": "#714d15",
        "linecall.text.color": "#4e2606",
        "text.color": "#4e2606"
    },
    "chathistory.privatechat.header.banner.item": {
        "icon.tintcolor": "#ffd800",
        "text.color": "#ffd800"
    },
    "view.common": {"background.color": "#fffdeb"},
    "chathistory.groupboard.tip": {"text.color": "#c92900"},
    "search.chat.highlightColor": {
        "chatList.text.color": "#e93200",
        "receiveMessage.text.color": "#e93200",
        "sendMessage.text.color": "#e93200"
    },
    "myhome.cover": {
        "officialHomeProfileText.color": "#492103",
        "officialHomeProfileArrow.tintcolor": {
            "normal": "#492103",
            "pressed": "#492103"
        }
    },
    "navigationBar": {
        "title.text.color": "#322d00",
        "button.background.color": {
            "normal": "#00000000",
            "pressed": "#00000000"
        },
        "badge.text.color": "#ffffff",
        "button.tintcolor": {
            "normal": "#322d00",
            "pressed": "#ad9400",
            "dimmed": "#ad9400",
            "selected": "#322d00"
        },
        "background.image.pattern": true,
        "background.image": "header_bg_pattern.png",
        "badge.new.image": "header_ic_new.png",
        "button.text.color": {
            "normal": "#322d00",
            "pressed": "#ad9400",
            "dimmed": "#ad9400",
            "selected": "#322d00"
        },
        "title.button.tintcolor": "#322d00",
        "status.background.color": "#eeca03",
        "badge.count.background.image": "header_num_bg.9.png"
    },
    "chathistory.voice.recv.msg": {
        "speak.expire.image": "chatroom_ic_voicemsg_rec_x.png",
        "bottom.background.image": "chatroom_voicemsg_line_w_rec.9.png",
        "colon.tintcolor": {
            "normal": "#b8a89b",
            "selected": "#715138"
        },
        "seperator.image": "chatroom_voicemsg_line_h_rec.9.png",
        "speak3.image": "chatroom_ic_voicemsg_rec_03.png",
        "speak1.image": "chatroom_ic_voicemsg_rec_01.png",
        "share.image": {
            "normal": "chatroom_ic_voicemsg_rec_share.png",
            "selected": "chatroom_ic_voicemsg_rec_share_pressed.png"
        },
        "play.image": {
            "normal": "chatroom_ic_voicemsg_rec_play.png",
            "selected": "chatroom_ic_voicemsg_rec_play_pressed.png"
        },
        "speak.image": "chatroom_ic_voicemsg_rec_00.png",
        "pause.image": {
            "normal": "chatroom_ic_voicemsg_rec_pause.png",
            "selected": "chatroom_ic_voicemsg_rec_pause_pressed.png"
        },
        "speak2.image": "chatroom_ic_voicemsg_rec_02.png",
        "text.color": {
            "normal": "#b8a89b",
            "selected": "#715138"
        }
    },
    "tabBar.item.timeline": {
        "highlight.image": "gnb_ic_timeline_new.png",
        "normal.image": "gnb_ic_timeline_normal.png",
        "selected.image": "gnb_ic_timeline_selected.png"
    },
    "grouphome.member.profile": {
        "add.btn.icon.tintcolor": "#b6a69a",
        "profile.name.text.color": "#492103"
    },
    "addFriend.tab.item": {
        "background.image": {
            "normal": "gnb_bg_addfriend_normal.9.png",
            "pressed": "gnb_bg_addfriend_pressed.9.png"
        },
        "text.color": "#322d00"
    },
    "chathistory.voice.send.msg": {
        "speak.expire.image": "chatroom_ic_voicemsg_send_x.png",
        "bottom.background.image": "chatroom_voicemsg_line_w_send.9.png",
        "colon.tintcolor": {
            "normal": "#b89c34",
            "selected": "#714d15"
        },
        "seperator.image": "chatroom_voicemsg_line_h_send.9.png",
        "speak3.image": "chatroom_ic_voicemsg_send_03.png",
        "speak1.image": "chatroom_ic_voicemsg_send_01.png",
        "share.image": {
            "normal": "chatroom_ic_voicemsg_send_share.png",
            "selected": "chatroom_ic_voicemsg_send_share_pressed.png"
        },
        "play.image": {
            "normal": "chatroom_ic_voicemsg_send_play.png",
            "selected": "chatroom_ic_voicemsg_send_play_pressed.png"
        },
        "speak.image": "chatroom_ic_voicemsg_send_00.png",
        "pause.image": {
            "normal": "chatroom_ic_voicemsg_send_pause.png",
            "selected": "chatroom_ic_voicemsg_send_pause_pressed.png"
        },
        "speak2.image": "chatroom_ic_voicemsg_send_02.png",
        "text.color": {
            "normal": "#b89c34",
            "selected": "#714d15"
        }
    },
    "chathistory.option.item.voip.voice.image": {
        "voice.call.dimmed.image": "chatroom_option_ic_freecall_disable.png",
        "voice.call.image": "chatroom_option_ic_freecall_normal.png"
    },
    "chathistory.onair": {
        "background.image": "chatroom_onair_bg.9.png",
        "subtext.color": "#6d4915",
        "text.color": "#492103"
    },
    "chathistory.voip.recv.msg": {
        "icon.tintcolor": "#715138",
        "linecall.text.color": "#4e2606",
        "text.color": "#4e2606"
    },
    "moreMenu.view": {"background.color": "#fffdeb"},
    "myhome.post.header": {
        "groupBtn.popup.arrow.tintcolor": "#b6960e",
        "nameText.color": "#492103",
        "groupBtn.background.image": {
            "normal": "button_r09_normal.9.png",
            "pressed": "button_r09_pressed.9.png"
        },
        "groupBtn.text.color": "#dfddc9",
        "groupBtn.popup.background.image": "timeline_img_bg_see_bg01.9.png",
        "sharePostMessage.color": "#492103",
        "groupBtn.popup.pressed.reverse.background.image": {
            "normal": "",
            "pressed": "timeline_img_bg_see_bg02_pressed.9.png"
        },
        "groupBtn.popup.divider.background.color": "#ffc90f",
        "groupBtn.icon.tintcolor": "#dfddc9",
        "groupBtn.popup.reverse.background.image": "timeline_img_bg_see_bg02.9.png",
        "timeText.color": "#adadad",
        "groupBtn.popup.detail.text.color": "#492103",
        "groupBtn.popup.pressed.background.image": {
            "normal": "",
            "pressed": "timeline_img_bg_see_bg01_pressed.9.png"
        },
        "groupBtn.popup.text.color": "#492103"
    },
    "chathistory.balloon.text.recv": {"background.image": {
        "normal": "chatroom_balloon_rec_normal.9.png",
        "padding": "16 5 11 8",
        "pressed": "chatroom_balloon_rec_pressed.9.png"
    }},
    "timeline.list.newpost": {
        "background.image": {
            "normal": "timeline_newpost_btn.9.png",
            "pressed": "timeline_newpost_btn.9.png"
        },
        "text.color": "#492103"
    },
    "chathistory.gift.recv.msg": {
        "button.background.image": {
            "normal": "button_r07_normal.9.png",
            "pressed": "button_r07_pressed.9.png"
        },
        "background.image": "chatroom_balloon_gift_rec.9.png",
        "button.text.color": "#492103",
        "button.text.shadow": "#00000000",
        "text.color": "#4e2606"
    },
    "grouphome.empty": {
        "empty.album.icon.image.tintcolor": "#a48f77",
        "empty.btn.text.color": "#492103",
        "empty.note.icon.image.tintcolor": "#a48f77",
        "empty.btn.background.image": {
            "normal": "button_r07_normal.9.png",
            "pressed": "button_r07_pressed.9.png"
        },
        "empty.text.color": "#a48f77"
    },
    "multi.userselect": {
        "name.text.color": "#492103",
        "background.color": "#f2efd5"
    },
    "chathistory.link.recv.msg": {
        "bottom.background.image": "chatroom_gamemsg_line_rec.9.png",
        "detail.text.color": "#b8a89b",
        "arrow.tintcolor": "#cabdb4",
        "text.color": "#4e2606"
    },
    "timeline.userrecall": {
        "recalled.user.text.color": "#e93200",
        "recall.user.text.color": "#ffffff",
        "suggest.dialog.text.color": "#e93200",
        "recall.user.text.background.color": "#e93200"
    },
    "searchBar": {
        "underbar.background.color": {
            "normal": "#e2dac6",
            "selected": "#e2dac6"
        },
        "text.hint": "#b6a58e",
        "search.icon.image": "list_ic_search.png",
        "cancel.icon.tintcolor": "#b6a58e",
        "text.color": "#6d4d31"
    },
    "chathistory.groupboard.send.msg": {
        "videoicon.tintcolor": "#b89c34",
        "more.text.color": "#b89c34",
        "photo.default.tintcolor": "#b89c34",
        "photoicon.tintcolor": "#b89c34",
        "bottom.background.image": "chatroom_gamemsg_line_send.9.png",
        "sticker.default.tintcolor": "#b89c34",
        "video.default.tintcolor": "#b89c34",
        "location.text.color": "#4e2606",
        "arrow.tintcolor": "#cab03b",
        "text.color": "#4e2606",
        "bottom.text.color": "#b89c34"
    },
    "chathistory.privatechat.common": {
        "name.text.color": "#b0b0ab",
        "timer.text.color": "#b0b0ab",
        "autoresend.icon.tintcolor": "#b0b0ab",
        "time.text.color": "#b0b0ab"
    },
    "select.chat.tab": {
        "background.image": "gnb_bg_select.9.png",
        "selectorBar.background.color": "#ce0615",
        "text.shadow": "#00000000",
        "text.color": {
            "normal": "#ac9f37",
            "selected": "#322d00"
        }
    },
    "chathistory.input.sendButton.selectType": {
        "icon.tintcolor": {
            "normal": "#e4947f",
            "selected": "#c92900"
        },
        "text.color": {
            "normal": "#e4947f",
            "selected": "#c92900"
        }
    },
    "chathistory.option.item.voip.video.image": {
        "video.call.image": "chatroom_option_ic_videocall_normal.png",
        "video.call.dimmed.image": "chatroom_option_ic_videocall_disable.png"
    },
    "moreMenu.lower.item": {
        "newIcon.image": "more_ic_new.png",
        "icon.tintcolor": "#492103",
        "background.color": {
            "normal": "#fffdeb",
            "pressed": "#f8f6e1"
        },
        "text.color": "#492103"
    },
    "list.common": {"divider.background.color": "#f4f0dd"},
    "chathistory.balloon.send": {"background.image": {
        "normal": "chatroom_balloon_send_normal.9.png",
        "pressed": "chatroom_balloon_send_pressed.9.png"
    }},
    "navigationBar.search": {
        "back.icon.tintcolor": {
            "normal": "#322d00",
            "pressed": "#ad9400"
        },
        "underbar.background.color": "#ffe866",
        "background.image.pattern": true,
        "background.image": "header_bg_pattern.png",
        "text.hint": "#a47c02",
        "cancel.icon.tintcolor": "#322d00",
        "text.color": "#492103"
    },
    "album.detail.menu": {
        "checked.icon.tintcolor": "#322d00",
        "item.color": {
            "normal": "#ad9400",
            "selected": "#322d00"
        }
    },
    "friendlist.item": {
        "phoneIcon.tintcolor": {
            "normal": "#492103",
            "pressed": "#492103"
        },
        "phoneNumberText.color": "#a48f77",
        "nameText.color": "#492103",
        "phoneIcon.background.tintcolor": {
            "normal": "#fff6b0",
            "pressed": "#fef192"
        },
        "addFriend.background.tintcolor": {
            "normal": "#fff6b0",
            "pressed": "#fef192"
        },
        "arrowIcon.tintcolor": "#dccfb8",
        "moreButton.text.color": "#ffffff",
        "updateIcon.tintcolor": "#0075c0",
        "addInviteButton.background.image": {
            "normal": "button_r10_normal.9.png",
            "pressed": "button_r10_pressed.9.png"
        },
        "addFriend.icon.tintcolor": "#492103",
        "descriptionText.color": "#a48f77",
        "statusText.color": "#a48f77",
        "checkboxOff.image": "list_checkbox_img_normal.png",
        "checkboxOn.image": "list_checkbox_img_selected.png",
        "addInviteButton.color": "#492103",
        "moreButton.background.image": {
            "normal": "button_r01_normal.9.png",
            "pressed": "button_r01_pressed.9.png"
        }
    },
    "chathistory.option.item": {
        "button.background.color": {
            "normal": "#feeb5b",
            "pressed": "#fde44b"
        },
        "bottom.divider.background.color": "#f7db2d",
        "text.color": {
            "normal": "#492103",
            "dimmed": "#66492103"
        }
    },
    "profile.thumbnail": {
        "group.small.image": "group_thumbnail_small.png",
        "single.big.image": "user_thumbnail_large_00.png",
        "group.big.image": "group_thumbnail_large.png",
        "single.small.image": "user_thumbnail_small_00.png"
    },
    "chathistory.privatechat.view.common": {"background.image": "chatroom_bg_hidden.9.png"},
    "main.view.common": {"background.color": "#fffdeb"},
    "chathistory.input.voice": {
        "voip.background.color": {
            "normal": "#ce2523",
            "pressed": "#c11f1d"
        },
        "voip.icon.tintcolor": "#ffffff",
        "voip.text.color": "#ffffff",
        "close.background.color": {
            "normal": "#c90d0d",
            "pressed": "#ba0707"
        },
        "close.icon.tintcolor": "#ffffff"
    },
    "manifest": {
        "schemaVersion": 1,
        "provider": {
            "name": "LINE Corporation",
            "url": "http://www.linecorp.com"
        },
        "themeVersion": "5.10.0",
        "name": "Pokemon",
        "platform": "Android",
        "revision": 5,
        "quality": 0
    },
    "noticenter2": {
        "title.text.color": "#c3b6ac",
        "arrow.icon.image": "timeline_img_tabarrow.png",
        "background.color": "#ffffff",
        "more.icon.tintcolor": "#c3b6ac"
    },
    "chathistory.link.send.msg": {
        "bottom.background.image": "chatroom_gamemsg_line_send.9.png",
        "detail.text.color": "#b89c34",
        "arrow.tintcolor": "#cab03b",
        "text.color": "#4e2606"
    },
    "chathistory.spammer": {
        "name.text.color": "#6d4915",
        "button.background.image": {
            "normal": "button_r06_normal.9.png",
            "pressed": "button_r06_pressed.9.png"
        },
        "background.image": "chatroom_onair_bg.9.png",
        "button.text.color": "#ffffff",
        "text.color": "#492103"
    },
    "navigationBar.moreMenu": {"item.text.color": "#ffd800"},
    "tabBar.item": {"badge.background.image": "gnb_num_bg.9.png"},
    "chathistory.balloon.video.default.recv": {"background.color": "#ffffff"},
    "addFriend.tab.addGroup": {
        "icon.background.tintcolor": "#fff6b0",
        "icon.tintcolor": "#492103",
        "subtext.color": "#a48f77",
        "updateButton.tintcolor": {
            "normal": "#a48f77",
            "pressed": "#927648"
        },
        "addButton.text.color": "#fffdeb",
        "background.color": {
            "normal": "#fffdeb",
            "pressed": "#f8f6e1"
        },
        "addButton.background.tintcolor": {
            "normal": "#a48f77",
            "pressed": "#927648"
        },
        "arrow.tintcolor": "#dccfb8",
        "text.color": "#492103"
    },
    "chathistory.contact.recv.msg": {
        "arrow.tintcolor": "#cabdb4",
        "text.color": "#4e2606"
    },
    "myhome.lineend.smiley": {"smiley.tintcolor": "#322d00"},
    "splash": {
        "splash.background.image": {
            "normal": "",
            "top": [
                "splash_img.png",
                "splash_logo.png"
            ],
            "gravity": [
                "center",
                "bottom"
            ]
        },
        "background.color": "#ffd800"
    },
    "passcode": {
        "number.background.tintcolor": {
            "normal": "#ffd800",
            "pressed": "#f5d000"
        },
        "passcode3.input.image": "password_ic_03_on.png",
        "passcode2.background.image": "password_ic_02_off.png",
        "passcode1.input.image": "password_ic_01_on.png",
        "number.text.tintcolor": "#492103",
        "passcode2.input.image": "password_ic_02_on.png",
        "passcode4.background.image": "password_ic_04_off.png",
        "background.color": "#ffd800",
        "top.background.color": "#fffdeb",
        "text.color": "#492103",
        "infotext.color": "#a48f77",
        "passcode1.background.image": "password_ic_01_off.png",
        "number.delete.tintcolor": {
            "normal": "#492103",
            "pressed": "#492103"
        },
        "passcode3.background.image": "password_ic_03_off.png",
        "number.cancel.text.color": {
            "normal": "#492103",
            "pressed": "#7f492103"
        },
        "passcode4.input.image": "password_ic_04_on.png"
    },
    "myhome.post.body": {"text.color": "#6d4d35"}
}