{
    "calllist.item": {
        "dateText.color": "#b19474",
        "phoneIcon.tintcolor": {
            "normal": "#a38e7c",
            "pressed": "#96816e"
        },
        "nameText.color": "#4d381d",
        "phoneIcon.background.tintcolor": {
            "normal": "#f1ebe0",
            "pressed": "#ebe4d9"
        },
        "dateIcon.tintcolor": "#b19474"
    },
    "chathistory.attach.header": {
        "background.image": "header_bg.9.png",
        "text.color": "#4c352c"
    },
    "friendlist.category": {
        "textSeeAll.color": "#b19474",
        "arrowClose.tintcolor": "#c7b298",
        "arrowOpen.tintcolor": "#c7b298",
        "textSeeAll.arrow.tintcolor": "#b19474",
        "background.color": "#fcf7ec",
        "text.color": "#b19474"
    },
    "chathistory.file.recv.msg": {
        "file.icon.tintcolor": "#4b453e",
        "expire.text.color": "#87837f",
        "arrow.tintcolor": "#c3c1be",
        "text.color": "#4b453e"
    },
    "tabBar.item.talk": {
        "normal.image": "gnb_ic_chats_normal.png",
        "selected.image": "gnb_ic_chats_selected.png"
    },
    "chathistory.text.send.msg": {"text.color": "#564c37"},
    "grouphome.main": {
        "tab.text.color": "#bc8e37",
        "moreTab.icon.tintcolor": {
            "normal": "#bc8e37",
            "pressed": "#7e5932"
        },
        "albumCreateBtn.image": {
            "normal": "group_ic_postalbum.png",
            "pressed": "group_ic_postalbum_pressed.png"
        },
        "selectedTab.text.color": "#7e5932",
        "tab.background.color": "#fbc43d",
        "postWriteBtn.image": {
            "normal": "group_ic_writepost.png",
            "pressed": "group_ic_writepost_pressed.png"
        },
        "tabBottomLine.background.color": "#f1a844"
    },
    "chathistory.option.item.voip.video": {
        "background.color": {
            "normal": "#fcd67e",
            "pressed": "#f9cd6e"
        },
        "text.color": {
            "normal": "#a1772d",
            "dimmed": "#66a1772d"
        }
    },
    "chathistory.text.recv.msg": {"text.color": "#56514c"},
    "addFriend.tab.icon": {
        "idsearch.image": "gnb_ic_search.png",
        "invite.image": "gnb_ic_contacts.png",
        "qrcode.image": "gnb_ic_qrcode.png",
        "shakeit.image": "gnb_ic_shakeit.png"
    },
    "chathistory.balloon.text.send": {"background.image": {
        "normal": "chatroom_balloon_send_normal.9.png",
        "padding": "11 5 16 8",
        "pressed": "chatroom_balloon_send_pressed.9.png"
    }},
    "friendlist.common": {"noresult.text.color": "#b19474"},
    "chatlist.item": {
        "messageText.color": "#b19474",
        "nameText.color": "#4d381d",
        "newIcon.image": "list_category_chat_new.png",
        "timeText.color": "#c7b298",
        "muteIcon.tintcolor": "#a49784",
        "messageCountText.color": "#ffffff",
        "messageCountText.background.image": "list_category_chat_num.9.png"
    },
    "chathistory.attach.item": {
        "icon.tintcolor": "#a1772d",
        "external.icon.tintcolor": "#d29e2d",
        "background.color": {
            "normal": "#fcd67e",
            "pressed": "#f9cd6e"
        },
        "text.color": "#bc9345"
    },
    "chathistory.common": {
        "datebar.background.image": "chatroom_date.9.png",
        "soundsticker.icon.tintcolor": "#d6c5b0",
        "autoresend.icon.tintcolor": "#d6c5b0",
        "checkBox.image": {
            "normal": "list_checkbox_img_normal.png",
            "selected": "list_checkbox_img_selected.png"
        },
        "time.color": "#d6c5b0",
        "name.color": "#d38f74",
        "datebar.text.color": "#ffffff"
    },
    "bottom.button.common": {
        "button1.background.color": {
            "normal": "#ec7e5c",
            "pressed": "#e57856",
            "dimmed": "#ec7e5c"
        },
        "button2.background.color": {
            "normal": "#fcd67e",
            "pressed": "#f3c864",
            "dimmed": "#fcd67e"
        },
        "button1.text.color": {
            "normal": "#4c352c",
            "dimmed": "#664c352c"
        },
        "button2.text.color": {
            "normal": "#4c352c",
            "dimmed": "#664c352c"
        }
    },
    "invitemember.tab.item": {
        "icon.tintcolor": "#7e5932",
        "background.image": {
            "normal": "gnb_bg_addfriend_normal.9.png",
            "pressed": "gnb_bg_addfriend_pressed.9.png"
        },
        "text.color": "#7e5932"
    },
    "chathistory.music.recv.msg": {
        "title.text.color": "#4b453e",
        "playlist.default.image": "chatroom_ic_music_playlist.png",
        "playbtn.default.image": "chatroom_music_play_default.png",
        "playing.image": "chatroom_music_bar_playing.png",
        "playbtn.background.pressed.image": "chatroom_music_bar_pressed.png",
        "stopbtn.default.image": "chatroom_music_stop_default.png",
        "playbtn.pressed.image": "chatroom_music_play_pressed.png",
        "playbtn.background.default.image": "chatroom_music_bar_default.png",
        "typename.text.color": "#87837f",
        "topic.default.image": "chatroom_ic_music_topic.png",
        "service.text.color": "#87837f",
        "loading.image": "chatroom_music_loading.png",
        "artist.text.color": "#87837f",
        "stopbtn.pressed.image": "chatroom_music_stop_pressed.png"
    },
    "myhome.post.bottom": {
        "commentText.color": "#d17c5a",
        "commentIcon.image": {
            "normal": "timeline_ic_postcomment.png",
            "selected": "timeline_ic_postcomment.png"
        },
        "likeText.color": "#d17c5a",
        "likeIcon.image": {
            "normal": "timeline_ic_postlike_off.png",
            "selected": "timeline_ic_postlike_on.png"
        },
        "likeCountText.color": "#d17c5a",
        "commentCountText.color": "#d17c5a"
    },
    "chathistory.balloon.recv": {"background.image": {
        "normal": "chatroom_balloon_rec_normal.9.png",
        "pressed": "chatroom_balloon_rec_pressed.9.png"
    }},
    "chathistory.memberlist.area": {"background.color": "#e5fcd67e"},
    "chathistory.contact.send.msg": {
        "arrow.tintcolor": "#c3ac70",
        "text.color": "#564c37"
    },
    "tabBar.item.friend": {
        "normal.image": "gnb_ic_friends_normal.png",
        "selected.image": "gnb_ic_friends_selected.png"
    },
    "moreMenu.item": {
        "addfriend.image": "more_ic_addfriends.png",
        "newIcon.image": "more_ic_new.png",
        "setting.image": "more_ic_settings.png",
        "background.color": {
            "normal": "#fcf7ec",
            "pressed": "#f4ede0"
        },
        "text.color": "#9d7d5e"
    },
    "myhome.list.header": {
        "updateTitleText.color": "#c7b298",
        "updateText.color": "#c7b298",
        "updateTimeText.color": "#c7b298"
    },
    "chathistory.file.send.msg": {
        "file.icon.tintcolor": "#4b4233",
        "expire.text.color": "#877752",
        "arrow.tintcolor": "#c3ac70",
        "text.color": "#4b4233"
    },
    "chathistory.privatechat.balloon.receive.text": {
        "background.image": {
            "normal": "chatroom_balloon_hidden.9.png",
            "pressed": "chatroom_balloon_hidden.9.png"
        },
        "icon.arrow.tintcolor": "#d8c9b9",
        "text.color": "#56514c"
    },
    "common.empty.page": {
        "zero.subtitle.color": "#b19474",
        "zerobutton.text.color": "#ffffff",
        "call.name.text.color": "#4d381d",
        "zero.title.color": "#4d381d",
        "zero.image": "zero_img_empty.png",
        "error.subtitle.color": "#b19474",
        "error.button.background.image": {
            "normal": "button_r07_normal.9.png",
            "pressed": "button_r07_pressed.9.png"
        },
        "call.link.text.color": "#b19474",
        "error.button.text.color": "#ffffff",
        "zerobutton.background.image": {
            "normal": "button_r07_normal.9.png",
            "pressed": "button_r07_pressed.9.png"
        },
        "error.image": "zero_img_error.png"
    },
    "grouphome.friend.request": {
        "btn.background.color": {
            "normal": "#d57a56",
            "pressed": "#bc6f51"
        },
        "btn.text.color": "#ffffff",
        "background.color": "#f2f1e9d8",
        "message.text.color": "#4d381d",
        "message.icon.tintcolor": "#4d381d"
    },
    "notification.popup": {
        "setting.checkbox.background.image": {
            "normal": "list_checkbox_img_normal.png",
            "selected": "list_checkbox_img_selected.png"
        },
        "title.logo.tintcolor": "#4c352c",
        "title.username.text.color": "#4c352c",
        "title.groupname.text.color": "#4c352c",
        "title.count.background.image": "popup_noti_img_num_bg.9.png",
        "title.background.image": "popup_noti_bg_top.9.png",
        "title.setting.image.tintcolor": "#4c352c",
        "reply.input.bar.background.color": {
            "normal": "#d6d6d6",
            "selected": "#d57a56"
        },
        "title.count.text.color": "#ffffff",
        "reply.sendbutton.tintcolor": {
            "normal": "#d6d6d6",
            "pressed": "#bc6f51",
            "selected": "#d57a56"
        }
    },
    "tabBar.item.call": {
        "normal.image": "gnb_ic_call_normal.png",
        "selected.image": "gnb_ic_call_selected.png"
    },
    "tabBar": {
        "background.image.pattern": true,
        "background.image": "gnb_bg_pattern.png",
        "selectorBar.background.color": "#f1a844",
        "shadow.image": "gnb_gra.9.png"
    },
    "chathistory.attach.item.image": {
        "contact.image": {"normal": "chatroom_attach_ic_info.png"},
        "take.video.image": {"normal": "chatroom_attach_ic_takevideo.png"},
        "choose.video.image": {"normal": "chatroom_attach_ic_chooesvideo.png"},
        "take.photo.image": {"normal": "chatroom_attach_ic_takephoto.png"},
        "choose.photo.image": {"normal": "chatroom_attach_ic_photo.png"},
        "audio.image": {"normal": "chatroom_attach_ic_voicemessage.png"},
        "location.image": {"normal": "chatroom_attach_ic_location.png"}
    },
    "tabBar.item.more": {
        "normal.image": "gnb_ic_more_normal.png",
        "selected.image": "gnb_ic_more_selected.png"
    },
    "chathistory.groupboard.recv.msg": {
        "videoicon.tintcolor": "#87837f",
        "more.text.color": "#87837f",
        "photo.default.tintcolor": "#87837f",
        "photoicon.tintcolor": "#87837f",
        "bottom.background.image": "chatroom_gamemsg_line_rec.9.png",
        "sticker.default.tintcolor": "#87837f",
        "video.default.tintcolor": "#87837f",
        "location.text.color": "#56514c",
        "arrow.tintcolor": "#c3c1be",
        "text.color": "#56514c",
        "bottom.text.color": "#87837f"
    },
    "myhome.background": {"background.color": "#fcf7ec"},
    "navigationBar.tab": {"text.color": {
        "normal": "#4c352c",
        "selected": "#c99d31"
    }},
    "grouphome.member.category": {
        "edit.btn.background.image": {
            "normal": "button_r10_normal.9.png",
            "pressed": "button_r10_pressed.9.png"
        },
        "category.text.color": "#b19474",
        "category.divider.background.color": "#ede2d9",
        "category.count.text.color": "#b19474",
        "edit.btn.text.color": "#ffffff"
    },
    "chathistory.balloon.video.default.send": {"background.color": "#ffe18f"},
    "moreMenu.topbanner.item": {
        "subtext.color": "#b19474",
        "arrowIcon.tintcolor": "#c7b298",
        "background.color": "#fcf7ec",
        "topDivider.background.color": "#e9d9c4",
        "text.color": "#4d381d"
    },
    "chathistory.music.send.msg": {
        "title.text.color": "#4b4233",
        "playlist.default.image": "chatroom_ic_music_playlist.png",
        "playbtn.default.image": "chatroom_music_play_default.png",
        "playing.image": "chatroom_music_bar_playing.png",
        "playbtn.background.pressed.image": "chatroom_music_bar_pressed.png",
        "stopbtn.default.image": "chatroom_music_stop_default.png",
        "playbtn.pressed.image": "chatroom_music_play_pressed.png",
        "playbtn.background.default.image": "chatroom_music_bar_default.png",
        "typename.text.color": "#877752",
        "topic.default.image": "chatroom_ic_music_topic.png",
        "service.text.color": "#877752",
        "loading.image": "chatroom_music_loading.png",
        "artist.text.color": "#877752",
        "stopbtn.pressed.image": "chatroom_music_stop_pressed.png"
    },
    "grouphome.error": {
        "btn.text.color": "#ffffff",
        "sticker.image": "zero_img_error.png",
        "icon.tintcolor": "#b19474",
        "msg.text.color": "#b19474",
        "btn.text.background.image": {
            "normal": "button_r08_normal.9.png",
            "pressed": "button_r08_pressed.9.png"
        },
        "msg.text.shadow": "#00000000"
    },
    "select.chat.bottom": {
        "button.background.color": {
            "normal": "#fcd67e",
            "pressed": "#f3c864"
        },
        "button.icon.tintcolor": "#4c352c",
        "button.text.color": {
            "normal": "#4c352c",
            "dimmed": "#7f4c352c"
        }
    },
    "chathistory.option.item.voip.voice": {
        "background.color": {
            "normal": "#fcd67e",
            "pressed": "#f9cd6e"
        },
        "text.color": {
            "normal": "#a1772d",
            "dimmed": "#66a1772d"
        }
    },
    "chathistory.view.common": {
        "background.image.pattern": "false",
        "background.image": {
            "normal": "chatroom_bg_normal.png",
            "top": "chatroom_bg_pattern.png",
            "gravity": "right bottom"
        },
        "background.color": "#fcf7ec"
    },
    "chathistory.input": {
        "inputText.color": "#56514c",
        "photoButton.icon.image": "chatroom_ic_photo.png",
        "inputText.hint": "#d2c1ac",
        "attachButton.icon.image": "chatroom_ic_add.png",
        "background.image": "chatroom_input_bg.9.png",
        "sendButton.background.color": {
            "normal": "#d66a4b",
            "pressed": "#c05f43"
        },
        "sendButton.tintcolor": "#ffffff",
        "eskButton.icon.image": "chatroom_ic_stickers.png"
    },
    "friendlist.item.common": {
        "new.background.color": {
            "normal": "#fff8de",
            "pressed": "#f8f1e5"
        },
        "checked.background.color": {
            "normal": "#f6eee2",
            "pressed": "#f6eee2"
        },
        "background.color": {
            "normal": "#fcf7ec",
            "pressed": "#f6eee2"
        }
    },
    "chathistory.privatechat.tooltip": {"text.color": "#4d381d"},
    "chathistory.option.item.image": {
        "block.image": "chatroom_option_ic_block.png",
        "timer.image": "chatroom_option_ic_timer_normal.png",
        "recommend.dimmed.image": "chatroom_option_ic_recom_disable.png",
        "edit.group.image": "chatroom_option_ic_editgroup_normal.png",
        "invite.image": "chatroom_option_ic_invite_normal.png",
        "leave.dimmed.image": "chatroom_option_ic_leave_disable.png",
        "leave.image": "chatroom_option_ic_leave_normal.png",
        "line.call.dimmed.image": "chatroom_option_ic_linecall_disable.png",
        "album.image": "chatroom_option_ic_albums_normal.png",
        "recommend.image": "chatroom_option_ic_recom_normal.png",
        "create.group.dimmed.image": "chatroom_option_ic_creategroup_disable.png",
        "timer.dimmed.image": "chatroom_option_ic_timer_disable.png",
        "create.group.image": "chatroom_option_ic_creategroup_normal.png",
        "edit.image": "chatroom_option_ic_edit_normal.png",
        "edit.group.dimmed.image": "chatroom_option_ic_editgroup_disable.png",
        "photo.video.dimmed.image": "chatroom_option_ic_pv_disable.png",
        "notification.on.image": "chatroom_option_ic_noti_on.png",
        "album.dimmed.image": "chatroom_option_ic_albums_disable.png",
        "setting.dimmed.image": "chatroom_option_ic_setting_disable.png",
        "invite.dimmed.image": "chatroom_option_ic_invite_disable.png",
        "notification.off.image": "chatroom_option_ic_noti_off.png",
        "setting.image": "chatroom_option_ic_setting_normal.png",
        "unblock.image": "chatroom_option_ic_unblock.png",
        "photo.video.image": "chatroom_option_ic_pv_normal.png",
        "edit.dimmed.image": "chatroom_option_ic_edit_disable.png",
        "line.call.image": "chatroom_option_ic_linecall_normal.png",
        "photo.image": "chatroom_option_ic_pv_normal.png",
        "send.gift.dimmed.image": "chatroom_option_ic_gift_disable.png",
        "send.gift.image": "chatroom_option_ic_gift_normal.png"
    },
    "myhome.write.post": {
        "icon.tintcolor": "#d17c5a",
        "text.color": "#4d381d"
    },
    "chathistory.gift.send.msg": {
        "background.image": "chatroom_balloon_gift_send.9.png",
        "text.color": "#564c37"
    },
    "chathistory.voip.send.msg": {
        "icon.tintcolor": "#4b4233",
        "linecall.text.color": "#4b4233",
        "text.color": "#4b4233"
    },
    "chathistory.privatechat.header.banner.item": {
        "icon.tintcolor": "#4d381d",
        "text.color": "#4d381d"
    },
    "view.common": {"background.color": "#fcf7ec"},
    "chathistory.groupboard.tip": {"text.color": "#4d381d"},
    "search.chat.highlightColor": {
        "chatList.text.color": "#e96c4e",
        "receiveMessage.text.color": "#ff9870",
        "sendMessage.text.color": "#ff9870"
    },
    "myhome.cover": {
        "officialHomeProfileText.color": "#4d381d",
        "officialHomeProfileArrow.tintcolor": {
            "normal": "#4d381d",
            "pressed": "#4d381d"
        }
    },
    "navigationBar": {
        "title.text.color": "#4c352c",
        "button.background.color": {
            "normal": "#00000000",
            "pressed": "#00000000"
        },
        "badge.text.color": "#ffffff",
        "button.tintcolor": {
            "normal": "#4c352c",
            "pressed": "#b58b36",
            "dimmed": "#b58b36",
            "selected": "#4c352c"
        },
        "background.image": "header_bg.9.png",
        "badge.new.image": "header_ic_new.png",
        "button.text.color": {
            "normal": "#4c352c",
            "pressed": "#b58b36",
            "dimmed": "#b58b36",
            "selected": "#4c352c"
        },
        "title.button.tintcolor": "#4c352c",
        "status.background.color": "#c99d31",
        "badge.count.background.image": "header_num_bg.9.png"
    },
    "chathistory.voice.recv.msg": {
        "speak.expire.image": "chatroom_ic_voicemsg_rec_x.png",
        "bottom.background.image": "chatroom_voicemsg_line_w_rec.9.png",
        "colon.tintcolor": {
            "normal": "#afada9",
            "selected": "#4b453e"
        },
        "seperator.image": "chatroom_voicemsg_line_h_rec.9.png",
        "speak3.image": "chatroom_ic_voicemsg_rec_03.png",
        "speak1.image": "chatroom_ic_voicemsg_rec_01.png",
        "share.image": {
            "normal": "chatroom_ic_voicemsg_rec_share.png",
            "selected": "chatroom_ic_voicemsg_rec_share_pressed.png"
        },
        "play.image": {
            "normal": "chatroom_ic_voicemsg_rec_play.png",
            "selected": "chatroom_ic_voicemsg_rec_play_pressed.png"
        },
        "speak.image": "chatroom_ic_voicemsg_rec_00.png",
        "pause.image": {
            "normal": "chatroom_ic_voicemsg_rec_pause.png",
            "selected": "chatroom_ic_voicemsg_rec_pause_pressed.png"
        },
        "speak2.image": "chatroom_ic_voicemsg_rec_02.png",
        "text.color": {
            "normal": "#afada9",
            "selected": "#4b453e"
        }
    },
    "tabBar.item.timeline": {
        "highlight.image": "gnb_ic_timeline_new.png",
        "normal.image": "gnb_ic_timeline_normal.png",
        "selected.image": "gnb_ic_timeline_selected.png"
    },
    "grouphome.member.profile": {
        "add.btn.icon.tintcolor": "#4d381d",
        "profile.name.text.color": "#4d381d"
    },
    "addFriend.tab.item": {
        "background.image": {
            "normal": "gnb_bg_addfriend_normal.9.png",
            "pressed": "gnb_bg_addfriend_pressed.9.png"
        },
        "text.color": "#7e5932"
    },
    "chathistory.voice.send.msg": {
        "speak.expire.image": "chatroom_ic_voicemsg_send_x.png",
        "bottom.background.image": "chatroom_voicemsg_line_w_send.9.png",
        "colon.tintcolor": {
            "normal": "#af9b66",
            "selected": "#4b4233"
        },
        "seperator.image": "chatroom_voicemsg_line_h_send.9.png",
        "speak3.image": "chatroom_ic_voicemsg_send_03.png",
        "speak1.image": "chatroom_ic_voicemsg_send_01.png",
        "share.image": {
            "normal": "chatroom_ic_voicemsg_send_share.png",
            "selected": "chatroom_ic_voicemsg_send_share_pressed.png"
        },
        "play.image": {
            "normal": "chatroom_ic_voicemsg_send_play.png",
            "selected": "chatroom_ic_voicemsg_send_play_pressed.png"
        },
        "speak.image": "chatroom_ic_voicemsg_send_00.png",
        "pause.image": {
            "normal": "chatroom_ic_voicemsg_send_pause.png",
            "selected": "chatroom_ic_voicemsg_send_pause_pressed.png"
        },
        "speak2.image": "chatroom_ic_voicemsg_send_02.png",
        "text.color": {
            "normal": "#af9b66",
            "selected": "#4b4233"
        }
    },
    "chathistory.option.item.voip.voice.image": {
        "voice.call.dimmed.image": "chatroom_option_ic_freecall_disable.png",
        "voice.call.image": "chatroom_option_ic_freecall_normal.png"
    },
    "chathistory.onair": {
        "background.image": "chatroom_onair_bg.9.png",
        "subtext.color": "#ca643c",
        "text.color": "#4d381d"
    },
    "chathistory.voip.recv.msg": {
        "icon.tintcolor": "#4b453e",
        "linecall.text.color": "#4b453e",
        "text.color": "#4b453e"
    },
    "moreMenu.view": {"background.color": "#fcf7ec"},
    "myhome.post.header": {
        "groupBtn.popup.arrow.tintcolor": "#eecabb",
        "nameText.color": "#4d381d",
        "groupBtn.background.image": {
            "normal": "button_r09_normal.9.png",
            "pressed": "button_r09_pressed.9.png"
        },
        "groupBtn.text.color": "#e1ab95",
        "groupBtn.popup.background.image": "timeline_img_bg_see_bg01.9.png",
        "sharePostMessage.color": "#4d381d",
        "groupBtn.popup.pressed.reverse.background.image": {
            "normal": "",
            "pressed": "timeline_img_bg_see_bg02_pressed.9.png"
        },
        "groupBtn.popup.divider.background.color": "#c27050",
        "groupBtn.icon.tintcolor": "#da967b",
        "groupBtn.popup.reverse.background.image": "timeline_img_bg_see_bg02.9.png",
        "timeText.color": "#888888",
        "groupBtn.popup.detail.text.color": "#f7e4dd",
        "groupBtn.popup.pressed.background.image": {
            "normal": "",
            "pressed": "timeline_img_bg_see_bg01_pressed.9.png"
        },
        "groupBtn.popup.text.color": "#ffffff"
    },
    "chathistory.balloon.text.recv": {"background.image": {
        "normal": "chatroom_balloon_rec_normal.9.png",
        "padding": "16 5 11 8",
        "pressed": "chatroom_balloon_rec_pressed.9.png"
    }},
    "timeline.list.newpost": {
        "background.image": {
            "normal": "timeline_newpost_btn.9.png",
            "pressed": "timeline_newpost_btn_pressed.9.png"
        },
        "text.color": "#ffffff"
    },
    "chathistory.gift.recv.msg": {
        "button.background.image": {
            "normal": "button_r07_normal.9.png",
            "pressed": "button_r07_pressed.9.png"
        },
        "background.image": "chatroom_balloon_gift_rec.9.png",
        "button.text.color": "#ffffff",
        "button.text.shadow": "#00000000",
        "text.color": "#56514c"
    },
    "grouphome.empty": {
        "empty.album.icon.image.tintcolor": "#b19474",
        "empty.btn.text.color": "#ffffff",
        "empty.note.icon.image.tintcolor": "#b19474",
        "empty.btn.background.image": {
            "normal": "button_r08_normal.9.png",
            "pressed": "button_r08_pressed.9.png"
        },
        "empty.text.color": "#b19474"
    },
    "multi.userselect": {
        "name.text.color": "#4d381d",
        "background.color": "#7fefe4d6"
    },
    "chathistory.link.recv.msg": {
        "bottom.background.image": "chatroom_gamemsg_line_rec.9.png",
        "detail.text.color": "#87837f",
        "arrow.tintcolor": "#c3c1be",
        "text.color": "#56514c"
    },
    "timeline.userrecall": {
        "recalled.user.text.color": "#e77f5f",
        "recall.user.text.color": "#ffffff",
        "suggest.dialog.text.color": "#e77f5f",
        "recall.user.text.background.color": "#e77f5f"
    },
    "searchBar": {
        "underbar.background.color": {
            "normal": "#c7b298",
            "selected": "#7e5932"
        },
        "text.hint": "#c7b298",
        "search.icon.image": "list_ic_search.png",
        "cancel.icon.tintcolor": "#4d381d",
        "text.color": "#4d381d"
    },
    "chathistory.groupboard.send.msg": {
        "videoicon.tintcolor": "#877752",
        "more.text.color": "#877752",
        "photo.default.tintcolor": "#877752",
        "photoicon.tintcolor": "#877752",
        "bottom.background.image": "chatroom_gamemsg_line_send.9.png",
        "sticker.default.tintcolor": "#877752",
        "video.default.tintcolor": "#877752",
        "location.text.color": "#564c37",
        "arrow.tintcolor": "#c3ac70",
        "text.color": "#564c37",
        "bottom.text.color": "#877752"
    },
    "chathistory.privatechat.common": {
        "name.text.color": "#d38f74",
        "timer.text.color": "#d8c9b7",
        "autoresend.icon.tintcolor": "#d8c9b7",
        "time.text.color": "#d8c9b7"
    },
    "select.chat.tab": {
        "background.image": "gnb_bg_select.9.png",
        "selectorBar.background.color": "#f1a844",
        "text.shadow": "#00000000",
        "text.color": {
            "normal": "#bc8e37",
            "selected": "#7e5932"
        }
    },
    "chathistory.input.sendButton.selectType": {
        "icon.tintcolor": {
            "normal": "#afa599",
            "selected": "#d66a4b"
        },
        "text.color": {
            "normal": "#afa599",
            "selected": "#d66a4b"
        }
    },
    "chathistory.option.item.voip.video.image": {
        "video.call.image": "chatroom_option_ic_videocall_normal.png",
        "video.call.dimmed.image": "chatroom_option_ic_videocall_disable.png"
    },
    "moreMenu.lower.item": {
        "newIcon.image": "more_ic_new.png",
        "icon.tintcolor": "#9d7d5e",
        "background.color": {
            "normal": "#fcf7ec",
            "pressed": "#f4ede0"
        },
        "text.color": "#9d7d5e"
    },
    "list.common": {"divider.background.color": "#ede2d9"},
    "chathistory.balloon.send": {"background.image": {
        "normal": "chatroom_balloon_send_normal.9.png",
        "pressed": "chatroom_balloon_send_pressed.9.png"
    }},
    "navigationBar.search": {
        "back.icon.tintcolor": {
            "normal": "#4c352c",
            "pressed": "#4c352c"
        },
        "underbar.background.color": "#4c352c",
        "background.image": "header_bg.9.png",
        "text.hint": "#b18835",
        "cancel.icon.tintcolor": "#4c352c",
        "text.color": "#4c352c"
    },
    "album.detail.menu": {
        "checked.icon.tintcolor": "#4d381d",
        "item.color": {
            "normal": "#4d381d",
            "selected": "#4d381d"
        }
    },
    "friendlist.item": {
        "phoneIcon.tintcolor": {
            "normal": "#a38e7c",
            "pressed": "#96816e"
        },
        "phoneNumberText.color": "#d17c5a",
        "nameText.color": "#4d381d",
        "phoneIcon.background.tintcolor": {
            "normal": "#f1ebe0",
            "pressed": "#ebe4d9"
        },
        "addFriend.background.tintcolor": {
            "normal": "#f1ebe0",
            "pressed": "#ebe4d9"
        },
        "arrowIcon.tintcolor": "#c7b298",
        "moreButton.text.color": "#ffffff",
        "updateIcon.tintcolor": "#ec7e5c",
        "addInviteButton.background.image": {
            "normal": "button_r10_normal.9.png",
            "pressed": "button_r10_pressed.9.png"
        },
        "addFriend.icon.tintcolor": "#a38e7c",
        "descriptionText.color": "#d17c5a",
        "statusText.color": "#d17c5a",
        "checkboxOff.image": "list_checkbox_img_normal.png",
        "checkboxOn.image": "list_checkbox_img_selected.png",
        "addInviteButton.color": "#ffffff",
        "moreButton.background.image": {
            "normal": "button_r01_normal.9.png",
            "pressed": "button_r01_pressed.9.png"
        }
    },
    "chathistory.option.item": {
        "button.background.color": {
            "normal": "#fcd67e",
            "pressed": "#f9cd6e"
        },
        "bottom.divider.background.color": "#edc771",
        "text.color": {
            "normal": "#a1772d",
            "dimmed": "#66a1772d"
        }
    },
    "profile.thumbnail": {
        "group.small.image": "group_thumbnail_small.png",
        "single.big.image": "user_thumbnail_large_00.png",
        "group.big.image": "group_thumbnail_large.png",
        "single.small.image": "user_thumbnail_small_00.png"
    },
    "chathistory.privatechat.view.common": {"background.image": "chatroom_bg_hidden.9.png"},
    "main.view.common": {"background.color": "#fcf7ec"},
    "chathistory.input.voice": {
        "voip.background.color": {
            "normal": "#fcd67e",
            "pressed": "#f3c864"
        },
        "voip.icon.tintcolor": "#4c352c",
        "voip.text.color": "#4c352c",
        "close.background.color": {
            "normal": "#d66a4b",
            "pressed": "#c05f43"
        },
        "close.icon.tintcolor": "#f9f9f9"
    },
    "manifest": {
        "schemaVersion": 1,
        "provider": {
            "name": "LINE Corporation",
            "url": "http://www.linecorp.com"
        },
        "themeVersion": "5.10.0",
        "name": "Kamiusagi-rope",
        "platform": "Android",
        "revision": 6,
        "quality": 85
    },
    "noticenter2": {
        "title.text.color": "#4d381d",
        "arrow.icon.image": "timeline_img_tabarrow.png",
        "background.color": "#ffffff",
        "more.icon.tintcolor": "#b19474"
    },
    "chathistory.link.send.msg": {
        "bottom.background.image": "chatroom_gamemsg_line_send.9.png",
        "detail.text.color": "#877752",
        "arrow.tintcolor": "#c3ac70",
        "text.color": "#564c37"
    },
    "chathistory.spammer": {
        "name.text.color": "#ca643c",
        "button.background.image": {
            "normal": "button_r06_normal.9.png",
            "pressed": "button_r06_pressed.9.png"
        },
        "background.image": "chatroom_spammer_bg.9.png",
        "button.text.color": "#ffffff",
        "text.color": "#4d381d"
    },
    "navigationBar.moreMenu": {"item.text.color": "#4d381d"},
    "tabBar.item": {"badge.background.image": "gnb_num_bg.9.png"},
    "chathistory.balloon.video.default.recv": {"background.color": "#ffffff"},
    "addFriend.tab.addGroup": {
        "icon.background.tintcolor": "#f1ebe0",
        "icon.tintcolor": "#6e4d18",
        "subtext.color": "#d17c5a",
        "updateButton.tintcolor": {
            "normal": "#d57a56",
            "pressed": "#bc6f51"
        },
        "addButton.text.color": "#ffffff",
        "background.color": {
            "normal": "#fcf7ec",
            "pressed": "#f6eee2"
        },
        "addButton.background.tintcolor": {
            "normal": "#d57a56",
            "pressed": "#bc6f51"
        },
        "arrow.tintcolor": "#ad9464",
        "text.color": "#4d381d"
    },
    "chathistory.contact.recv.msg": {
        "arrow.tintcolor": "#c3c1be",
        "text.color": "#56514c"
    },
    "myhome.lineend.smiley": {"smiley.tintcolor": "#4c352c"},
    "splash": {
        "splash.background.image": {
            "normal": "",
            "top": [
                "splash_img.png",
                "splash_logo.png"
            ],
            "gravity": [
                "center",
                "bottom"
            ]
        },
        "background.color": "#fbc43d"
    },
    "passcode": {
        "number.background.tintcolor": {
            "normal": "#fbc43d",
            "pressed": "#f4b938"
        },
        "passcode3.input.image": "password_ic_03_on.png",
        "passcode2.background.image": "password_ic_02_off.png",
        "passcode1.input.image": "password_ic_01_on.png",
        "number.text.tintcolor": "#4d381d",
        "passcode2.input.image": "password_ic_02_on.png",
        "passcode4.background.image": "password_ic_04_off.png",
        "background.color": "#fbc43d",
        "top.background.color": "#fbc43d",
        "text.color": "#4d381d",
        "infotext.color": "#816227",
        "passcode1.background.image": "password_ic_01_off.png",
        "number.delete.tintcolor": {
            "normal": "#4d381d",
            "pressed": "#4d381d"
        },
        "passcode3.background.image": "password_ic_03_off.png",
        "number.cancel.text.color": {
            "normal": "#4d381d",
            "pressed": "#664d381d"
        },
        "passcode4.input.image": "password_ic_04_on.png"
    },
    "myhome.post.body": {"text.color": "#323232"}
}