{
    "calllist.item": {
        "dateText.color": "#ffd2d1",
        "phoneIcon.tintcolor": {
            "normal": "#ffd2d1",
            "pressed": "#fcb7b6"
        },
        "nameText.color": "#fcf5f5",
        "phoneIcon.background.tintcolor": {
            "normal": "#ef817f",
            "pressed": "#ea7c7a"
        },
        "dateIcon.tintcolor": "#ffd2d1"
    },
    "chathistory.attach.header": {
        "background.image": "header_bg.9.png",
        "text.color": "#ffffff"
    },
    "friendlist.category": {
        "textSeeAll.color": "#e36d6b",
        "arrowClose.tintcolor": "#e36d6b",
        "arrowOpen.tintcolor": "#e36d6b",
        "textSeeAll.arrow.tintcolor": "#e36d6b",
        "background.color": "#f78f8d",
        "text.color": "#ba5b59"
    },
    "chathistory.file.recv.msg": {
        "file.icon.tintcolor": "#915c5c",
        "expire.text.color": "#d96e6c",
        "arrow.tintcolor": "#d96e6c",
        "text.color": "#3d1818"
    },
    "tabBar.item.talk": {
        "normal.image": "gnb_ic_chats_normal.png",
        "selected.image": "gnb_ic_chats_selected.png"
    },
    "chathistory.text.send.msg": {"text.color": "#3d1818"},
    "grouphome.main": {
        "tab.text.color": "#e8bebd",
        "moreTab.icon.tintcolor": {
            "normal": "#ffd2d1",
            "pressed": "#f78f8d"
        },
        "albumCreateBtn.image": {
            "normal": "group_ic_postalbum.png",
            "pressed": "group_ic_postalbum_pressed.png"
        },
        "selectedTab.text.color": "#e36d6b",
        "tab.background.color": "#ffffff",
        "postWriteBtn.image": {
            "normal": "group_ic_writepost.png",
            "pressed": "group_ic_writepost_pressed.png"
        },
        "tabBottomLine.background.color": "#e36d6b"
    },
    "chathistory.option.item.voip.video": {
        "background.color": {
            "normal": "#f08684",
            "pressed": "#e37876"
        },
        "text.color": {
            "normal": "#fcf5f5",
            "dimmed": "#66f1f7fd"
        }
    },
    "chathistory.text.recv.msg": {"text.color": "#3d1818"},
    "addFriend.tab.icon": {
        "idsearch.image": "gnb_ic_search.png",
        "invite.image": "gnb_ic_contacts.png",
        "qrcode.image": "gnb_ic_qrcode.png",
        "shakeit.image": "gnb_ic_shakeit.png"
    },
    "chathistory.balloon.text.send": {"background.image": {
        "normal": "chatroom_balloon_send_normal.9.png",
        "padding": "11 5 16 8",
        "pressed": "chatroom_balloon_send_pressed.9.png"
    }},
    "friendlist.common": {"noresult.text.color": "#db6967"},
    "chatlist.item": {
        "messageText.color": "#ffd2d1",
        "nameText.color": "#fcf5f5",
        "newIcon.image": "list_category_chat_new.png",
        "timeText.color": "#e36d6b",
        "muteIcon.tintcolor": "#ffd2d1",
        "messageCountText.color": "#C76967",
        "messageCountText.background.image": "list_category_chat_num.9.png"
    },
    "chathistory.attach.item": {
        "icon.tintcolor": "#fcf5f5",
        "external.icon.tintcolor": "#fcf5f5",
        "background.color": {
            "normal": "#f08684",
            "pressed": "#ea807f"
        },
        "text.color": "#ffffff"
    },
    "chathistory.common": {
        "datebar.background.image": "chatroom_date.9.png",
        "soundsticker.icon.tintcolor": "#ffd2d1",
        "autoresend.icon.tintcolor": "#ffd2d1",
        "checkBox.image": {
            "normal": "list_checkbox_img_normal.png",
            "selected": "list_checkbox_img_selected.png"
        },
        "time.color": "#ffd2d1",
        "name.color": "#fcf5f5",
        "datebar.text.color": "#fec5c3"
    },
    "bottom.button.common": {
        "button1.background.color": {
            "normal": "#e37876",
            "pressed": "#d46966",
            "dimmed": "#e37876"
        },
        "button2.background.color": {
            "normal": "#d66d69",
            "pressed": "#c75d5b",
            "dimmed": "#d66d69"
        },
        "button1.text.color": {
            "normal": "#ffffff",
            "dimmed": "#66ffffff"
        },
        "button2.text.color": {
            "normal": "#ffffff",
            "dimmed": "#66ffffff"
        }
    },
    "invitemember.tab.item": {
        "icon.tintcolor": "#ffffff",
        "background.image": {
            "normal": "gnb_bg_addfriend_normal.9.png",
            "pressed": "gnb_bg_addfriend_pressed.9.png"
        },
        "text.color": "#ffffff"
    },
    "chathistory.music.recv.msg": {
        "title.text.color": "#3d1818",
        "playlist.default.image": "chatroom_ic_music_playlist.png",
        "playbtn.default.image": "chatroom_music_play_default.png",
        "playing.image": "chatroom_music_bar_playing.png",
        "playbtn.background.pressed.image": "chatroom_music_bar_pressed.png",
        "stopbtn.default.image": "chatroom_music_stop_default.png",
        "playbtn.pressed.image": "chatroom_music_play_pressed.png",
        "playbtn.background.default.image": "chatroom_music_bar_default.png",
        "typename.text.color": "#736161",
        "topic.default.image": "chatroom_ic_music_topic.png",
        "service.text.color": "#736161",
        "loading.image": "chatroom_music_loading.png",
        "artist.text.color": "#736161",
        "stopbtn.pressed.image": "chatroom_music_stop_pressed.png"
    },
    "myhome.post.bottom": {
        "commentText.color": "#f78f8d",
        "commentIcon.image": {
            "normal": "timeline_ic_postcomment.png",
            "selected": "timeline_ic_postcomment.png"
        },
        "likeText.color": "#f78f8d",
        "likeIcon.image": {
            "normal": "timeline_ic_postlike_off.png",
            "selected": "timeline_ic_postlike_on.png"
        },
        "likeCountText.color": "#f78f8d",
        "commentCountText.color": "#f78f8d"
    },
    "chathistory.balloon.recv": {"background.image": {
        "normal": "chatroom_balloon_rec_normal.9.png",
        "pressed": "chatroom_balloon_rec_pressed.9.png"
    }},
    "chathistory.memberlist.area": {"background.color": "#33000000"},
    "chathistory.contact.send.msg": {
        "arrow.tintcolor": "#e36d6b",
        "text.color": "#3d1818"
    },
    "tabBar.item.friend": {
        "normal.image": "gnb_ic_friends_normal.png",
        "selected.image": "gnb_ic_friends_selected.png"
    },
    "moreMenu.item": {
        "newIcon.image": "more_ic_new.png",
        "background.color": {
            "normal": "#f08684",
            "pressed": "#ea807f"
        },
        "text.color": "#ffd2d1"
    },
    "myhome.list.header": {
        "updateTitleText.color": "#ffd2d1",
        "updateText.color": "#ffd2d1",
        "updateTimeText.color": "#ffd2d1"
    },
    "chathistory.file.send.msg": {
        "file.icon.tintcolor": "#915c5c",
        "expire.text.color": "#d96e6c",
        "arrow.tintcolor": "#d96e6c",
        "text.color": "#3d1818"
    },
    "chathistory.privatechat.balloon.receive.text": {
        "background.image": {
            "normal": "chatroom_balloon_hidden.9.png",
            "pressed": "chatroom_balloon_hidden.9.png"
        },
        "icon.arrow.tintcolor": "#d96e6c",
        "text.color": "#3d1818"
    },
    "common.empty.page": {
        "zero.subtitle.color": "#ffd2d1",
        "zerobutton.text.color": "#ffffff",
        "call.name.text.color": "#fcf5f5",
        "zero.title.color": "#ffd2d1",
        "zero.image": "zero_img_empty.png",
        "error.subtitle.color": "#ffd2d1",
        "error.button.background.image": {
            "normal": "button_r07_normal.9.png",
            "pressed": "button_r07_pressed.9.png"
        },
        "call.link.text.color": "#ffd2d1",
        "error.button.text.color": "#ffffff",
        "zerobutton.background.image": {
            "normal": "button_r07_normal.9.png",
            "pressed": "button_r07_pressed.9.png"
        },
        "error.image": "zero_img_error.png"
    },
    "grouphome.friend.request": {
        "btn.background.color": {
            "normal": "#e37876",
            "pressed": "#d46966"
        },
        "btn.text.color": "#ffffff",
        "background.color": "#7f000000",
        "message.text.color": "#ffffff",
        "message.icon.tintcolor": "#ffffff"
    },
    "notification.popup": {
        "setting.checkbox.background.image": {
            "normal": "list_checkbox_img_normal.png",
            "selected": "list_checkbox_img_selected.png"
        },
        "title.logo.tintcolor": "#ffffff",
        "title.username.text.color": "#ffffff",
        "title.groupname.text.color": "#ffffff",
        "title.count.background.image": "popup_noti_img_num_bg.9.png",
        "title.background.image": "popup_noti_bg_top.9.png",
        "title.setting.image.tintcolor": "#ffffff",
        "reply.input.bar.background.color": {
            "normal": "#b2b2b2",
            "selected": "#b2b2b2"
        },
        "title.count.text.color": "#ffffff",
        "reply.sendbutton.tintcolor": {
            "normal": "#f78f8d",
            "pressed": "#ea807f",
            "selected": "#ea807f"
        }
    },
    "tabBar.item.call": {
        "normal.image": "gnb_ic_call_normal.png",
        "selected.image": "gnb_ic_call_selected.png"
    },
    "tabBar": {
        "background.image": "gnb_bg.9.png",
        "selectorBar.background.color": "#ffffff",
        "shadow.image": "gnb_gra.9.png"
    },
    "chathistory.attach.item.image": {
        "contact.image": {"normal": "chatroom_attach_ic_info.png"},
        "take.video.image": {"normal": "chatroom_attach_ic_takevideo.png"},
        "choose.video.image": {"normal": "chatroom_attach_ic_chooesvideo.png"},
        "take.photo.image": {"normal": "chatroom_attach_ic_takephoto.png"},
        "choose.photo.image": {"normal": "chatroom_attach_ic_photo.png"},
        "audio.image": {"normal": "chatroom_attach_ic_voicemessage.png"},
        "location.image": {"normal": "chatroom_attach_ic_location.png"}
    },
    "tabBar.item.more": {
        "normal.image": "gnb_ic_more_normal.png",
        "selected.image": "gnb_ic_more_selected.png"
    },
    "chathistory.groupboard.recv.msg": {
        "videoicon.tintcolor": "#ed7b79",
        "more.text.color": "#ed7b79",
        "photo.default.tintcolor": "#ed7b79",
        "photoicon.tintcolor": "#ed7b79",
        "bottom.background.image": "chatroom_gamemsg_line_rec.9.png",
        "sticker.default.tintcolor": "#ed7b79",
        "video.default.tintcolor": "#ed7b79",
        "location.text.color": "#3d1818",
        "arrow.tintcolor": "#e36d6b",
        "text.color": "#3d1818",
        "bottom.text.color": "#ed7b79"
    },
    "myhome.background": {"background.color": "#f78f8d"},
    "navigationBar.tab": {"text.color": {
        "normal": "#ffffff",
        "selected": "#66ffffff"
    }},
    "grouphome.member.category": {
        "edit.btn.background.image": {
            "normal": "button_r10_normal.9.png",
            "pressed": "button_r10_pressed.9.png"
        },
        "category.text.color": "#ba5b59",
        "category.divider.background.color": "#ed7b79",
        "category.count.text.color": "#ba5b59",
        "edit.btn.text.color": "#ffd2d1"
    },
    "chathistory.balloon.video.default.send": {"background.color": "#ffeb6b"},
    "moreMenu.topbanner.item": {
        "subtext.color": "#fec5c3",
        "arrowIcon.tintcolor": "#e36d6b",
        "background.color": "#f08684",
        "topDivider.background.color": "#ed7b79",
        "text.color": "#ffffff"
    },
    "chathistory.music.send.msg": {
        "title.text.color": "#3d1818",
        "playlist.default.image": "chatroom_ic_music_playlist.png",
        "playbtn.default.image": "chatroom_music_play_default.png",
        "playing.image": "chatroom_music_bar_playing.png",
        "playbtn.background.pressed.image": "chatroom_music_bar_pressed.png",
        "stopbtn.default.image": "chatroom_music_stop_default.png",
        "playbtn.pressed.image": "chatroom_music_play_pressed.png",
        "playbtn.background.default.image": "chatroom_music_bar_default.png",
        "typename.text.color": "#644229",
        "topic.default.image": "chatroom_ic_music_topic.png",
        "service.text.color": "#644229",
        "loading.image": "chatroom_music_loading.png",
        "artist.text.color": "#644229",
        "stopbtn.pressed.image": "chatroom_music_stop_pressed.png"
    },
    "grouphome.error": {
        "btn.text.color": "#ffffff",
        "sticker.image": "zero_img_error.png",
        "icon.tintcolor": "#ffd2d1",
        "msg.text.color": "#ffd2d1",
        "btn.text.background.image": {
            "normal": "button_r07_normal.9.png",
            "pressed": "button_r07_pressed.9.png"
        },
        "msg.text.shadow": "#00000000"
    },
    "select.chat.bottom": {
        "button.background.color": {
            "normal": "#e37876",
            "pressed": "#d46966"
        },
        "button.icon.tintcolor": "#ffffff",
        "button.text.color": {
            "normal": "#ffffff",
            "dimmed": "#7fffffff"
        }
    },
    "chathistory.option.item.voip.voice": {
        "background.color": {
            "normal": "#f08684",
            "pressed": "#e37876"
        },
        "text.color": {
            "normal": "#fcf5f5",
            "dimmed": "#66f1f7fd"
        }
    },
    "chathistory.view.common": {
        "background.image.pattern": "false",
        "background.color": "#f89e9c"
    },
    "chathistory.input": {
        "inputText.color": "#000000",
        "photoButton.icon.image": "chatroom_ic_photo.png",
        "inputText.hint": "#f1adac",
        "attachButton.icon.image": "chatroom_ic_add.png",
        "background.image": "chatroom_input_bg.9.png",
        "sendButton.background.color": {
            "normal": "#ffeb6b",
            "pressed": "#f5d922"
        },
        "sendButton.tintcolor": "#e68280",
        "eskButton.icon.image": "chatroom_ic_stickers.png"
    },
    "friendlist.item.common": {
        "new.background.color": {
            "normal": "#faa4a2",
            "pressed": "#f99f9d"
        },
        "checked.background.color": {
            "normal": "#ec8381",
            "pressed": "#ec8381"
        },
        "background.color": {
            "normal": "#f78f8d",
            "pressed": "#ec8381"
        }
    },
    "chathistory.privatechat.tooltip": {"text.color": "#f78f8d"},
    "chathistory.option.item.image": {
        "block.image": "chatroom_option_ic_block.png",
        "timer.image": "chatroom_option_ic_timer_normal.png",
        "recommend.dimmed.image": "chatroom_option_ic_recom_disable.png",
        "edit.group.image": "chatroom_option_ic_editgroup_normal.png",
        "invite.image": "chatroom_option_ic_invite_normal.png",
        "leave.dimmed.image": "chatroom_option_ic_leave_disable.png",
        "leave.image": "chatroom_option_ic_leave_normal.png",
        "line.call.dimmed.image": "chatroom_option_ic_linecall_disable.png",
        "album.image": "chatroom_option_ic_albums_normal.png",
        "recommend.image": "chatroom_option_ic_recom_normal.png",
        "create.group.dimmed.image": "chatroom_option_ic_creategroup_disable.png",
        "timer.dimmed.image": "chatroom_option_ic_timer_disable.png",
        "create.group.image": "chatroom_option_ic_creategroup_normal.png",
        "edit.image": "chatroom_option_ic_edit_normal.png",
        "edit.group.dimmed.image": "chatroom_option_ic_editgroup_disable.png",
        "photo.video.dimmed.image": "chatroom_option_ic_pv_disable.png",
        "notification.on.image": "chatroom_option_ic_noti_off.png",
        "album.dimmed.image": "chatroom_option_ic_albums_disable.png",
        "setting.dimmed.image": "chatroom_option_ic_setting_disable.png",
        "invite.dimmed.image": "chatroom_option_ic_invite_disable.png",
        "notification.off.image": "chatroom_option_ic_noti_on.png",
        "setting.image": "chatroom_option_ic_setting_normal.png",
        "unblock.image": "chatroom_option_ic_unblock.png",
        "photo.video.image": "chatroom_option_ic_pv_normal.png",
        "edit.dimmed.image": "chatroom_option_ic_edit_disable.png",
        "line.call.image": "chatroom_option_ic_linecall_normal.png",
        "photo.image": "chatroom_option_ic_pv_normal.png",
        "send.gift.dimmed.image": "chatroom_option_ic_gift_disable.png",
        "send.gift.image": "chatroom_option_ic_gift_normal.png"
    },
    "myhome.write.post": {
        "icon.tintcolor": "#e68280",
        "text.color": "#e68280"
    },
    "chathistory.gift.send.msg": {
        "background.image": "chatroom_balloon_gift_send.9.png",
        "text.color": "#3d1818"
    },
    "chathistory.voip.send.msg": {
        "icon.tintcolor": "#7d584c",
        "linecall.text.color": "#7d584c",
        "text.color": "#7d584c"
    },
    "chathistory.privatechat.header.banner.item": {
        "icon.tintcolor": "#e68280",
        "text.color": "#e68280"
    },
    "view.common": {"background.color": "#f78f8d"},
    "chathistory.groupboard.tip": {"text.color": "#f78f8d"},
    "search.chat.highlightColor": {
        "chatList.text.color": "#ffeb6b",
        "receiveMessage.text.color": "#f78f8d",
        "sendMessage.text.color": "#f78f8d"
    },
    "myhome.cover": {
        "officialHomeProfileText.color": "#3d1818",
        "officialHomeProfileArrow.tintcolor": {
            "normal": "#f78f8d",
            "pressed": "#f78f8d"
        }
    },
    "navigationBar": {
        "title.text.color": "#ffffff",
        "button.background.color": {
            "normal": "#00000000",
            "pressed": "#00000000"
        },
        "badge.text.color": "#ffffff",
        "button.tintcolor": {
            "normal": "#ffffff",
            "pressed": "#fcd2d1",
            "dimmed": "#fcd2d1",
            "selected": "#ffffff"
        },
        "background.image": "header_bg.9.png",
        "badge.new.image": "header_ic_new.png",
        "button.text.color": {
            "normal": "#ffffff",
            "pressed": "#fcd2d1",
            "dimmed": "#fcd2d1",
            "selected": "#ffffff"
        },
        "title.button.tintcolor": "#ffffff",
        "status.background.color": "#be6e6c",
        "badge.count.background.image": "header_num_bg.9.png"
    },
    "chathistory.voice.recv.msg": {
        "speak.expire.image": "chatroom_ic_voicemsg_rec_x.png",
        "bottom.background.image": "chatroom_voicemsg_line_w_rec.9.png",
        "colon.tintcolor": {
            "normal": "#ebdfdf",
            "selected": "#915c5c"
        },
        "seperator.image": "chatroom_voicemsg_line_h_rec.9.png",
        "speak3.image": "chatroom_ic_voicemsg_rec_03.png",
        "speak1.image": "chatroom_ic_voicemsg_rec_01.png",
        "share.image": {
            "normal": "chatroom_ic_voicemsg_rec_share.png",
            "selected": "chatroom_ic_voicemsg_rec_share_pressed.png"
        },
        "play.image": {
            "normal": "chatroom_ic_voicemsg_rec_play.png",
            "selected": "chatroom_ic_voicemsg_rec_play_pressed.png"
        },
        "speak.image": "chatroom_ic_voicemsg_rec_00.png",
        "pause.image": {
            "normal": "chatroom_ic_voicemsg_rec_pause.png",
            "selected": "chatroom_ic_voicemsg_rec_pause_pressed.png"
        },
        "speak2.image": "chatroom_ic_voicemsg_rec_02.png",
        "text.color": {
            "normal": "#ebdfdf",
            "selected": "#915c5c"
        }
    },
    "tabBar.item.timeline": {
        "highlight.image": "gnb_ic_timeline_new.png",
        "normal.image": "gnb_ic_timeline_normal.png",
        "selected.image": "gnb_ic_timeline_selected.png"
    },
    "grouphome.member.profile": {
        "add.btn.icon.tintcolor": "#f78f8d",
        "profile.name.text.color": "#fcf5f5"
    },
    "addFriend.tab.item": {
        "background.image": {
            "normal": "gnb_bg_addfriend_normal.9.png",
            "pressed": "gnb_bg_addfriend_pressed.9.png"
        },
        "text.color": "#ffffff"
    },
    "chathistory.voice.send.msg": {
        "speak.expire.image": "chatroom_ic_voicemsg_send_x.png",
        "bottom.background.image": "chatroom_voicemsg_line_w_send.9.png",
        "colon.tintcolor": {
            "normal": "#d6c84d",
            "selected": "#915c5c"
        },
        "seperator.image": "chatroom_voicemsg_line_h_send.9.png",
        "speak3.image": "chatroom_ic_voicemsg_send_03.png",
        "speak1.image": "chatroom_ic_voicemsg_send_01.png",
        "share.image": {
            "normal": "chatroom_ic_voicemsg_send_share.png",
            "selected": "chatroom_ic_voicemsg_send_share_pressed.png"
        },
        "play.image": {
            "normal": "chatroom_ic_voicemsg_send_play.png",
            "selected": "chatroom_ic_voicemsg_send_play_pressed.png"
        },
        "speak.image": "chatroom_ic_voicemsg_send_00.png",
        "pause.image": {
            "normal": "chatroom_ic_voicemsg_send_pause.png",
            "selected": "chatroom_ic_voicemsg_send_pause_pressed.png"
        },
        "speak2.image": "chatroom_ic_voicemsg_send_02.png",
        "text.color": {
            "normal": "#d6c84d",
            "selected": "#915c5c"
        }
    },
    "chathistory.option.item.voip.voice.image": {
        "voice.call.dimmed.image": "chatroom_option_ic_freecall_disable.png",
        "voice.call.image": "chatroom_option_ic_freecall_normal.png"
    },
    "chathistory.onair": {
        "background.image": "chatroom_onair_bg.9.png",
        "subtext.color": "#ffd2d1",
        "text.color": "#fcf5f5"
    },
    "chathistory.voip.recv.msg": {
        "icon.tintcolor": "#805b5b",
        "linecall.text.color": "#805b5b",
        "text.color": "#805b5b"
    },
    "moreMenu.view": {"background.color": "#f08684"},
    "myhome.post.header": {
        "groupBtn.popup.arrow.tintcolor": "#f6d6d9",
        "nameText.color": "#3d1818",
        "groupBtn.background.image": {
            "normal": "button_r09_normal.9.png",
            "pressed": "button_r09_pressed.9.png"
        },
        "groupBtn.text.color": "#f78f8d",
        "groupBtn.popup.background.image": "timeline_img_bg_see_bg01.9.png",
        "sharePostMessage.color": "#3d1818",
        "groupBtn.popup.pressed.reverse.background.image": {
            "normal": "",
            "pressed": "timeline_img_bg_see_bg02_pressed.9.png"
        },
        "groupBtn.popup.divider.background.color": "#de6866",
        "groupBtn.icon.tintcolor": "#f78f8d",
        "groupBtn.popup.reverse.background.image": "timeline_img_bg_see_bg02.9.png",
        "timeText.color": "#b4b4b4",
        "groupBtn.popup.detail.text.color": "#fedede",
        "groupBtn.popup.pressed.background.image": {
            "normal": "",
            "pressed": "timeline_img_bg_see_bg01_pressed.9.png"
        },
        "groupBtn.popup.text.color": "#ffffff"
    },
    "chathistory.balloon.text.recv": {"background.image": {
        "normal": "chatroom_balloon_rec_normal.9.png",
        "padding": "16 5 11 8",
        "pressed": "chatroom_balloon_rec_pressed.9.png"
    }},
    "timeline.list.newpost": {
        "background.image": {
            "normal": "timeline_newpost_btn.9.png",
            "pressed": "timeline_newpost_btn.9.png"
        },
        "text.color": "#f78f8d"
    },
    "chathistory.gift.recv.msg": {
        "button.background.image": {
            "normal": "button_r07_normal.9.png",
            "pressed": "button_r07_pressed.9.png"
        },
        "background.image": "chatroom_balloon_gift_rec.9.png",
        "button.text.color": "#ffffff",
        "button.text.shadow": "#00000000",
        "text.color": "#3d1818"
    },
    "grouphome.empty": {
        "empty.album.icon.image.tintcolor": "#fcf5f5",
        "empty.btn.text.color": "#ffffff",
        "empty.note.icon.image.tintcolor": "#fcf5f5",
        "empty.btn.background.image": {
            "normal": "button_r07_normal.9.png",
            "pressed": "button_r07_pressed.9.png"
        },
        "empty.text.color": "#fcf5f5"
    },
    "multi.userselect": {
        "name.text.color": "#fcf5f5",
        "background.color": "#f08886"
    },
    "chathistory.link.recv.msg": {
        "bottom.background.image": "chatroom_gamemsg_line_rec.9.png",
        "detail.text.color": "#ed7b79",
        "arrow.tintcolor": "#e36d6b",
        "text.color": "#111111"
    },
    "timeline.userrecall": {
        "recalled.user.text.color": "#f78f8d",
        "recall.user.text.color": "#ffffff",
        "suggest.dialog.text.color": "#f78f8d",
        "recall.user.text.background.color": "#f78f8d"
    },
    "searchBar": {
        "underbar.background.color": {
            "normal": "#ed7b79",
            "selected": "#ed7b79"
        },
        "text.hint": "#ffd2d1",
        "search.icon.image": "list_ic_search.png",
        "cancel.icon.tintcolor": "#ffd2d1",
        "text.color": "#ffffff"
    },
    "chathistory.groupboard.send.msg": {
        "videoicon.tintcolor": "#ed7b79",
        "more.text.color": "#ed7b79",
        "photo.default.tintcolor": "#ed7b79",
        "photoicon.tintcolor": "#ed7b79",
        "bottom.background.image": "chatroom_gamemsg_line_send.9.png",
        "sticker.default.tintcolor": "#ed7b79",
        "video.default.tintcolor": "#ed7b79",
        "location.text.color": "#3d1818",
        "arrow.tintcolor": "#e36d6b",
        "text.color": "#3d1818",
        "bottom.text.color": "#ed7b79"
    },
    "chathistory.privatechat.common": {
        "name.text.color": "#fcf5f5",
        "timer.text.color": "#ffd2d1",
        "autoresend.icon.tintcolor": "#ffd2d1",
        "time.text.color": "#ffd2d1"
    },
    "select.chat.tab": {
        "background.image": "gnb_bg_select.9.png",
        "selectorBar.background.color": "#ed7b79",
        "text.shadow": "#00000000",
        "text.color": {
            "normal": "#e8bebd",
            "selected": "#e87875"
        }
    },
    "chathistory.input.sendButton.selectType": {
        "icon.tintcolor": {
            "normal": "#d4c1c1",
            "selected": "#e68280"
        },
        "text.color": {
            "normal": "#d4c1c1",
            "selected": "#e68280"
        }
    },
    "chathistory.option.item.voip.video.image": {
        "video.call.image": "chatroom_option_ic_videocall_normal.png",
        "video.call.dimmed.image": "chatroom_option_ic_videocall_disable.png"
    },
    "moreMenu.lower.item": {
        "newIcon.image": "more_ic_new.png",
        "icon.tintcolor": "#fcf5f5",
        "background.color": {
            "normal": "#f08684",
            "pressed": "#ea807f"
        },
        "text.color": "#ffd2d1"
    },
    "list.common": {"divider.background.color": "#ed7b79"},
    "chathistory.balloon.send": {"background.image": {
        "normal": "chatroom_balloon_send_normal.9.png",
        "pressed": "chatroom_balloon_send_pressed.9.png"
    }},
    "navigationBar.search": {
        "back.icon.tintcolor": {
            "normal": "#ffffff",
            "pressed": "#ffffff"
        },
        "underbar.background.color": "#ed7b79",
        "background.image": "header_bg.9.png",
        "text.hint": "#ffd2d1",
        "cancel.icon.tintcolor": "#ffffff",
        "text.color": "#ffffff"
    },
    "album.detail.menu": {
        "checked.icon.tintcolor": "#ba5b59",
        "item.color": {
            "normal": "#e68280",
            "selected": "#ba5b59"
        }
    },
    "friendlist.item": {
        "phoneIcon.tintcolor": {
            "normal": "#ffd2d1",
            "pressed": "#fcb7b6"
        },
        "nameText.color": "#fcf5f5",
        "phoneIcon.background.tintcolor": {
            "normal": "#ef817f",
            "pressed": "#ea7c7a"
        },
        "addFriend.background.tintcolor": {
            "normal": "#ef817f",
            "pressed": "#ea7c7a"
        },
        "arrowIcon.tintcolor": "#e36d6b",
        "updateIcon.tintcolor": "#ffeb6b",
        "addInviteButton.background.image": {
            "normal": "button_r09_normal.9.png",
            "pressed": "button_r09_pressed.9.png"
        },
        "addFriend.icon.tintcolor": "#fbbbba",
        "descriptionText.color": "#ffd2d1",
        "statusText.color": "#ffd2d1",
        "checkboxOff.image": "list_checkbox_img_normal.png",
        "checkboxOn.image": "list_checkbox_img_selected.png",
        "addInviteButton.color": "#de6866"
    },
    "chathistory.option.item": {
        "button.background.color": {
            "normal": "#f08684",
            "pressed": "#e37876"
        },
        "bottom.divider.background.color": "#ed7b79",
        "text.color": {
            "normal": "#ffffff",
            "dimmed": "#66f1f7fd"
        }
    },
    "profile.thumbnail": {
        "group.small.image": "group_thumbnail_small.png",
        "single.big.image": "user_thumbnail_large_00.png",
        "group.big.image": "group_thumbnail_large.png",
        "single.small.image": "user_thumbnail_small_00.png"
    },
    "chathistory.privatechat.view.common": {"background.image": "chatroom_bg_hidden.9.png"},
    "main.view.common": {"background.color": "#f78f8d"},
    "chathistory.input.voice": {
        "voip.background.color": {
            "normal": "#ffeb6b",
            "pressed": "#f5d922"
        },
        "voip.icon.tintcolor": "#e68280",
        "voip.text.color": "#e68280",
        "close.background.color": {
            "normal": "#e68280",
            "pressed": "#d96e6c"
        },
        "close.icon.tintcolor": "#ffffff"
    },
    "manifest": {
        "schemaVersion": 1,
        "provider": {
            "name": "LINE Corporation",
            "url": "http://www.linecorp.com"
        },
        "themeVersion": "5.10.0",
        "name": "CoralPink",
        "platform": "Android",
        "revision": 13,
        "quality": 85
    },
    "noticenter2": {
        "title.text.color": "#f78f8d",
        "arrow.icon.image": "timeline_img_tabarrow.png",
        "background.color": "#ffffff",
        "more.icon.tintcolor": "#f78f8d"
    },
    "chathistory.link.send.msg": {
        "bottom.background.image": "chatroom_gamemsg_line_send.9.png",
        "detail.text.color": "#ed7b79",
        "arrow.tintcolor": "#e36d6b",
        "text.color": "#111111"
    },
    "chathistory.spammer": {
        "name.text.color": "#fcf5f5",
        "button.background.image": {
            "normal": "button_r06_normal.9.png",
            "pressed": "button_r06_pressed.9.png"
        },
        "background.image": "chatroom_onair_bg.9.png",
        "button.text.color": "#fcf5f5",
        "text.color": "#ffffff"
    },
    "navigationBar.moreMenu": {"item.text.color": "#e68280"},
    "tabBar.item": {"badge.background.image": "gnb_num_bg.9.png"},
    "chathistory.balloon.video.default.recv": {"background.color": "#ffffff"},
    "addFriend.tab.addGroup": {
        "icon.background.tintcolor": "#ef817f",
        "icon.tintcolor": "#fbbbba",
        "subtext.color": "#ffd2d1",
        "updateButton.tintcolor": {
            "normal": "#e37876",
            "pressed": "#d66d69"
        },
        "background.color": {
            "normal": "#f78f8d",
            "pressed": "#ec8381"
        },
        "addButton.text.color": "#ffffff",
        "addButton.background.tintcolor": {
            "normal": "#e37876",
            "pressed": "#d66d69"
        },
        "arrow.tintcolor": "#e36d6b",
        "text.color": "#fcf5f5"
    },
    "chathistory.contact.recv.msg": {
        "arrow.tintcolor": "#e36d6b",
        "text.color": "#3d1818"
    },
    "myhome.lineend.smiley": {"smiley.tintcolor": "#ffffff"},
    "splash": {
        "splash.background.image": {
            "normal": "",
            "top": ["splash_img.png"],
            "gravity": ["center"]
        },
        "background.color": "#f78f8d"
    },
    "passcode": {
        "number.background.tintcolor": {
            "normal": "#f78f8d",
            "pressed": "#e37876"
        },
        "passcode3.input.image": "password_ic_03_on.png",
        "passcode2.background.image": "password_ic_02_off.png",
        "passcode1.input.image": "password_ic_01_on.png",
        "number.text.tintcolor": "#fcf5f5",
        "passcode2.input.image": "password_ic_02_on.png",
        "passcode4.background.image": "password_ic_04_off.png",
        "background.color": "#f78f8d",
        "top.background.color": "#f78f8d",
        "text.color": "#ffffff",
        "infotext.color": "#fcd2d1",
        "passcode1.background.image": "password_ic_01_off.png",
        "number.delete.tintcolor": {
            "normal": "#fcf5f5",
            "pressed": "#fcf5f5"
        },
        "passcode3.background.image": "password_ic_03_off.png",
        "number.cancel.text.color": {
            "normal": "#fcf5f5",
            "pressed": "#fcf5f5"
        },
        "passcode4.input.image": "password_ic_04_on.png"
    },
    "myhome.post.body": {"text.color": "#646464"}
}