{
    "calllist.item": {
        "dateText.color": "#c7a66c",
        "phoneIcon.tintcolor": {
            "normal": "#35b7f3",
            "pressed": "#23a1db"
        },
        "nameText.color": "#8b572c",
        "phoneIcon.background.tintcolor": {
            "normal": "#fff294",
            "pressed": "#ffec5d"
        },
        "dateIcon.tintcolor": "#d2b67e"
    },
    "chathistory.attach.header": {
        "background.image": "header_bg.9.png",
        "text.color": "#8b572c"
    },
    "friendlist.category": {
        "textSeeAll.color": "#d19237",
        "arrowClose.tintcolor": "#d19237",
        "arrowOpen.tintcolor": "#d19237",
        "textSeeAll.arrow.tintcolor": "#d19237",
        "background.color": "#fff8c7",
        "text.color": "#d19237"
    },
    "chathistory.file.recv.msg": {
        "file.icon.tintcolor": "#8a705e",
        "expire.text.color": "#6d4c36",
        "arrow.tintcolor": "#b6a59a",
        "text.color": "#6d4c36"
    },
    "tabBar.item.talk": {
        "normal.image": "gnb_ic_chats_normal.png",
        "selected.image": "gnb_ic_chats_selected.png"
    },
    "chathistory.text.send.msg": {"text.color": "#6d4c36"},
    "grouphome.main": {
        "tab.text.color": "#d0af40",
        "moreTab.icon.tintcolor": {
            "normal": "#ad8336",
            "pressed": "#8b572c"
        },
        "albumCreateBtn.image": {
            "normal": "group_ic_postalbum.png",
            "pressed": "group_ic_postalbum_pressed.png"
        },
        "selectedTab.text.color": "#8b572c",
        "tab.background.color": "#fee94e",
        "postWriteBtn.image": {
            "normal": "group_ic_writepost.png",
            "pressed": "group_ic_writepost_pressed.png"
        },
        "tabBottomLine.background.color": "#8b572c"
    },
    "chathistory.option.item.voip.video": {
        "background.color": {
            "normal": "#fff4a2",
            "pressed": "#f9eb90"
        },
        "text.color": {
            "normal": "#af7520",
            "dimmed": "#66af7520"
        }
    },
    "chathistory.text.recv.msg": {"text.color": "#6d4c36"},
    "addFriend.tab.icon": {
        "idsearch.image": "gnb_ic_search.png",
        "invite.image": "gnb_ic_contacts.png",
        "qrcode.image": "gnb_ic_qrcode.png",
        "shakeit.image": "gnb_ic_shakeit.png"
    },
    "chathistory.balloon.text.send": {"background.image": {
        "normal": "chatroom_balloon_send_normal.9.png",
        "padding": "11 5 16 8",
        "pressed": "chatroom_balloon_send_pressed.9.png"
    }},
    "friendlist.common": {"noresult.text.color": "#d0b587"},
    "chatlist.item": {
        "messageText.color": "#c7a66c",
        "nameText.color": "#835734",
        "newIcon.image": "list_category_chat_new.png",
        "timeText.color": "#cbb483",
        "muteIcon.tintcolor": "#c1a77d",
        "messageCountText.color": "#ffffff",
        "messageCountText.background.image": "list_category_chat_num.9.png"
    },
    "chathistory.attach.item": {
        "icon.tintcolor": "#af7520",
        "external.icon.tintcolor": "#d7b461",
        "background.color": {
            "normal": "#fff4a2",
            "pressed": "#fced94"
        },
        "text.color": "#af7520"
    },
    "chathistory.common": {
        "datebar.background.image": "chatroom_date.9.png",
        "soundsticker.icon.tintcolor": "#e0c87d",
        "autoresend.icon.tintcolor": "#e0c87d",
        "checkBox.image": {
            "normal": "list_checkbox_img_normal.png",
            "selected": "list_checkbox_img_selected.png"
        },
        "time.color": "#e0c87d",
        "name.color": "#d19237",
        "datebar.text.color": "#ffffff"
    },
    "bottom.button.common": {
        "button1.background.color": {
            "normal": "#35b7f3",
            "pressed": "#23a1db",
            "dimmed": "#35b7f3"
        },
        "button2.background.color": {
            "normal": "#e0c637",
            "pressed": "#d1b42b",
            "dimmed": "#e0c637"
        },
        "button1.text.color": {
            "normal": "#ffffff",
            "dimmed": "#66ffffff"
        },
        "button2.text.color": {
            "normal": "#ffffff",
            "dimmed": "#66ffffff"
        }
    },
    "invitemember.tab.item": {
        "icon.tintcolor": "#8b572c",
        "background.image": {
            "normal": "gnb_bg_addfriend_normal.9.png",
            "pressed": "gnb_bg_addfriend_pressed.9.png"
        },
        "text.color": "#8b572c"
    },
    "chathistory.music.recv.msg": {
        "title.text.color": "#6d4c36",
        "playlist.default.image": "chatroom_ic_music_playlist.png",
        "playbtn.default.image": "chatroom_music_play_default.png",
        "playing.image": "chatroom_music_bar_playing.png",
        "playbtn.background.pressed.image": "chatroom_music_bar_pressed.png",
        "stopbtn.default.image": "chatroom_music_stop_default.png",
        "playbtn.pressed.image": "chatroom_music_play_pressed.png",
        "playbtn.background.default.image": "chatroom_music_bar_default.png",
        "typename.text.color": "#a98d52",
        "topic.default.image": "chatroom_ic_music_topic.png",
        "service.text.color": "#a98d52",
        "loading.image": "chatroom_music_loading.png",
        "artist.text.color": "#a98d52",
        "stopbtn.pressed.image": "chatroom_music_stop_pressed.png"
    },
    "myhome.post.bottom": {
        "commentText.color": "#c09f6f",
        "commentIcon.image": {
            "normal": "timeline_ic_postcomment.png",
            "selected": "timeline_ic_postcomment.png"
        },
        "likeText.color": "#c09f6f",
        "likeIcon.image": {
            "normal": "timeline_ic_postlike_off.png",
            "selected": "timeline_ic_postlike_on.png"
        },
        "likeCountText.color": "#c09f6f",
        "commentCountText.color": "#c09f6f"
    },
    "chathistory.balloon.recv": {"background.image": {
        "normal": "chatroom_balloon_rec_normal.9.png",
        "pressed": "chatroom_balloon_rec_pressed.9.png"
    }},
    "chathistory.memberlist.area": {"background.color": "#e5fff080"},
    "chathistory.contact.send.msg": {
        "arrow.tintcolor": "#b59955",
        "text.color": "#6d4c36"
    },
    "tabBar.item.friend": {
        "normal.image": "gnb_ic_friends_normal.png",
        "selected.image": "gnb_ic_friends_selected.png"
    },
    "moreMenu.item": {
        "addfriend.image": "more_ic_addfriends.png",
        "newIcon.image": "more_ic_new.png",
        "setting.image": "more_ic_settings.png",
        "background.color": {
            "normal": "#fff8c7",
            "pressed": "#fcf0b9"
        },
        "text.color": "#c79a50"
    },
    "myhome.list.header": {
        "updateTitleText.color": "#c7ad6e",
        "updateText.color": "#c7ad6e",
        "updateTimeText.color": "#c7ad6e"
    },
    "chathistory.file.send.msg": {
        "file.icon.tintcolor": "#8a6b43",
        "expire.text.color": "#6d4c36",
        "arrow.tintcolor": "#b59955",
        "text.color": "#6d4c36"
    },
    "chathistory.privatechat.balloon.receive.text": {
        "background.image": {
            "normal": "chatroom_balloon_hidden.9.png",
            "pressed": "chatroom_balloon_hidden.9.png"
        },
        "icon.arrow.tintcolor": "#a8927f",
        "text.color": "#7a573b"
    },
    "common.empty.page": {
        "zero.subtitle.color": "#c7a66c",
        "zerobutton.text.color": "#ffffff",
        "call.name.text.color": "#8b572c",
        "zero.title.color": "#8b572c",
        "zero.image": "zero_img_empty.png",
        "error.subtitle.color": "#c7a66c",
        "error.button.background.image": {
            "normal": "button_r07_normal.9.png",
            "pressed": "button_r07_pressed.9.png"
        },
        "call.link.text.color": "#c7a66c",
        "error.button.text.color": "#ffffff",
        "zerobutton.background.image": {
            "normal": "button_r07_normal.9.png",
            "pressed": "button_r07_pressed.9.png"
        },
        "error.image": "zero_img_error.png"
    },
    "grouphome.friend.request": {
        "btn.background.color": {
            "normal": "#35b7f3",
            "pressed": "#23a1db"
        },
        "btn.text.color": "#ffffff",
        "background.color": "#f2fff6bb",
        "message.text.color": "#8b572c",
        "message.icon.tintcolor": "#8b572c"
    },
    "notification.popup": {
        "setting.checkbox.background.image": {
            "normal": "list_checkbox_img_normal.png",
            "selected": "list_checkbox_img_selected.png"
        },
        "title.logo.tintcolor": "#8b572c",
        "title.username.text.color": "#8b572c",
        "title.groupname.text.color": "#8b572c",
        "title.count.background.image": "popup_noti_img_num_bg.9.png",
        "title.background.image": "popup_noti_bg_top.9.png",
        "title.setting.image.tintcolor": "#8b572c",
        "reply.input.bar.background.color": {
            "normal": "#d6d6d6",
            "selected": "#d6d6d6"
        },
        "title.count.text.color": "#ffffff",
        "reply.sendbutton.tintcolor": {
            "normal": "#d6d6d6",
            "pressed": "#339adb",
            "selected": "#35b7f3"
        }
    },
    "tabBar.item.call": {
        "normal.image": "gnb_ic_call_normal.png",
        "selected.image": "gnb_ic_call_selected.png"
    },
    "tabBar": {
        "background.image.pattern": true,
        "background.image": "gnb_bg_pattern.png",
        "selectorBar.background.color": "#2d96f5",
        "shadow.image": "gnb_gra.9.png"
    },
    "chathistory.attach.item.image": {
        "contact.image": {"normal": "chatroom_attach_ic_info.png"},
        "take.video.image": {"normal": "chatroom_attach_ic_takevideo.png"},
        "choose.video.image": {"normal": "chatroom_attach_ic_chooesvideo.png"},
        "take.photo.image": {"normal": "chatroom_attach_ic_takephoto.png"},
        "choose.photo.image": {"normal": "chatroom_attach_ic_photo.png"},
        "audio.image": {"normal": "chatroom_attach_ic_voicemessage.png"},
        "location.image": {"normal": "chatroom_attach_ic_location.png"}
    },
    "tabBar.item.more": {
        "normal.image": "gnb_ic_more_normal.png",
        "selected.image": "gnb_ic_more_selected.png"
    },
    "chathistory.groupboard.recv.msg": {
        "videoicon.tintcolor": "#6d4c36",
        "more.text.color": "#6d4c36",
        "photo.default.tintcolor": "#6d4c36",
        "photoicon.tintcolor": "#6d4c36",
        "bottom.background.image": "chatroom_gamemsg_line_rec.9.png",
        "sticker.default.tintcolor": "#6d4c36",
        "video.default.tintcolor": "#6d4c36",
        "location.text.color": "#6d4c36",
        "arrow.tintcolor": "#b6a59a",
        "text.color": "#6d4c36",
        "bottom.text.color": "#6d4c36"
    },
    "myhome.background": {"background.color": "#fff8c7"},
    "navigationBar.tab": {"text.color": {
        "normal": "#d0af40",
        "selected": "#8b572c"
    }},
    "grouphome.member.category": {
        "edit.btn.background.image": {
            "normal": "button_r10_normal.9.png",
            "pressed": "button_r10_pressed.9.png"
        },
        "category.text.color": "#8b572c",
        "category.divider.background.color": "#ece08b",
        "category.count.text.color": "#8b572c",
        "edit.btn.text.color": "#ffffff"
    },
    "chathistory.balloon.video.default.send": {"background.color": "#fee675"},
    "moreMenu.topbanner.item": {
        "subtext.color": "#c79a50",
        "arrowIcon.tintcolor": "#dbbb7a",
        "background.color": "#fff8c7",
        "topDivider.background.color": "#ece08b",
        "text.color": "#c79a50"
    },
    "chathistory.music.send.msg": {
        "title.text.color": "#6d4c36",
        "playlist.default.image": "chatroom_ic_music_playlist.png",
        "playbtn.default.image": "chatroom_music_play_default.png",
        "playing.image": "chatroom_music_bar_playing.png",
        "playbtn.background.pressed.image": "chatroom_music_bar_pressed.png",
        "stopbtn.default.image": "chatroom_music_stop_default.png",
        "playbtn.pressed.image": "chatroom_music_play_pressed.png",
        "playbtn.background.default.image": "chatroom_music_bar_default.png",
        "typename.text.color": "#a98d52",
        "topic.default.image": "chatroom_ic_music_topic.png",
        "service.text.color": "#a98d52",
        "loading.image": "chatroom_music_loading.png",
        "artist.text.color": "#a98d52",
        "stopbtn.pressed.image": "chatroom_music_stop_pressed.png"
    },
    "grouphome.error": {
        "btn.text.color": "#ffffff",
        "sticker.image": "zero_img_error.png",
        "icon.tintcolor": "#e3d29a",
        "msg.text.color": "#c7a66c",
        "btn.text.background.image": {
            "normal": "button_r08_normal.9.png",
            "pressed": "button_r08_pressed.9.png"
        },
        "msg.text.shadow": "#00000000"
    },
    "select.chat.bottom": {
        "button.background.color": {
            "normal": "#35b7f3",
            "pressed": "#23a1db"
        },
        "button.icon.tintcolor": "#ffffff",
        "button.text.color": {
            "normal": "#ffffff",
            "dimmed": "#7fffffff"
        }
    },
    "chathistory.option.item.voip.voice": {
        "background.color": {
            "normal": "#fff4a2",
            "pressed": "#f9eb90"
        },
        "text.color": {
            "normal": "#af7520",
            "dimmed": "#66af7520"
        }
    },
    "chathistory.view.common": {
        "background.image.pattern": true,
        "background.image": {"normal": "chatroom_bg_pattern.png"}
    },
    "chathistory.input": {
        "inputText.color": "#835734",
        "photoButton.icon.image": "chatroom_ic_photo.png",
        "inputText.hint": "#c6aa94",
        "attachButton.icon.image": "chatroom_ic_add.png",
        "background.image": "chatroom_input_bg.9.png",
        "sendButton.background.color": {
            "normal": "#35b7f3",
            "pressed": "#23a1db"
        },
        "sendButton.tintcolor": "#ffffff",
        "eskButton.icon.image": "chatroom_ic_stickers.png"
    },
    "friendlist.item.common": {
        "new.background.color": {
            "normal": "#fffad8",
            "pressed": "#fdf4b4"
        },
        "checked.background.color": {
            "normal": "#fef5b5",
            "pressed": "#fef5b5"
        },
        "background.color": {
            "normal": "#fff8c7",
            "pressed": "#fef5b5"
        }
    },
    "chathistory.privatechat.tooltip": {"text.color": "#8b572c"},
    "chathistory.option.item.image": {
        "block.image": "chatroom_option_ic_block.png",
        "timer.image": "chatroom_option_ic_timer_normal.png",
        "recommend.dimmed.image": "chatroom_option_ic_recom_disable.png",
        "edit.group.image": "chatroom_option_ic_editgroup_normal.png",
        "invite.image": "chatroom_option_ic_invite_normal.png",
        "leave.dimmed.image": "chatroom_option_ic_leave_disable.png",
        "leave.image": "chatroom_option_ic_leave_normal.png",
        "line.call.dimmed.image": "chatroom_option_ic_linecall_disable.png",
        "album.image": "chatroom_option_ic_albums_normal.png",
        "recommend.image": "chatroom_option_ic_recom_normal.png",
        "create.group.dimmed.image": "chatroom_option_ic_creategroup_disable.png",
        "timer.dimmed.image": "chatroom_option_ic_timer_disable.png",
        "create.group.image": "chatroom_option_ic_creategroup_normal.png",
        "edit.image": "chatroom_option_ic_edit_normal.png",
        "edit.group.dimmed.image": "chatroom_option_ic_editgroup_disable.png",
        "photo.video.dimmed.image": "chatroom_option_ic_pv_disable.png",
        "notification.on.image": "chatroom_option_ic_noti_on.png",
        "album.dimmed.image": "chatroom_option_ic_albums_disable.png",
        "setting.dimmed.image": "chatroom_option_ic_setting_disable.png",
        "invite.dimmed.image": "chatroom_option_ic_invite_disable.png",
        "notification.off.image": "chatroom_option_ic_noti_off.png",
        "setting.image": "chatroom_option_ic_setting_normal.png",
        "unblock.image": "chatroom_option_ic_unblock.png",
        "photo.video.image": "chatroom_option_ic_pv_normal.png",
        "edit.dimmed.image": "chatroom_option_ic_edit_disable.png",
        "line.call.image": "chatroom_option_ic_linecall_normal.png",
        "photo.image": "chatroom_option_ic_pv_normal.png",
        "send.gift.dimmed.image": "chatroom_option_ic_gift_disable.png",
        "send.gift.image": "chatroom_option_ic_gift_normal.png"
    },
    "myhome.write.post": {
        "icon.tintcolor": "#8b572c",
        "text.color": "#8b572c"
    },
    "chathistory.gift.send.msg": {
        "background.image": "chatroom_balloon_gift_send.9.png",
        "text.color": "#6d4c36"
    },
    "chathistory.voip.send.msg": {
        "icon.tintcolor": "#8a6b43",
        "linecall.text.color": "#8a6b43",
        "text.color": "#8a6b43"
    },
    "chathistory.privatechat.header.banner.item": {
        "icon.tintcolor": "#8b572c",
        "text.color": "#8b572c"
    },
    "view.common": {"background.color": "#fff8c7"},
    "chathistory.groupboard.tip": {"text.color": "#8b572c"},
    "search.chat.highlightColor": {
        "chatList.text.color": "#35b7f3",
        "receiveMessage.text.color": "#7bd9f8",
        "sendMessage.text.color": "#7bd9f8"
    },
    "myhome.cover": {
        "officialHomeProfileText.color": "#d19237",
        "officialHomeProfileArrow.tintcolor": {
            "normal": "#d19237",
            "pressed": "#d19237"
        }
    },
    "navigationBar": {
        "title.text.color": "#8b572c",
        "button.background.color": {
            "normal": "#00000000",
            "pressed": "#00000000"
        },
        "badge.text.color": "#ffffff",
        "button.tintcolor": {
            "normal": "#8b572c",
            "pressed": "#d0af40",
            "dimmed": "#d0af40",
            "selected": "#8b572c"
        },
        "background.image": "header_bg.9.png",
        "badge.new.image": "header_ic_new.png",
        "button.text.color": {
            "normal": "#8b572c",
            "pressed": "#d0af40",
            "dimmed": "#d0af40",
            "selected": "#8b572c"
        },
        "title.button.tintcolor": "#8b572c",
        "status.background.color": "#f0da3e",
        "badge.count.background.image": "header_num_bg.9.png"
    },
    "chathistory.voice.recv.msg": {
        "speak.expire.image": "chatroom_ic_voicemsg_rec_x.png",
        "bottom.background.image": "chatroom_voicemsg_line_w_rec.9.png",
        "colon.tintcolor": {
            "normal": "#c5b7af",
            "selected": "#6d4c36"
        },
        "seperator.image": "chatroom_voicemsg_line_h_rec.9.png",
        "speak3.image": "chatroom_ic_voicemsg_rec_03.png",
        "speak1.image": "chatroom_ic_voicemsg_rec_01.png",
        "share.image": {
            "normal": "chatroom_ic_voicemsg_rec_share.png",
            "selected": "chatroom_ic_voicemsg_rec_share_pressed.png"
        },
        "play.image": {
            "normal": "chatroom_ic_voicemsg_rec_play.png",
            "selected": "chatroom_ic_voicemsg_rec_play_pressed.png"
        },
        "speak.image": "chatroom_ic_voicemsg_rec_00.png",
        "pause.image": {
            "normal": "chatroom_ic_voicemsg_rec_pause.png",
            "selected": "chatroom_ic_voicemsg_rec_pause_pressed.png"
        },
        "speak2.image": "chatroom_ic_voicemsg_rec_02.png",
        "text.color": {
            "normal": "#c5b7af",
            "selected": "#6d4c36"
        }
    },
    "tabBar.item.timeline": {
        "highlight.image": "gnb_ic_timeline_new.png",
        "normal.image": "gnb_ic_timeline_normal.png",
        "selected.image": "gnb_ic_timeline_selected.png"
    },
    "grouphome.member.profile": {
        "add.btn.icon.tintcolor": "#dcbb6b",
        "profile.name.text.color": "#ae8358"
    },
    "addFriend.tab.item": {
        "background.image": {
            "normal": "gnb_bg_addfriend_normal.9.png",
            "pressed": "gnb_bg_addfriend_pressed.9.png"
        },
        "text.color": "#8b572c"
    },
    "chathistory.voice.send.msg": {
        "speak.expire.image": "chatroom_ic_voicemsg_send_x.png",
        "bottom.background.image": "chatroom_voicemsg_line_w_send.9.png",
        "colon.tintcolor": {
            "normal": "#c4a85c",
            "selected": "#6d4c36"
        },
        "seperator.image": "chatroom_voicemsg_line_h_send.9.png",
        "speak3.image": "chatroom_ic_voicemsg_send_03.png",
        "speak1.image": "chatroom_ic_voicemsg_send_01.png",
        "share.image": {
            "normal": "chatroom_ic_voicemsg_send_share.png",
            "selected": "chatroom_ic_voicemsg_send_share_pressed.png"
        },
        "play.image": {
            "normal": "chatroom_ic_voicemsg_send_play.png",
            "selected": "chatroom_ic_voicemsg_send_play_pressed.png"
        },
        "speak.image": "chatroom_ic_voicemsg_send_00.png",
        "pause.image": {
            "normal": "chatroom_ic_voicemsg_send_pause.png",
            "selected": "chatroom_ic_voicemsg_send_pause_pressed.png"
        },
        "speak2.image": "chatroom_ic_voicemsg_send_02.png",
        "text.color": {
            "normal": "#c4a85c",
            "selected": "#6d4c36"
        }
    },
    "chathistory.option.item.voip.voice.image": {
        "voice.call.dimmed.image": "chatroom_option_ic_freecall_disable.png",
        "voice.call.image": "chatroom_option_ic_freecall_normal.png"
    },
    "chathistory.onair": {
        "background.image": "chatroom_onair_bg.9.png",
        "subtext.color": "#8d6532",
        "text.color": "#8d6532"
    },
    "chathistory.voip.recv.msg": {
        "icon.tintcolor": "#8a705e",
        "linecall.text.color": "#8a705e",
        "text.color": "#8a705e"
    },
    "moreMenu.view": {"background.color": "#fff8c7"},
    "myhome.post.header": {
        "groupBtn.popup.arrow.tintcolor": "#a7d9f1",
        "nameText.color": "#d19237",
        "groupBtn.background.image": {
            "normal": "button_r09_normal.9.png",
            "pressed": "button_r09_pressed.9.png"
        },
        "groupBtn.text.color": "#7dd1f7",
        "groupBtn.popup.background.image": "timeline_img_bg_see_bg01.9.png",
        "sharePostMessage.color": "#d19237",
        "groupBtn.popup.pressed.reverse.background.image": {
            "normal": "",
            "pressed": "timeline_img_bg_see_bg02_pressed.9.png"
        },
        "groupBtn.popup.divider.background.color": "#2aa2da",
        "groupBtn.icon.tintcolor": "#9bd9f6",
        "groupBtn.popup.reverse.background.image": "timeline_img_bg_see_bg02.9.png",
        "timeText.color": "#888888",
        "groupBtn.popup.detail.text.color": "#d3ecf8",
        "groupBtn.popup.pressed.background.image": {
            "normal": "",
            "pressed": "timeline_img_bg_see_bg01_pressed.9.png"
        },
        "groupBtn.popup.text.color": "#ffffff"
    },
    "chathistory.balloon.text.recv": {"background.image": {
        "normal": "chatroom_balloon_rec_normal.9.png",
        "padding": "16 5 11 8",
        "pressed": "chatroom_balloon_rec_pressed.9.png"
    }},
    "timeline.list.newpost": {
        "background.image": {
            "normal": "timeline_newpost_btn.9.png",
            "pressed": "timeline_newpost_btn_pressed.9.png"
        },
        "text.color": "#ffffff"
    },
    "chathistory.gift.recv.msg": {
        "button.background.image": {
            "normal": "button_r07_normal.9.png",
            "pressed": "button_r07_pressed.9.png"
        },
        "background.image": "chatroom_balloon_gift_rec.9.png",
        "button.text.color": "#ffffff",
        "button.text.shadow": "#00000000",
        "text.color": "#6d4c36"
    },
    "grouphome.empty": {
        "empty.album.icon.image.tintcolor": "#e3d29a",
        "empty.btn.text.color": "#ffffff",
        "empty.note.icon.image.tintcolor": "#e3d29a",
        "empty.btn.background.image": {
            "normal": "button_r08_normal.9.png",
            "pressed": "button_r08_pressed.9.png"
        },
        "empty.text.color": "#c7ad6e"
    },
    "multi.userselect": {
        "name.text.color": "#835734",
        "background.color": "#fff5b0"
    },
    "chathistory.link.recv.msg": {
        "bottom.background.image": "chatroom_gamemsg_line_rec.9.png",
        "detail.text.color": "#6d4c36",
        "arrow.tintcolor": "#b6a59a",
        "text.color": "#6d4c36"
    },
    "timeline.userrecall": {
        "recalled.user.text.color": "#35b7f3",
        "recall.user.text.color": "#ffffff",
        "suggest.dialog.text.color": "#35b7f3",
        "recall.user.text.background.color": "#35b7f3"
    },
    "searchBar": {
        "underbar.background.color": {
            "normal": "#e9ddb5",
            "selected": "#e9ddb5"
        },
        "text.hint": "#5dc4ea",
        "search.icon.image": "list_ic_search.png",
        "cancel.icon.tintcolor": "#d9c294",
        "text.color": "#9c7751"
    },
    "chathistory.groupboard.send.msg": {
        "videoicon.tintcolor": "#6d4c36",
        "more.text.color": "#6d4c36",
        "photo.default.tintcolor": "#6d4c36",
        "photoicon.tintcolor": "#6d4c36",
        "bottom.background.image": "chatroom_gamemsg_line_send.9.png",
        "sticker.default.tintcolor": "#6d4c36",
        "video.default.tintcolor": "#6d4c36",
        "location.text.color": "#6d4c36",
        "arrow.tintcolor": "#b59955",
        "text.color": "#6d4c36",
        "bottom.text.color": "#6d4c36"
    },
    "chathistory.privatechat.common": {
        "name.text.color": "#d19237",
        "timer.text.color": "#d1c0b3",
        "autoresend.icon.tintcolor": "#d1c0b3",
        "time.text.color": "#d1c0b3"
    },
    "select.chat.tab": {
        "background.image": "gnb_bg_select.9.png",
        "selectorBar.background.color": "#8b572c",
        "text.shadow": "#00000000",
        "text.color": {
            "normal": "#d0af40",
            "selected": "#8b572c"
        }
    },
    "chathistory.input.sendButton.selectType": {
        "icon.tintcolor": {
            "normal": "#c5ab96",
            "selected": "#35b7f3"
        },
        "text.color": {
            "normal": "#c5ab96",
            "selected": "#35b7f3"
        }
    },
    "chathistory.option.item.voip.video.image": {
        "video.call.image": "chatroom_option_ic_videocall_normal.png",
        "video.call.dimmed.image": "chatroom_option_ic_videocall_disable.png"
    },
    "moreMenu.lower.item": {
        "newIcon.image": "more_ic_new.png",
        "icon.tintcolor": "#c79a50",
        "background.color": {
            "normal": "#fff8c7",
            "pressed": "#fcf0b9"
        },
        "text.color": "#c79a50"
    },
    "list.common": {"divider.background.color": "#f1e1b2"},
    "chathistory.balloon.send": {"background.image": {
        "normal": "chatroom_balloon_send_normal.9.png",
        "pressed": "chatroom_balloon_send_pressed.9.png"
    }},
    "navigationBar.search": {
        "back.icon.tintcolor": {
            "normal": "#8b572c",
            "pressed": "#8b572c"
        },
        "underbar.background.color": "#edd557",
        "background.image": "header_bg.9.png",
        "text.hint": "#c4a03d",
        "cancel.icon.tintcolor": "#8b572c",
        "text.color": "#8b572c"
    },
    "album.detail.menu": {
        "checked.icon.tintcolor": "#8b572c",
        "item.color": {
            "normal": "#8b572c",
            "selected": "#8b572c"
        }
    },
    "friendlist.item": {
        "phoneIcon.tintcolor": {
            "normal": "#35b7f3",
            "pressed": "#23a1db"
        },
        "phoneNumberText.color": "#39c1d9",
        "nameText.color": "#8b572c",
        "phoneIcon.background.tintcolor": {
            "normal": "#fff294",
            "pressed": "#ffec5d"
        },
        "addFriend.background.tintcolor": {
            "normal": "#fee94e",
            "pressed": "#f0da3e"
        },
        "arrowIcon.tintcolor": "#d19237",
        "moreButton.text.color": "#ffffff",
        "updateIcon.tintcolor": "#ee5a4e",
        "addInviteButton.background.image": {
            "normal": "button_r10_normal.9.png",
            "pressed": "button_r10_pressed.9.png"
        },
        "addFriend.icon.tintcolor": "#8b572c",
        "descriptionText.color": "#39c1d9",
        "statusText.color": "#39c1d9",
        "checkboxOff.image": "list_checkbox_img_normal.png",
        "checkboxOn.image": "list_checkbox_img_selected.png",
        "addInviteButton.color": "#ffffff",
        "moreButton.background.image": {
            "normal": "button_r01_normal.9.png",
            "pressed": "button_r01_pressed.9.png"
        }
    },
    "chathistory.option.item": {
        "button.background.color": {
            "normal": "#fff4a2",
            "pressed": "#f9eb90"
        },
        "bottom.divider.background.color": "#f2e494",
        "text.color": {
            "normal": "#af7520",
            "dimmed": "#66af7520"
        }
    },
    "profile.thumbnail": {
        "group.small.image": "group_thumbnail_small.png",
        "single.big.image": "user_thumbnail_large_00.png",
        "group.big.image": "group_thumbnail_large.png",
        "single.small.image": "user_thumbnail_small_00.png"
    },
    "chathistory.privatechat.view.common": {"background.image": "chatroom_bg_hidden.9.png"},
    "main.view.common": {"background.color": "#fff8c7"},
    "chathistory.input.voice": {
        "voip.background.color": {
            "normal": "#35b7f3",
            "pressed": "#23a1db"
        },
        "voip.icon.tintcolor": "#ffffff",
        "voip.text.color": "#ffffff",
        "close.background.color": {
            "normal": "#2293d4",
            "pressed": "#1d84c4"
        },
        "close.icon.tintcolor": "#f9f9f9"
    },
    "manifest": {
        "schemaVersion": 1,
        "provider": {
            "name": "LINE Corporation",
            "url": "http://www.linecorp.com"
        },
        "themeVersion": "5.10.0",
        "name": "Panpaka_Pantsu",
        "platform": "Android",
        "revision": 5,
        "quality": 0
    },
    "noticenter2": {
        "title.text.color": "#d19237",
        "arrow.icon.image": "timeline_img_tabarrow.png",
        "background.color": "#ffffff",
        "more.icon.tintcolor": "#e3be87"
    },
    "chathistory.link.send.msg": {
        "bottom.background.image": "chatroom_gamemsg_line_send.9.png",
        "detail.text.color": "#6d4c36",
        "arrow.tintcolor": "#b59955",
        "text.color": "#6d4c36"
    },
    "chathistory.spammer": {
        "name.text.color": "#8d6532",
        "button.background.image": {
            "normal": "button_r06_normal.9.png",
            "pressed": "button_r06_pressed.9.png"
        },
        "background.image": "chatroom_spammer_bg.9.png",
        "button.text.color": "#ffffff",
        "text.color": "#8d6532"
    },
    "navigationBar.moreMenu": {"item.text.color": "#8b572c"},
    "tabBar.item": {"badge.background.image": "gnb_num_bg.9.png"},
    "chathistory.balloon.video.default.recv": {"background.color": "#ffffff"},
    "addFriend.tab.addGroup": {
        "icon.background.tintcolor": "#fee94e",
        "icon.tintcolor": "#8b572c",
        "subtext.color": "#39c1d9",
        "updateButton.tintcolor": {
            "normal": "#35b7f3",
            "pressed": "#23a1db"
        },
        "addButton.text.color": "#ffffff",
        "background.color": {
            "normal": "#fff8c7",
            "pressed": "#fef5b5"
        },
        "addButton.background.tintcolor": {
            "normal": "#35b7f3",
            "pressed": "#23a1db"
        },
        "arrow.tintcolor": "#8b572c",
        "text.color": "#8b572c"
    },
    "chathistory.contact.recv.msg": {
        "arrow.tintcolor": "#b6a59a",
        "text.color": "#6d4c36"
    },
    "myhome.lineend.smiley": {"smiley.tintcolor": "#8b572c"},
    "splash": {
        "splash.background.image": {
            "normal": "",
            "top": ["splash_img.png"],
            "gravity": ["bottom"]
        },
        "background.color": "#fff000"
    },
    "passcode": {
        "number.background.tintcolor": {
            "normal": "#44bff8",
            "pressed": "#45b3ea"
        },
        "passcode3.input.image": "password_ic_03_on.png",
        "passcode2.background.image": "password_ic_02_off.png",
        "passcode1.input.image": "password_ic_01_on.png",
        "number.text.tintcolor": "#ffffff",
        "passcode2.input.image": "password_ic_02_on.png",
        "passcode4.background.image": "password_ic_04_off.png",
        "background.color": "#44bff8",
        "top.background.color": "#fee94e",
        "text.color": "#8b572c",
        "infotext.color": "#a27433",
        "passcode1.background.image": "password_ic_01_off.png",
        "number.delete.tintcolor": {
            "normal": "#ffffff",
            "pressed": "#ffffff"
        },
        "passcode3.background.image": "password_ic_03_off.png",
        "number.cancel.text.color": {
            "normal": "#ffffff",
            "pressed": "#66ffffff"
        },
        "passcode4.input.image": "password_ic_04_on.png"
    },
    "myhome.post.body": {"text.color": "#323232"}
}