{
    "calllist.item": {
        "dateText.color": "#eac8ff",
        "phoneIcon.tintcolor": {
            "normal": "#e2c5fc",
            "pressed": "#cea9f7"
        },
        "nameText.color": "#fdfaff",
        "phoneIcon.background.tintcolor": {
            "normal": "#a273e1",
            "pressed": "#986bd4"
        },
        "dateIcon.tintcolor": "#eac8ff"
    },
    "chathistory.attach.header": {
        "background.image": "header_bg.9.png",
        "text.color": "#ffffff"
    },
    "friendlist.category": {
        "textSeeAll.color": "#855cc7",
        "arrowClose.tintcolor": "#855cc7",
        "arrowOpen.tintcolor": "#855cc7",
        "textSeeAll.arrow.tintcolor": "#7954ab",
        "background.color": "#af7ff0",
        "text.color": "#f7e5ff"
    },
    "chathistory.file.recv.msg": {
        "file.icon.tintcolor": "#7954ab",
        "expire.text.color": "#8c60c8",
        "arrow.tintcolor": "#7954ab",
        "text.color": "#391a67"
    },
    "tabBar.item.talk": {
        "normal.image": "gnb_ic_chats_normal.png",
        "selected.image": "gnb_ic_chats_selected.png"
    },
    "chathistory.text.send.msg": {"text.color": "#391a67"},
    "grouphome.main": {
        "tab.text.color": "#d1b6f3",
        "moreTab.icon.tintcolor": {
            "normal": "#d1b6f3",
            "pressed": "#855cc7"
        },
        "albumCreateBtn.image": {
            "normal": "group_ic_postalbum.png",
            "pressed": "group_ic_postalbum_pressed.png"
        },
        "selectedTab.text.color": "#855cc7",
        "tab.background.color": "#ffffff",
        "postWriteBtn.image": {
            "normal": "group_ic_writepost.png",
            "pressed": "group_ic_writepost_pressed.png"
        },
        "tabBottomLine.background.color": "#af7ff0"
    },
    "chathistory.option.item.voip.video": {
        "background.color": {
            "normal": "#a879e8",
            "pressed": "#9f70df"
        },
        "text.color": {
            "normal": "#ffffff",
            "dimmed": "#66ffffff"
        }
    },
    "chathistory.text.recv.msg": {"text.color": "#391a67"},
    "addFriend.tab.icon": {
        "idsearch.image": "gnb_ic_search.png",
        "invite.image": "gnb_ic_contacts.png",
        "qrcode.image": "gnb_ic_qrcode.png",
        "shakeit.image": "gnb_ic_shakeit.png"
    },
    "chathistory.balloon.text.send": {"background.image": {
        "normal": "chatroom_balloon_send_normal.9.png",
        "padding": "11 5 16 8",
        "pressed": "chatroom_balloon_send_pressed.9.png"
    }},
    "friendlist.common": {"noresult.text.color": "#f7e5ff"},
    "chatlist.item": {
        "messageText.color": "#eac8ff",
        "nameText.color": "#fdfaff",
        "newIcon.image": "list_category_chat_new.png",
        "timeText.color": "#7954ab",
        "muteIcon.tintcolor": "#eac8ff",
        "messageCountText.color": "#7954ab",
        "messageCountText.background.image": "list_category_chat_num.9.png"
    },
    "chathistory.attach.item": {
        "icon.tintcolor": "#f8f1fd",
        "external.icon.tintcolor": "#f8f1fd",
        "background.color": {
            "normal": "#a879e8",
            "pressed": "#9f70df"
        },
        "text.color": "#f8f1fd"
    },
    "chathistory.common": {
        "datebar.background.image": "chatroom_date.9.png",
        "soundsticker.icon.tintcolor": "#eac8ff",
        "autoresend.icon.tintcolor": "#eac8ff",
        "checkBox.image": {
            "normal": "list_checkbox_img_normal.png",
            "selected": "list_checkbox_img_selected.png"
        },
        "time.color": "#eac8ff",
        "name.color": "#f8f1fd",
        "datebar.text.color": "#ffffff"
    },
    "bottom.button.common": {
        "button1.background.color": {
            "normal": "#8c60c8",
            "pressed": "#7f57b7",
            "dimmed": "#8c60c8"
        },
        "button2.background.color": {
            "normal": "#7b52b3",
            "pressed": "#6d4a9e",
            "dimmed": "#7b52b3"
        },
        "button1.text.color": {
            "normal": "#ffffff",
            "dimmed": "#66ffffff"
        },
        "button2.text.color": {
            "normal": "#ffffff",
            "dimmed": "#66ffffff"
        }
    },
    "invitemember.tab.item": {
        "icon.tintcolor": "#ffffff",
        "background.image": {
            "normal": "gnb_bg_addfriend_normal.9.png",
            "pressed": "gnb_bg_addfriend_pressed.9.png"
        },
        "text.color": "#ffffff"
    },
    "chathistory.music.recv.msg": {
        "title.text.color": "#391a67",
        "playlist.default.image": "chatroom_ic_music_playlist.png",
        "playbtn.default.image": "chatroom_music_play_default.png",
        "playing.image": "chatroom_music_bar_playing.png",
        "playbtn.background.pressed.image": "chatroom_music_bar_pressed.png",
        "stopbtn.default.image": "chatroom_music_stop_default.png",
        "playbtn.pressed.image": "chatroom_music_play_pressed.png",
        "playbtn.background.default.image": "chatroom_music_bar_default.png",
        "typename.text.color": "#896db1",
        "topic.default.image": "chatroom_ic_music_topic.png",
        "service.text.color": "#896db1",
        "loading.image": "chatroom_music_loading.png",
        "artist.text.color": "#896db1",
        "stopbtn.pressed.image": "chatroom_music_stop_pressed.png"
    },
    "myhome.post.bottom": {
        "commentText.color": "#af7ff0",
        "commentIcon.image": {
            "normal": "timeline_ic_postcomment.png",
            "selected": "timeline_ic_postcomment.png"
        },
        "likeText.color": "#af7ff0",
        "likeIcon.image": {
            "normal": "timeline_ic_postlike_off.png",
            "selected": "timeline_ic_postlike_on.png"
        },
        "likeCountText.color": "#af7ff0",
        "commentCountText.color": "#af7ff0"
    },
    "chathistory.balloon.recv": {"background.image": {
        "normal": "chatroom_balloon_rec_normal.9.png",
        "pressed": "chatroom_balloon_rec_pressed.9.png"
    }},
    "chathistory.memberlist.area": {"background.color": "#33000000"},
    "chathistory.contact.send.msg": {
        "arrow.tintcolor": "#7954ab",
        "text.color": "#391a67"
    },
    "tabBar.item.friend": {
        "normal.image": "gnb_ic_friends_normal.png",
        "selected.image": "gnb_ic_friends_selected.png"
    },
    "moreMenu.item": {
        "newIcon.image": "more_ic_new.png",
        "background.color": {
            "normal": "#af7ff0",
            "pressed": "#a273e1"
        },
        "text.color": "#f6e7ff"
    },
    "myhome.list.header": {
        "updateTitleText.color": "#eac8ff",
        "updateText.color": "#eac8ff",
        "updateTimeText.color": "#eac8ff"
    },
    "chathistory.file.send.msg": {
        "file.icon.tintcolor": "#7954ab",
        "expire.text.color": "#8c60c8",
        "arrow.tintcolor": "#7954ab",
        "text.color": "#391a67"
    },
    "chathistory.privatechat.balloon.receive.text": {
        "background.image": {
            "normal": "chatroom_balloon_hidden.9.png",
            "pressed": "chatroom_balloon_hidden.9.png"
        },
        "icon.arrow.tintcolor": "#8b6bb7",
        "text.color": "#391a67"
    },
    "common.empty.page": {
        "zero.subtitle.color": "#eac8ff",
        "zerobutton.text.color": "#ffffff",
        "call.name.text.color": "#fdfaff",
        "zero.title.color": "#eac8ff",
        "zero.image": "zero_img_empty.png",
        "error.subtitle.color": "#8c60c8",
        "error.button.background.image": {
            "normal": "button_r07_normal.9.png",
            "pressed": "button_r07_pressed.9.png"
        },
        "call.link.text.color": "#eac8ff",
        "error.button.text.color": "#ffffff",
        "zerobutton.background.image": {
            "normal": "button_r07_normal.9.png",
            "pressed": "button_r07_pressed.9.png"
        },
        "error.image": "zero_img_error.png"
    },
    "grouphome.friend.request": {
        "btn.background.color": {
            "normal": "#8c60c8",
            "pressed": "#6c489d"
        },
        "btn.text.color": "#ffffff",
        "background.color": "#7f000000",
        "message.text.color": "#ffffff",
        "message.icon.tintcolor": "#ffffff"
    },
    "notification.popup": {
        "setting.checkbox.background.image": {
            "normal": "list_checkbox_img_normal.png",
            "selected": "list_checkbox_img_selected.png"
        },
        "title.logo.tintcolor": "#ffffff",
        "title.username.text.color": "#ffffff",
        "title.groupname.text.color": "#ffffff",
        "title.count.background.image": "popup_noti_img_num_bg.9.png",
        "title.background.image": "popup_noti_bg_top.9.png",
        "title.setting.image.tintcolor": "#ffffff",
        "reply.input.bar.background.color": {
            "normal": "#d4d7dd",
            "selected": "#b2b2b2"
        },
        "title.count.text.color": "#ffffff",
        "reply.sendbutton.tintcolor": {
            "normal": "#d4d7dd",
            "pressed": "#936cc7",
            "selected": "#936cc7"
        }
    },
    "tabBar.item.call": {
        "normal.image": "gnb_ic_call_normal.png",
        "selected.image": "gnb_ic_call_selected.png"
    },
    "tabBar": {
        "background.image.pattern": true,
        "background.image": "gnb_bg.9.png",
        "selectorBar.background.color": "#ffffff",
        "shadow.image": "gnb_gra.9.png"
    },
    "chathistory.attach.item.image": {
        "contact.image": {"normal": "chatroom_attach_ic_info.png"},
        "take.video.image": {"normal": "chatroom_attach_ic_takevideo.png"},
        "choose.video.image": {"normal": "chatroom_attach_ic_chooesvideo.png"},
        "take.photo.image": {"normal": "chatroom_attach_ic_takephoto.png"},
        "choose.photo.image": {"normal": "chatroom_attach_ic_photo.png"},
        "audio.image": {"normal": "chatroom_attach_ic_voicemessage.png"},
        "location.image": {"normal": "chatroom_attach_ic_location.png"}
    },
    "tabBar.item.more": {
        "normal.image": "gnb_ic_more_normal.png",
        "selected.image": "gnb_ic_more_selected.png"
    },
    "chathistory.groupboard.recv.msg": {
        "videoicon.tintcolor": "#8c60c8",
        "more.text.color": "#8c60c8",
        "photo.default.tintcolor": "#8c60c8",
        "photoicon.tintcolor": "#8c60c8",
        "bottom.background.image": "chatroom_gamemsg_line_rec.9.png",
        "sticker.default.tintcolor": "#8c60c8",
        "video.default.tintcolor": "#8c60c8",
        "location.text.color": "#391a67",
        "arrow.tintcolor": "#7954ab",
        "text.color": "#391a67",
        "bottom.text.color": "#8c60c8"
    },
    "myhome.background": {"background.color": "#af7ff0"},
    "navigationBar.tab": {"text.color": {
        "normal": "#ffffff",
        "selected": "#66ffffff"
    }},
    "grouphome.member.category": {
        "edit.btn.background.image": {
            "normal": "button_r10_normal.9.png",
            "pressed": "button_r10_pressed.9.png"
        },
        "category.text.color": "#f7e5ff",
        "category.divider.background.color": "#9d74d7",
        "category.count.text.color": "#f7e5ff",
        "edit.btn.text.color": "#eac8ff"
    },
    "chathistory.balloon.video.default.send": {"background.color": "#fff001"},
    "moreMenu.topbanner.item": {
        "subtext.color": "#eac8ff",
        "arrowIcon.tintcolor": "#7954ab",
        "background.color": "#af7ff0",
        "topDivider.background.color": "#9e73dc",
        "text.color": "#f8f1fd"
    },
    "chathistory.music.send.msg": {
        "title.text.color": "#391a67",
        "playlist.default.image": "chatroom_ic_music_playlist.png",
        "playbtn.default.image": "chatroom_music_play_default.png",
        "playing.image": "chatroom_music_bar_playing.png",
        "playbtn.background.pressed.image": "chatroom_music_bar_pressed.png",
        "stopbtn.default.image": "chatroom_music_stop_default.png",
        "playbtn.pressed.image": "chatroom_music_play_pressed.png",
        "playbtn.background.default.image": "chatroom_music_bar_default.png",
        "typename.text.color": "#6c489d",
        "topic.default.image": "chatroom_ic_music_topic.png",
        "service.text.color": "#6c489d",
        "loading.image": "chatroom_music_loading.png",
        "artist.text.color": "#6c489d",
        "stopbtn.pressed.image": "chatroom_music_stop_pressed.png"
    },
    "grouphome.error": {
        "btn.text.color": "#ffffff",
        "sticker.image": "zero_img_error.png",
        "icon.tintcolor": "#eac8ff",
        "msg.text.color": "#eac8ff",
        "btn.text.background.image": {
            "normal": "button_r07_normal.9.png",
            "pressed": "button_r07_pressed.9.png"
        },
        "msg.text.shadow": "#00000000"
    },
    "select.chat.bottom": {
        "button.background.color": {
            "normal": "#8c60c8",
            "pressed": "#7f57b7"
        },
        "button.icon.tintcolor": "#ffffff",
        "button.text.color": {
            "normal": "#ffffff",
            "dimmed": "#7fffffff"
        }
    },
    "chathistory.option.item.voip.voice": {
        "background.color": {
            "normal": "#a879e8",
            "pressed": "#9f70df"
        },
        "text.color": {
            "normal": "#ffffff",
            "dimmed": "#66ffffff"
        }
    },
    "chathistory.view.common": {
        "background.image.pattern": false,
        "background.color": "#b788f6"
    },
    "chathistory.input": {
        "inputText.color": "#000000",
        "photoButton.icon.image": "chatroom_ic_photo.png",
        "inputText.hint": "#936cc7",
        "attachButton.icon.image": "chatroom_ic_add.png",
        "background.image": "chatroom_input_bg.9.png",
        "sendButton.background.color": {
            "normal": "#fff001",
            "pressed": "#f4e600"
        },
        "sendButton.tintcolor": "#7954ab",
        "eskButton.icon.image": "chatroom_ic_stickers.png"
    },
    "friendlist.item.common": {
        "new.background.color": {
            "normal": "#b98bf7",
            "pressed": "#b185ed"
        },
        "checked.background.color": {
            "normal": "#a273e1",
            "pressed": "#a273e1"
        },
        "background.color": {
            "normal": "#af7ff0",
            "pressed": "#a273e1"
        }
    },
    "chathistory.privatechat.tooltip": {"text.color": "#7954ab"},
    "chathistory.option.item.image": {
        "block.image": "chatroom_option_ic_block.png",
        "timer.image": "chatroom_option_ic_timer_normal.png",
        "recommend.dimmed.image": "chatroom_option_ic_recom_disable.png",
        "edit.group.image": "chatroom_option_ic_editgroup_normal.png",
        "invite.image": "chatroom_option_ic_invite_normal.png",
        "leave.dimmed.image": "chatroom_option_ic_leave_disable.png",
        "leave.image": "chatroom_option_ic_leave_normal.png",
        "line.call.dimmed.image": "chatroom_option_ic_linecall_disable.png",
        "album.image": "chatroom_option_ic_albums_normal.png",
        "recommend.image": "chatroom_option_ic_recom_normal.png",
        "create.group.dimmed.image": "chatroom_option_ic_creategroup_disable.png",
        "timer.dimmed.image": "chatroom_option_ic_timer_disable.png",
        "create.group.image": "chatroom_option_ic_creategroup_normal.png",
        "edit.image": "chatroom_option_ic_edit_normal.png",
        "edit.group.dimmed.image": "chatroom_option_ic_editgroup_disable.png",
        "photo.video.dimmed.image": "chatroom_option_ic_pv_disable.png",
        "notification.on.image": "chatroom_option_ic_noti_on.png",
        "album.dimmed.image": "chatroom_option_ic_albums_disable.png",
        "setting.dimmed.image": "chatroom_option_ic_setting_disable.png",
        "invite.dimmed.image": "chatroom_option_ic_invite_disable.png",
        "notification.off.image": "chatroom_option_ic_noti_off.png",
        "setting.image": "chatroom_option_ic_setting_normal.png",
        "unblock.image": "chatroom_option_ic_unblock.png",
        "photo.video.image": "chatroom_option_ic_pv_normal.png",
        "edit.dimmed.image": "chatroom_option_ic_edit_disable.png",
        "line.call.image": "chatroom_option_ic_linecall_normal.png",
        "photo.image": "chatroom_option_ic_pv_normal.png",
        "send.gift.dimmed.image": "chatroom_option_ic_gift_disable.png",
        "send.gift.image": "chatroom_option_ic_gift_normal.png"
    },
    "myhome.write.post": {
        "icon.tintcolor": "#6c489d",
        "text.color": "#6c489d"
    },
    "chathistory.gift.send.msg": {
        "background.image": "chatroom_balloon_gift_send.9.png",
        "text.color": "#391a67"
    },
    "chathistory.voip.send.msg": {
        "icon.tintcolor": "#8c60c8",
        "linecall.text.color": "#8c60c8",
        "text.color": "#8c60c8"
    },
    "chathistory.privatechat.header.banner.item": {
        "icon.tintcolor": "#6c489d",
        "text.color": "#6c489d"
    },
    "view.common": {"background.color": "#af7ff0"},
    "chathistory.groupboard.tip": {"text.color": "#7954ab"},
    "search.chat.highlightColor": {
        "chatList.text.color": "#fff001",
        "receiveMessage.text.color": "#d09ded",
        "sendMessage.text.color": "#d09ded"
    },
    "myhome.cover": {
        "officialHomeProfileText.color": "#391a67",
        "officialHomeProfileArrow.tintcolor": {
            "normal": "#eac8ff",
            "pressed": "#a273e1"
        }
    },
    "navigationBar": {
        "title.text.color": "#ffffff",
        "button.background.color": {
            "normal": "#00000000",
            "pressed": "#00000000"
        },
        "badge.text.color": "#ffffff",
        "button.tintcolor": {
            "normal": "#ffffff",
            "pressed": "#e7d8fa",
            "dimmed": "#e7d8fa",
            "selected": "#ffffff"
        },
        "background.image": "header_bg.9.png",
        "badge.new.image": "header_ic_new.png",
        "button.text.color": {
            "normal": "#ffffff",
            "pressed": "#e7d8fa",
            "dimmed": "#e7d8fa",
            "selected": "#ffffff"
        },
        "title.button.tintcolor": "#ffffff",
        "status.background.color": "#8762b8",
        "badge.count.background.image": "header_num_bg.9.png"
    },
    "chathistory.voice.recv.msg": {
        "speak.expire.image": "chatroom_ic_voicemsg_rec_x.png",
        "bottom.background.image": "chatroom_voicemsg_line_w_rec.9.png",
        "colon.tintcolor": {
            "normal": "#d4bbf3",
            "selected": "#6c489c"
        },
        "seperator.image": "chatroom_voicemsg_line_h_rec.9.png",
        "speak3.image": "chatroom_ic_voicemsg_rec_03.png",
        "speak1.image": "chatroom_ic_voicemsg_rec_01.png",
        "share.image": {
            "normal": "chatroom_ic_voicemsg_rec_share.png",
            "selected": "chatroom_ic_voicemsg_rec_share_pressed.png"
        },
        "play.image": {
            "normal": "chatroom_ic_voicemsg_rec_play.png",
            "selected": "chatroom_ic_voicemsg_rec_play_pressed.png"
        },
        "speak.image": "chatroom_ic_voicemsg_rec_00.png",
        "pause.image": {
            "normal": "chatroom_ic_voicemsg_rec_pause.png",
            "selected": "chatroom_ic_voicemsg_rec_pause_pressed.png"
        },
        "speak2.image": "chatroom_ic_voicemsg_rec_02.png",
        "text.color": {
            "normal": "#d4bbf3",
            "selected": "#6c489c"
        }
    },
    "tabBar.item.timeline": {
        "highlight.image": "gnb_ic_timeline_new.png",
        "normal.image": "gnb_ic_timeline_normal.png",
        "selected.image": "gnb_ic_timeline_selected.png"
    },
    "grouphome.member.profile": {
        "add.btn.icon.tintcolor": "#af7ff0",
        "profile.name.text.color": "#f8f1fd"
    },
    "addFriend.tab.item": {
        "background.image": {
            "normal": "gnb_bg_addfriend_normal.9.png",
            "pressed": "gnb_bg_addfriend_pressed.9.png"
        },
        "text.color": "#ffffff"
    },
    "chathistory.voice.send.msg": {
        "speak.expire.image": "chatroom_ic_voicemsg_send_x.png",
        "bottom.background.image": "chatroom_voicemsg_line_w_send.9.png",
        "colon.tintcolor": {
            "normal": "#d3bd30",
            "selected": "#6c489d"
        },
        "seperator.image": "chatroom_voicemsg_line_h_send.9.png",
        "speak3.image": "chatroom_ic_voicemsg_send_03.png",
        "speak1.image": "chatroom_ic_voicemsg_send_01.png",
        "share.image": {
            "normal": "chatroom_ic_voicemsg_send_share.png",
            "selected": "chatroom_ic_voicemsg_send_share_pressed.png"
        },
        "play.image": {
            "normal": "chatroom_ic_voicemsg_send_play.png",
            "selected": "chatroom_ic_voicemsg_send_play_pressed.png"
        },
        "speak.image": "chatroom_ic_voicemsg_send_00.png",
        "pause.image": {
            "normal": "chatroom_ic_voicemsg_send_pause.png",
            "selected": "chatroom_ic_voicemsg_send_pause_pressed.png"
        },
        "speak2.image": "chatroom_ic_voicemsg_send_02.png",
        "text.color": {
            "normal": "#d3bd30",
            "selected": "#6c489d"
        }
    },
    "chathistory.option.item.voip.voice.image": {
        "voice.call.dimmed.image": "chatroom_option_ic_freecall_disable.png",
        "voice.call.image": "chatroom_option_ic_freecall_normal.png"
    },
    "chathistory.onair": {
        "background.image": "chatroom_onair_bg.9.png",
        "subtext.color": "#eac8ff",
        "text.color": "#f8f1fd"
    },
    "chathistory.voip.recv.msg": {
        "icon.tintcolor": "#8c60c8",
        "linecall.text.color": "#8c60c8",
        "text.color": "#8c60c8"
    },
    "moreMenu.view": {"background.color": "#af7ff0"},
    "myhome.post.header": {
        "groupBtn.popup.arrow.tintcolor": "#e3d5f6",
        "nameText.color": "#391a67",
        "groupBtn.background.image": {
            "normal": "button_r09_normal.9.png",
            "pressed": "button_r09_pressed.9.png"
        },
        "groupBtn.text.color": "#a273e1",
        "groupBtn.popup.background.image": "timeline_img_bg_see_bg01.9.png",
        "sharePostMessage.color": "#391a67",
        "groupBtn.popup.pressed.reverse.background.image": {
            "normal": "",
            "pressed": "timeline_img_bg_see_bg02_pressed.9.png"
        },
        "groupBtn.popup.divider.background.color": "#8c60c8",
        "groupBtn.icon.tintcolor": "#a273e1",
        "groupBtn.popup.reverse.background.image": "timeline_img_bg_see_bg02.9.png",
        "timeText.color": "#b4b4b4",
        "groupBtn.popup.detail.text.color": "#e3d5f6",
        "groupBtn.popup.pressed.background.image": {
            "normal": "",
            "pressed": "timeline_img_bg_see_bg01_pressed.9.png"
        },
        "groupBtn.popup.text.color": "#ffffff"
    },
    "chathistory.balloon.text.recv": {"background.image": {
        "normal": "chatroom_balloon_rec_normal.9.png",
        "padding": "16 5 11 8",
        "pressed": "chatroom_balloon_rec_pressed.9.png"
    }},
    "timeline.list.newpost": {
        "background.image": {
            "normal": "timeline_newpost_btn.9.png",
            "pressed": "timeline_newpost_btn.9.png"
        },
        "text.color": "#af7ff0"
    },
    "chathistory.gift.recv.msg": {
        "button.background.image": {
            "normal": "button_r07_normal.9.png",
            "pressed": "button_r07_pressed.9.png"
        },
        "background.image": "chatroom_balloon_gift_rec.9.png",
        "button.text.color": "#ffffff",
        "button.text.shadow": "#00000000",
        "text.color": "#391a67"
    },
    "grouphome.empty": {
        "empty.album.icon.image.tintcolor": "#f8f1fd",
        "empty.btn.text.color": "#ffffff",
        "empty.note.icon.image.tintcolor": "#f8f1fd",
        "empty.btn.background.image": {
            "normal": "button_r07_normal.9.png",
            "pressed": "button_r07_pressed.9.png"
        },
        "empty.text.color": "#f8f1fd"
    },
    "multi.userselect": {
        "name.text.color": "#f7e5ff",
        "background.color": "#a273e1"
    },
    "chathistory.link.recv.msg": {
        "bottom.background.image": "chatroom_gamemsg_line_rec.9.png",
        "detail.text.color": "#8c60c8",
        "arrow.tintcolor": "#7954ab",
        "text.color": "#391a67"
    },
    "timeline.userrecall": {
        "recalled.user.text.color": "#936cc7",
        "recall.user.text.color": "#ffffff",
        "suggest.dialog.text.color": "#936cc7",
        "recall.user.text.background.color": "#af7ff0"
    },
    "searchBar": {
        "underbar.background.color": {
            "normal": "#9669d4",
            "selected": "#9669d4"
        },
        "text.hint": "#eac8ff",
        "search.icon.image": "list_ic_search.png",
        "cancel.icon.tintcolor": "#eac8ff",
        "text.color": "#ffffff"
    },
    "chathistory.groupboard.send.msg": {
        "videoicon.tintcolor": "#8c60c8",
        "more.text.color": "#8c60c8",
        "photo.default.tintcolor": "#8c60c8",
        "photoicon.tintcolor": "#8c60c8",
        "bottom.background.image": "chatroom_gamemsg_line_send.9.png",
        "sticker.default.tintcolor": "#8c60c8",
        "video.default.tintcolor": "#8c60c8",
        "location.text.color": "#391a67",
        "arrow.tintcolor": "#7954ab",
        "text.color": "#391a67",
        "bottom.text.color": "#8c60c8"
    },
    "chathistory.privatechat.common": {
        "name.text.color": "#f8f1fd",
        "timer.text.color": "#eac8ff",
        "autoresend.icon.tintcolor": "#eac8ff",
        "time.text.color": "#eac8ff"
    },
    "select.chat.tab": {
        "background.image": "gnb_bg_select.9.png",
        "selectorBar.background.color": "#af7ff0",
        "text.shadow": "#00000000",
        "text.color": {
            "normal": "#d1b6f3",
            "selected": "#855cc7"
        }
    },
    "chathistory.input.sendButton.selectType": {
        "icon.tintcolor": {
            "normal": "#debbf3",
            "selected": "#6c489d"
        },
        "text.color": {
            "normal": "#debbf3",
            "selected": "#6c489d"
        }
    },
    "chathistory.option.item.voip.video.image": {
        "video.call.image": "chatroom_option_ic_videocall_normal.png",
        "video.call.dimmed.image": "chatroom_option_ic_videocall_disable.png"
    },
    "moreMenu.lower.item": {
        "newIcon.image": "more_ic_new.png",
        "icon.tintcolor": "#fdfaff",
        "background.color": {
            "normal": "#af7ff0",
            "pressed": "#a273e1"
        },
        "text.color": "#f6e7ff"
    },
    "list.common": {"divider.background.color": "#9d74d7"},
    "chathistory.balloon.send": {"background.image": {
        "normal": "chatroom_balloon_send_normal.9.png",
        "pressed": "chatroom_balloon_send_pressed.9.png"
    }},
    "navigationBar.search": {
        "back.icon.tintcolor": {
            "normal": "#ffffff",
            "pressed": "#e7d8fa"
        },
        "underbar.background.color": "#8c60c8",
        "background.image": "header_bg.9.png",
        "text.hint": "#e7d8fa",
        "cancel.icon.tintcolor": "#ffffff",
        "text.color": "#ffffff"
    },
    "album.detail.menu": {
        "checked.icon.tintcolor": "#855cc7",
        "item.color": {
            "normal": "#d1b6f3",
            "selected": "#855cc7"
        }
    },
    "friendlist.item": {
        "phoneIcon.tintcolor": {
            "normal": "#e2c5fc",
            "pressed": "#cea9f7"
        },
        "nameText.color": "#fdfaff",
        "phoneIcon.background.tintcolor": {
            "normal": "#a273e1",
            "pressed": "#986bd4"
        },
        "addFriend.background.tintcolor": {
            "normal": "#a273e1",
            "pressed": "#986bd4"
        },
        "arrowIcon.tintcolor": "#e2c5fc",
        "updateIcon.tintcolor": "#fff001",
        "addInviteButton.background.image": {
            "normal": "button_r10_normal.9.png",
            "pressed": "button_r10_pressed.9.png"
        },
        "addFriend.icon.tintcolor": "#e2c5fc",
        "descriptionText.color": "#eac8ff",
        "statusText.color": "#eac8ff",
        "checkboxOff.image": "list_checkbox_img_normal.png",
        "checkboxOn.image": "list_checkbox_img_selected.png",
        "addInviteButton.color": "#eac8ff"
    },
    "chathistory.option.item": {
        "button.background.color": {
            "normal": "#a879e8",
            "pressed": "#9f70df"
        },
        "bottom.divider.background.color": "#9869d9",
        "text.color": {
            "normal": "#ffffff",
            "dimmed": "#66ffffff"
        }
    },
    "profile.thumbnail": {
        "group.small.image": "group_thumbnail_small.png",
        "single.big.image": "user_thumbnail_large_00.png",
        "group.big.image": "group_thumbnail_large.png",
        "single.small.image": "user_thumbnail_small_00.png"
    },
    "chathistory.privatechat.view.common": {"background.image": "chatroom_bg_hidden.9.png"},
    "main.view.common": {"background.color": "#af7ff0"},
    "chathistory.input.voice": {
        "voip.background.color": {
            "normal": "#fff001",
            "pressed": "#f4e600"
        },
        "voip.icon.tintcolor": "#7954ab",
        "voip.text.color": "#7954ab",
        "close.background.color": {
            "normal": "#8c60c8",
            "pressed": "#855cbd"
        },
        "close.icon.tintcolor": "#ffffff"
    },
    "manifest": {
        "schemaVersion": 1,
        "provider": {
            "name": "LINE Corporation",
            "url": "http://www.linecorp.com"
        },
        "themeVersion": "5.10.0",
        "name": "Purple",
        "platform": "Android",
        "revision": 12,
        "quality": 85
    },
    "noticenter2": {
        "title.text.color": "#8c60c8",
        "arrow.icon.image": "timeline_img_tabarrow.png",
        "background.color": "#ffffff",
        "more.icon.tintcolor": "#8c60c8"
    },
    "chathistory.link.send.msg": {
        "bottom.background.image": "chatroom_gamemsg_line_send.9.png",
        "detail.text.color": "#8c60c8",
        "arrow.tintcolor": "#7954ab",
        "text.color": "#391a67"
    },
    "chathistory.spammer": {
        "name.text.color": "#eac8ff",
        "button.background.image": {
            "normal": "button_r06_normal.9.png",
            "pressed": "button_r06_pressed.9.png"
        },
        "background.image": "chatroom_onair_bg.9.png",
        "button.text.color": "#f6efff",
        "text.color": "#f8f1fd"
    },
    "navigationBar.moreMenu": {"item.text.color": "#6c489d"},
    "tabBar.item": {"badge.background.image": "gnb_num_bg.9.png"},
    "chathistory.balloon.video.default.recv": {"background.color": "#ffffff"},
    "addFriend.tab.addGroup": {
        "icon.background.tintcolor": "#a273e1",
        "icon.tintcolor": "#f8f1fd",
        "subtext.color": "#eac8ff",
        "updateButton.tintcolor": {
            "normal": "#8c60c8",
            "pressed": "#6c489d"
        },
        "background.color": {
            "normal": "#af7ff0",
            "pressed": "#a273e1"
        },
        "addButton.text.color": "#ffffff",
        "addButton.background.tintcolor": {
            "normal": "#8c60c8",
            "pressed": "#6c489d"
        },
        "arrow.tintcolor": "#855cc7",
        "text.color": "#f8f1fd"
    },
    "chathistory.contact.recv.msg": {
        "arrow.tintcolor": "#7954ab",
        "text.color": "#391a67"
    },
    "myhome.lineend.smiley": {"smiley.tintcolor": "#ffffff"},
    "splash": {
        "splash.background.image": {
            "normal": "",
            "top": ["splash_img.png"],
            "gravity": ["center"]
        },
        "background.color": "#af7ff0"
    },
    "passcode": {
        "number.background.tintcolor": {
            "normal": "#af7ff0",
            "pressed": "#8c60c8"
        },
        "passcode3.input.image": "password_ic_03_on.png",
        "passcode2.background.image": "password_ic_02_off.png",
        "passcode1.input.image": "password_ic_01_on.png",
        "number.text.tintcolor": "#f6efff",
        "passcode2.input.image": "password_ic_02_on.png",
        "passcode4.background.image": "password_ic_04_off.png",
        "background.color": "#af7ff0",
        "top.background.color": "#af7ff0",
        "text.color": "#ffffff",
        "infotext.color": "#dfccf9",
        "passcode1.background.image": "password_ic_01_off.png",
        "number.delete.tintcolor": {
            "normal": "#f6efff",
            "pressed": "#f6efff"
        },
        "passcode3.background.image": "password_ic_03_off.png",
        "number.cancel.text.color": {
            "normal": "#f6efff",
            "pressed": "#f7f6efff"
        },
        "passcode4.input.image": "password_ic_04_on.png"
    },
    "myhome.post.body": {"text.color": "#000000"}
}