{
    "calllist.item": {
        "dateText.color": "#d1ba7c",
        "phoneIcon.tintcolor": {
            "normal": "#76332e",
            "pressed": "#622723"
        },
        "nameText.color": "#76332e",
        "phoneIcon.background.tintcolor": {
            "normal": "#f4e8b0",
            "pressed": "#ebdd99"
        },
        "dateIcon.tintcolor": "#d1ba7c"
    },
    "chathistory.attach.header": {
        "background.image": "header_bg.9.png",
        "text.color": "#ffffff"
    },
    "friendlist.category": {
        "textSeeAll.color": "#ebd8a3",
        "arrowClose.tintcolor": "#ebd8a3",
        "arrowOpen.tintcolor": "#ebd8a3",
        "textSeeAll.arrow.tintcolor": "#ebd8a3",
        "background.color": "#fffccc",
        "text.color": "#f6df93"
    },
    "chathistory.file.recv.msg": {
        "file.icon.tintcolor": "#915c58",
        "expire.text.color": "#a77d79",
        "arrow.tintcolor": "#d4bfbd",
        "text.color": "#76332e"
    },
    "tabBar.item.talk": {
        "normal.image": "gnb_ic_chats_normal.png",
        "selected.image": "gnb_ic_chats_selected.png"
    },
    "chathistory.text.send.msg": {"text.color": "#45171b"},
    "grouphome.main": {
        "tab.text.color": "#ad8582",
        "moreTab.icon.tintcolor": {
            "normal": "#ffffff",
            "pressed": "#ffffff"
        },
        "albumCreateBtn.image": {
            "normal": "group_ic_postalbum.png",
            "pressed": "group_ic_postalbum_pressed.png"
        },
        "selectedTab.text.color": "#ffffff",
        "tab.background.color": "#76332e",
        "postWriteBtn.image": {
            "normal": "group_ic_writepost.png",
            "pressed": "group_ic_writepost_pressed.png"
        },
        "tabBottomLine.background.color": "#e22337"
    },
    "chathistory.option.item.voip.video": {
        "background.color": {
            "normal": "#fddb5c",
            "pressed": "#ffce38"
        },
        "text.color": {
            "normal": "#76332e",
            "dimmed": "#6676332e"
        }
    },
    "chathistory.text.recv.msg": {"text.color": "#45171b"},
    "addFriend.tab.icon": {
        "idsearch.image": "gnb_ic_search.png",
        "invite.image": "gnb_ic_contacts.png",
        "qrcode.image": "gnb_ic_qrcode.png",
        "shakeit.image": "gnb_ic_shakeit.png"
    },
    "chathistory.balloon.text.send": {"background.image": {
        "normal": "chatroom_balloon_send_normal.9.png",
        "padding": "11 5 16 8",
        "pressed": "chatroom_balloon_send_pressed.9.png"
    }},
    "friendlist.common": {"noresult.text.color": "#d7c387"},
    "chatlist.item": {
        "messageText.color": "#d1ba7c",
        "nameText.color": "#76332e",
        "newIcon.image": "list_category_chat_new.png",
        "timeText.color": "#d1ba7c",
        "muteIcon.tintcolor": "#e8dba4",
        "messageCountText.color": "#ffffff",
        "messageCountText.background.image": "list_category_chat_num.9.png"
    },
    "chathistory.attach.item": {
        "icon.tintcolor": "#ffffff",
        "external.icon.tintcolor": "#fbc22d",
        "background.color": {
            "normal": "#fddb5c",
            "pressed": "#ffce38"
        },
        "text.color": "#76332e"
    },
    "chathistory.common": {
        "datebar.background.image": "chatroom_date.9.png",
        "soundsticker.icon.tintcolor": "#e7daa3",
        "autoresend.icon.tintcolor": "#e7daa3",
        "checkBox.image": {
            "normal": "list_checkbox_img_normal.png",
            "selected": "list_checkbox_img_selected.png"
        },
        "time.color": "#e7daa3",
        "name.color": "#d7c387",
        "datebar.text.color": "#ffffff"
    },
    "bottom.button.common": {
        "button1.background.color": {
            "normal": "#e22337",
            "pressed": "#ca1528",
            "dimmed": "#e22337"
        },
        "button2.background.color": {
            "normal": "#76332e",
            "pressed": "#612d29",
            "dimmed": "#76332e"
        },
        "button1.text.color": {
            "normal": "#ffffff",
            "dimmed": "#66ffffff"
        },
        "button2.text.color": {
            "normal": "#ffffff",
            "dimmed": "#66ffffff"
        }
    },
    "invitemember.tab.item": {
        "icon.tintcolor": "#ffffff",
        "background.image": {
            "normal": "gnb_bg_addfriend_normal.9.png",
            "pressed": "gnb_bg_addfriend_pressed.9.png"
        },
        "text.color": "#ffffff"
    },
    "chathistory.music.recv.msg": {
        "title.text.color": "#45171b",
        "playlist.default.image": "chatroom_ic_music_playlist.png",
        "playbtn.default.image": "chatroom_music_play_default.png",
        "playing.image": "chatroom_music_bar_playing.png",
        "playbtn.background.pressed.image": "chatroom_music_bar_pressed.png",
        "stopbtn.default.image": "chatroom_music_stop_default.png",
        "playbtn.pressed.image": "chatroom_music_play_pressed.png",
        "playbtn.background.default.image": "chatroom_music_bar_default.png",
        "typename.text.color": "#9945171b",
        "topic.default.image": "chatroom_ic_music_topic.png",
        "service.text.color": "#9945171b",
        "loading.image": "chatroom_music_loading.png",
        "artist.text.color": "#9945171b",
        "stopbtn.pressed.image": "chatroom_music_stop_pressed.png"
    },
    "myhome.post.bottom": {
        "commentText.color": "#76332e",
        "commentIcon.image": {
            "normal": "timeline_ic_postcomment.png",
            "selected": "timeline_ic_postcomment.png"
        },
        "likeText.color": "#76332e",
        "likeIcon.image": {
            "normal": "timeline_ic_postlike_off.png",
            "selected": "timeline_ic_postlike_on.png"
        },
        "likeCountText.color": "#76332e",
        "commentCountText.color": "#76332e"
    },
    "chathistory.balloon.recv": {"background.image": {
        "normal": "chatroom_balloon_rec_normal.9.png",
        "pressed": "chatroom_balloon_rec_pressed.9.png"
    }},
    "chathistory.memberlist.area": {"background.color": "#e5fdde67"},
    "chathistory.contact.send.msg": {
        "arrow.tintcolor": "#d2a54e",
        "text.color": "#76332e"
    },
    "tabBar.item.friend": {
        "normal.image": "gnb_ic_friends_normal.png",
        "selected.image": "gnb_ic_friends_selected.png"
    },
    "moreMenu.item": {
        "newIcon.image": "more_ic_new.png",
        "background.color": {
            "normal": "#fffccc",
            "pressed": "#fffbbc"
        },
        "text.color": "#6a2925"
    },
    "myhome.list.header": {
        "updateTitleText.color": "#d7c387",
        "updateText.color": "#d7c387",
        "updateTimeText.color": "#d7c387"
    },
    "chathistory.file.send.msg": {
        "file.icon.tintcolor": "#915537",
        "expire.text.color": "#a77559",
        "arrow.tintcolor": "#d2a54e",
        "text.color": "#76332e"
    },
    "chathistory.privatechat.balloon.receive.text": {
        "background.image": {
            "normal": "chatroom_balloon_hidden.9.png",
            "pressed": "chatroom_balloon_hidden.9.png"
        },
        "icon.arrow.tintcolor": "#d3bdbc",
        "text.color": "#45171b"
    },
    "common.empty.page": {
        "zero.subtitle.color": "#d7c387",
        "zerobutton.text.color": "#ffffff",
        "call.name.text.color": "#76332e",
        "zero.title.color": "#720f18",
        "zero.image": "zero_img_empty.png",
        "error.subtitle.color": "#d7c387",
        "error.button.background.image": {
            "normal": "button_r07_normal.9.png",
            "pressed": "button_r07_pressed.9.png"
        },
        "call.link.text.color": "#d7c387",
        "error.button.text.color": "#ffffff",
        "zerobutton.background.image": {
            "normal": "button_r07_normal.9.png",
            "pressed": "button_r07_pressed.9.png"
        },
        "error.image": "zero_img_error.png"
    },
    "grouphome.friend.request": {
        "btn.background.color": {
            "normal": "#76332e",
            "pressed": "#612d29"
        },
        "btn.text.color": "#ffffff",
        "background.color": "#fed046",
        "message.text.color": "#76332e",
        "message.icon.tintcolor": "#76332e"
    },
    "notification.popup": {
        "setting.checkbox.background.image": {
            "normal": "list_checkbox_img_normal.png",
            "selected": "list_checkbox_img_selected.png"
        },
        "title.logo.tintcolor": "#ffffff",
        "title.username.text.color": "#ffffff",
        "title.groupname.text.color": "#ffffff",
        "title.count.background.image": "popup_noti_img_num_bg.9.png",
        "title.background.image": "popup_noti_bg_top.9.png",
        "title.setting.image.tintcolor": "#ffffff",
        "reply.input.bar.background.color": {
            "normal": "#d6d6d6",
            "selected": "#d1ba7c"
        },
        "title.count.text.color": "#ffffff",
        "reply.sendbutton.tintcolor": {
            "normal": "#d6d6d6",
            "pressed": "#76332e",
            "selected": "#d1ba7c"
        }
    },
    "tabBar.item.call": {
        "normal.image": "gnb_ic_call_normal.png",
        "selected.image": "gnb_ic_call_selected.png"
    },
    "tabBar": {
        "background.image.pattern": true,
        "background.image": "gnb_bg_pattern.png",
        "selectorBar.background.color": "#e22337",
        "shadow.image": "gnb_gra.9.png"
    },
    "chathistory.attach.item.image": {
        "contact.image": {"normal": "chatroom_attach_ic_info.png"},
        "take.video.image": {"normal": "chatroom_attach_ic_takevideo.png"},
        "choose.video.image": {"normal": "chatroom_attach_ic_chooesvideo.png"},
        "take.photo.image": {"normal": "chatroom_attach_ic_takephoto.png"},
        "choose.photo.image": {"normal": "chatroom_attach_ic_photo.png"},
        "audio.image": {"normal": "chatroom_attach_ic_voicemessage.png"},
        "location.image": {"normal": "chatroom_attach_ic_location.png"}
    },
    "tabBar.item.more": {
        "normal.image": "gnb_ic_more_normal.png",
        "selected.image": "gnb_ic_more_selected.png"
    },
    "chathistory.groupboard.recv.msg": {
        "videoicon.tintcolor": "#8f7476",
        "more.text.color": "#8f7476",
        "photo.default.tintcolor": "#8f7476",
        "photoicon.tintcolor": "#8f7476",
        "bottom.background.image": "chatroom_gamemsg_line_rec.9.png",
        "sticker.default.tintcolor": "#8f7476",
        "video.default.tintcolor": "#8f7476",
        "location.text.color": "#45171b",
        "arrow.tintcolor": "#d3bdbc",
        "text.color": "#45171b",
        "bottom.text.color": "#8f7476"
    },
    "myhome.background": {"background.color": "#fffccc"},
    "navigationBar.tab": {"text.color": {
        "normal": "#ffffff",
        "selected": "#66ffffff"
    }},
    "grouphome.member.category": {
        "edit.btn.background.image": {
            "normal": "button_r10_normal.9.png",
            "pressed": "button_r10_pressed.9.png"
        },
        "category.text.color": "#efca68",
        "category.divider.background.color": "#f3efb5",
        "category.count.text.color": "#efca68",
        "edit.btn.text.color": "#ffffff"
    },
    "chathistory.balloon.video.default.send": {"background.color": "#fddb5c"},
    "moreMenu.topbanner.item": {
        "subtext.color": "#d1ba7c",
        "arrowIcon.tintcolor": "#e1d198",
        "background.color": "#fffccc",
        "topDivider.background.color": "#f3efb6",
        "text.color": "#76332e"
    },
    "chathistory.music.send.msg": {
        "title.text.color": "#45171b",
        "playlist.default.image": "chatroom_ic_music_playlist.png",
        "playbtn.default.image": "chatroom_music_play_default.png",
        "playing.image": "chatroom_music_bar_playing.png",
        "playbtn.background.pressed.image": "chatroom_music_bar_pressed.png",
        "stopbtn.default.image": "chatroom_music_stop_default.png",
        "playbtn.pressed.image": "chatroom_music_play_pressed.png",
        "playbtn.background.default.image": "chatroom_music_bar_default.png",
        "typename.text.color": "#9945171b",
        "topic.default.image": "chatroom_ic_music_topic.png",
        "service.text.color": "#9945171b",
        "loading.image": "chatroom_music_loading.png",
        "artist.text.color": "#9945171b",
        "stopbtn.pressed.image": "chatroom_music_stop_pressed.png"
    },
    "grouphome.error": {
        "btn.text.color": "#ffffff",
        "sticker.image": "zero_img_error.png",
        "icon.tintcolor": "#d1ba7c",
        "msg.text.color": "#d7c387",
        "btn.text.background.image": {
            "normal": "button_r08_normal.9.png",
            "pressed": "button_r08_pressed.9.png"
        },
        "msg.text.shadow": "#00000000"
    },
    "select.chat.bottom": {
        "button.background.color": {
            "normal": "#76332e",
            "pressed": "#612d29"
        },
        "button.icon.tintcolor": "#ffffff",
        "button.text.color": {
            "normal": "#ffffff",
            "dimmed": "#7fffffff"
        }
    },
    "chathistory.option.item.voip.voice": {
        "background.color": {
            "normal": "#fddb5c",
            "pressed": "#ffce38"
        },
        "text.color": {
            "normal": "#76332e",
            "dimmed": "#6676332e"
        }
    },
    "chathistory.view.common": {
        "background.image.pattern": false,
        "background.color": "#fffccc"
    },
    "chathistory.input": {
        "inputText.color": "#76332e",
        "photoButton.icon.image": "chatroom_ic_photo.png",
        "inputText.hint": "#c7984a",
        "attachButton.icon.image": "chatroom_ic_add.png",
        "background.image": "chatroom_input_bg.9.png",
        "sendButton.background.color": {
            "normal": "#feb008",
            "pressed": "#fe9e08"
        },
        "sendButton.tintcolor": "#ffffff",
        "eskButton.icon.image": "chatroom_ic_stickers.png"
    },
    "friendlist.item.common": {
        "new.background.color": {
            "normal": "#fffde1",
            "pressed": "#fffde7"
        },
        "checked.background.color": {
            "normal": "#fffbbc",
            "pressed": "#fffbbc"
        },
        "background.color": {
            "normal": "#fffccc",
            "pressed": "#fffbbc"
        }
    },
    "chathistory.privatechat.tooltip": {"text.color": "#76332e"},
    "chathistory.option.item.image": {
        "block.image": "chatroom_option_ic_block.png",
        "timer.image": "chatroom_option_ic_timer_normal.png",
        "recommend.dimmed.image": "chatroom_option_ic_recom_disable.png",
        "edit.group.image": "chatroom_option_ic_editgroup_normal.png",
        "invite.image": "chatroom_option_ic_invite_normal.png",
        "leave.dimmed.image": "chatroom_option_ic_leave_disable.png",
        "leave.image": "chatroom_option_ic_leave_normal.png",
        "line.call.dimmed.image": "chatroom_option_ic_linecall_disable.png",
        "album.image": "chatroom_option_ic_albums_normal.png",
        "recommend.image": "chatroom_option_ic_recom_normal.png",
        "create.group.dimmed.image": "chatroom_option_ic_creategroup_disable.png",
        "timer.dimmed.image": "chatroom_option_ic_timer_disable.png",
        "create.group.image": "chatroom_option_ic_creategroup_normal.png",
        "edit.image": "chatroom_option_ic_edit_normal.png",
        "edit.group.dimmed.image": "chatroom_option_ic_editgroup_disable.png",
        "photo.video.dimmed.image": "chatroom_option_ic_pv_disable.png",
        "notification.on.image": "chatroom_option_ic_noti_on.png",
        "album.dimmed.image": "chatroom_option_ic_albums_disable.png",
        "setting.dimmed.image": "chatroom_option_ic_setting_disable.png",
        "invite.dimmed.image": "chatroom_option_ic_invite_disable.png",
        "notification.off.image": "chatroom_option_ic_noti_off.png",
        "setting.image": "chatroom_option_ic_setting_normal.png",
        "unblock.image": "chatroom_option_ic_unblock.png",
        "photo.video.image": "chatroom_option_ic_pv_normal.png",
        "edit.dimmed.image": "chatroom_option_ic_edit_disable.png",
        "line.call.image": "chatroom_option_ic_linecall_normal.png",
        "photo.image": "chatroom_option_ic_pv_normal.png",
        "send.gift.dimmed.image": "chatroom_option_ic_gift_disable.png",
        "send.gift.image": "chatroom_option_ic_gift_normal.png"
    },
    "myhome.write.post": {
        "icon.tintcolor": "#76332e",
        "text.color": "#76332e"
    },
    "chathistory.gift.send.msg": {
        "background.image": "chatroom_balloon_gift_send.9.png",
        "text.color": "#45171b"
    },
    "chathistory.voip.send.msg": {
        "icon.tintcolor": "#915c58",
        "linecall.text.color": "#915c58",
        "text.color": "#915c58"
    },
    "chathistory.privatechat.header.banner.item": {
        "icon.tintcolor": "#76332e",
        "text.color": "#76332e"
    },
    "view.common": {"background.color": "#fffccc"},
    "chathistory.groupboard.tip": {"text.color": "#76332e"},
    "search.chat.highlightColor": {
        "chatList.text.color": "#e22337",
        "receiveMessage.text.color": "#fff58b",
        "sendMessage.text.color": "#fff58b"
    },
    "myhome.cover": {
        "officialHomeProfileText.color": "#720f18",
        "officialHomeProfileArrow.tintcolor": {
            "normal": "#76332e",
            "pressed": "#76332e"
        }
    },
    "navigationBar": {
        "title.text.color": "#ffffff",
        "button.background.color": {
            "normal": "#00000000",
            "pressed": "#00000000"
        },
        "badge.text.color": "#ffffff",
        "button.tintcolor": {
            "normal": "#ffffff",
            "pressed": "#ad8582",
            "dimmed": "#ad8582",
            "selected": "#ffffff"
        },
        "background.image": "header_bg.9.png",
        "badge.new.image": "header_ic_new.png",
        "button.text.color": {
            "normal": "#ffffff",
            "pressed": "#ad8582",
            "dimmed": "#ad8582",
            "selected": "#ffffff"
        },
        "title.button.tintcolor": "#ffffff",
        "status.background.color": "#642823",
        "badge.count.background.image": "header_num_bg.9.png"
    },
    "chathistory.voice.recv.msg": {
        "speak.expire.image": "chatroom_ic_voicemsg_rec_x.png",
        "bottom.background.image": "chatroom_voicemsg_line_w_rec.9.png",
        "colon.tintcolor": {
            "normal": "#c8adab",
            "selected": "#720f18"
        },
        "seperator.image": "chatroom_voicemsg_line_h_rec.9.png",
        "speak3.image": "chatroom_ic_voicemsg_rec_03.png",
        "speak1.image": "chatroom_ic_voicemsg_rec_01.png",
        "share.image": {
            "normal": "chatroom_ic_voicemsg_rec_share.png",
            "selected": "chatroom_ic_voicemsg_rec_share_pressed.png"
        },
        "play.image": {
            "normal": "chatroom_ic_voicemsg_rec_play.png",
            "selected": "chatroom_ic_voicemsg_rec_play_pressed.png"
        },
        "speak.image": "chatroom_ic_voicemsg_rec_00.png",
        "pause.image": {
            "normal": "chatroom_ic_voicemsg_rec_pause.png",
            "selected": "chatroom_ic_voicemsg_rec_pause_pressed.png"
        },
        "speak2.image": "chatroom_ic_voicemsg_rec_02.png",
        "text.color": {
            "normal": "#c8adab",
            "selected": "#76332e"
        }
    },
    "tabBar.item.timeline": {
        "highlight.image": "gnb_ic_timeline_new.png",
        "normal.image": "gnb_ic_timeline_normal.png",
        "selected.image": "gnb_ic_timeline_selected.png"
    },
    "grouphome.member.profile": {
        "add.btn.icon.tintcolor": "#915c58",
        "profile.name.text.color": "#76332e"
    },
    "addFriend.tab.item": {
        "background.image": {
            "normal": "gnb_bg_addfriend_normal.9.png",
            "pressed": "gnb_bg_addfriend_pressed.9.png"
        },
        "text.color": "#76332e"
    },
    "chathistory.voice.send.msg": {
        "speak.expire.image": "chatroom_ic_voicemsg_send_x.png",
        "bottom.background.image": "chatroom_voicemsg_line_w_send.9.png",
        "colon.tintcolor": {
            "normal": "#c7984a",
            "selected": "#76332e"
        },
        "seperator.image": "chatroom_voicemsg_line_h_send.9.png",
        "speak3.image": "chatroom_ic_voicemsg_send_03.png",
        "speak1.image": "chatroom_ic_voicemsg_send_01.png",
        "share.image": {
            "normal": "chatroom_ic_voicemsg_send_share.png",
            "selected": "chatroom_ic_voicemsg_send_share_pressed.png"
        },
        "play.image": {
            "normal": "chatroom_ic_voicemsg_send_play.png",
            "selected": "chatroom_ic_voicemsg_send_play_pressed.png"
        },
        "speak.image": "chatroom_ic_voicemsg_send_00.png",
        "pause.image": {
            "normal": "chatroom_ic_voicemsg_send_pause.png",
            "selected": "chatroom_ic_voicemsg_send_pause_pressed.png"
        },
        "speak2.image": "chatroom_ic_voicemsg_send_02.png",
        "text.color": {
            "normal": "#c7984a",
            "selected": "#720f18"
        }
    },
    "chathistory.option.item.voip.voice.image": {
        "voice.call.dimmed.image": "chatroom_option_ic_freecall_disable.png",
        "voice.call.image": "chatroom_option_ic_freecall_normal.png"
    },
    "chathistory.onair": {
        "background.image": "chatroom_onair_bg.9.png",
        "subtext.color": "#aa6238",
        "text.color": "#720f18"
    },
    "chathistory.voip.recv.msg": {
        "icon.tintcolor": "#915c58",
        "linecall.text.color": "#915c58",
        "text.color": "#915c58"
    },
    "moreMenu.view": {"background.color": "#fffccc"},
    "myhome.post.header": {
        "groupBtn.popup.arrow.tintcolor": "#ffedb7",
        "nameText.color": "#7f413c",
        "groupBtn.background.image": {
            "normal": "button_r09_normal.9.png",
            "pressed": "button_r09_pressed.9.png"
        },
        "groupBtn.text.color": "#d7c387",
        "groupBtn.popup.background.image": "timeline_img_bg_see_bg01.9.png",
        "sharePostMessage.color": "#720f18",
        "groupBtn.popup.pressed.reverse.background.image": {
            "normal": "",
            "pressed": "timeline_img_bg_see_bg02_pressed.9.png"
        },
        "groupBtn.popup.divider.background.color": "#f1c53e",
        "groupBtn.icon.tintcolor": "#d7c387",
        "groupBtn.popup.reverse.background.image": "timeline_img_bg_see_bg02.9.png",
        "timeText.color": "#d7c387",
        "groupBtn.popup.detail.text.color": "#fff6db",
        "groupBtn.popup.pressed.background.image": {
            "normal": "",
            "pressed": "timeline_img_bg_see_bg01_pressed.9.png"
        },
        "groupBtn.popup.text.color": "#ffffff"
    },
    "chathistory.balloon.text.recv": {"background.image": {
        "normal": "chatroom_balloon_rec_normal.9.png",
        "padding": "16 5 11 8",
        "pressed": "chatroom_balloon_rec_pressed.9.png"
    }},
    "timeline.list.newpost": {
        "background.image": {
            "normal": "timeline_newpost_btn.9.png",
            "pressed": "timeline_newpost_btn.9.png"
        },
        "text.color": "#76332e"
    },
    "chathistory.gift.recv.msg": {
        "button.background.image": {
            "normal": "button_r07_normal.9.png",
            "pressed": "button_r07_pressed.9.png"
        },
        "background.image": "chatroom_balloon_gift_rec.9.png",
        "button.text.color": "#ffffff",
        "button.text.shadow": "#00000000",
        "text.color": "#45171b"
    },
    "grouphome.empty": {
        "empty.album.icon.image.tintcolor": "#d1ba7c",
        "empty.btn.text.color": "#ffffff",
        "empty.note.icon.image.tintcolor": "#d1ba7c",
        "empty.btn.background.image": {
            "normal": "button_r08_normal.9.png",
            "pressed": "button_r08_pressed.9.png"
        },
        "empty.text.color": "#d7c387"
    },
    "multi.userselect": {
        "name.text.color": "#ffffff",
        "background.color": "#76332e"
    },
    "chathistory.link.recv.msg": {
        "bottom.background.image": "chatroom_gamemsg_line_rec.9.png",
        "detail.text.color": "#8f7476",
        "arrow.tintcolor": "#d3bdbc",
        "text.color": "#45171b"
    },
    "timeline.userrecall": {
        "recalled.user.text.color": "#e22337",
        "recall.user.text.color": "#ffffff",
        "suggest.dialog.text.color": "#e22337",
        "recall.user.text.background.color": "#e22337"
    },
    "searchBar": {
        "underbar.background.color": {
            "normal": "#f5de90",
            "selected": "#f9e9a6"
        },
        "text.hint": "#f5dc8c",
        "search.icon.image": "list_ic_search.png",
        "cancel.icon.tintcolor": "#f5dc8c",
        "text.color": "#720f18"
    },
    "chathistory.groupboard.send.msg": {
        "videoicon.tintcolor": "#8b575b",
        "more.text.color": "#8b575b",
        "photo.default.tintcolor": "#8b575b",
        "photoicon.tintcolor": "#8b575b",
        "bottom.background.image": "chatroom_gamemsg_line_send.9.png",
        "sticker.default.tintcolor": "#8b575b",
        "video.default.tintcolor": "#8b575b",
        "location.text.color": "#45171b",
        "arrow.tintcolor": "#d2a54e",
        "text.color": "#45171b",
        "bottom.text.color": "#8b575b"
    },
    "chathistory.privatechat.common": {
        "name.text.color": "#d7c387",
        "timer.text.color": "#e7daa3",
        "autoresend.icon.tintcolor": "#e7daa3",
        "time.text.color": "#e7daa3"
    },
    "select.chat.tab": {
        "background.image": "gnb_bg_select.9.png",
        "selectorBar.background.color": "#e22337",
        "text.shadow": "#00000000",
        "text.color": {
            "normal": "#66ffffff",
            "selected": "#ffffff"
        }
    },
    "chathistory.input.sendButton.selectType": {
        "icon.tintcolor": {
            "normal": "#b08986",
            "selected": "#76332e"
        },
        "text.color": {
            "normal": "#9f706c",
            "selected": "#76332e"
        }
    },
    "chathistory.option.item.voip.video.image": {
        "video.call.image": "chatroom_option_ic_videocall_normal.png",
        "video.call.dimmed.image": "chatroom_option_ic_videocall_disable.png"
    },
    "moreMenu.lower.item": {
        "newIcon.image": "more_ic_new.png",
        "icon.tintcolor": "#6a2925",
        "background.color": {
            "normal": "#fffccc",
            "pressed": "#fffbbc"
        },
        "text.color": "#6a2925"
    },
    "list.common": {"divider.background.color": "#f3efb6"},
    "chathistory.balloon.send": {"background.image": {
        "normal": "chatroom_balloon_send_normal.9.png",
        "pressed": "chatroom_balloon_send_pressed.9.png"
    }},
    "navigationBar.search": {
        "back.icon.tintcolor": {
            "normal": "#ffffff",
            "pressed": "#ad8582"
        },
        "underbar.background.color": "#ad8582",
        "background.image": "header_bg.9.png",
        "text.hint": "#ad8582",
        "cancel.icon.tintcolor": "#ffffff",
        "text.color": "#ffffff"
    },
    "album.detail.menu": {
        "checked.icon.tintcolor": "#76332e",
        "item.color": {
            "normal": "#b08986",
            "selected": "#76332e"
        }
    },
    "friendlist.item": {
        "phoneIcon.tintcolor": {
            "normal": "#76332e",
            "pressed": "#622723"
        },
        "nameText.color": "#720f18",
        "phoneIcon.background.tintcolor": {
            "normal": "#f4e8b0",
            "pressed": "#ebdd99"
        },
        "addFriend.background.tintcolor": {
            "normal": "#f4e8b0",
            "pressed": "#ebdd99"
        },
        "arrowIcon.tintcolor": "#ebd8a3",
        "updateIcon.tintcolor": "#e22337",
        "addInviteButton.background.image": {
            "normal": "button_r10_normal.9.png",
            "pressed": "button_r10_pressed.9.png"
        },
        "addFriend.icon.tintcolor": "#76332e",
        "descriptionText.color": "#d7c387",
        "statusText.color": "#d7c387",
        "checkboxOff.image": "list_checkbox_img_normal.png",
        "checkboxOn.image": "list_checkbox_img_selected.png",
        "addInviteButton.color": "#ffffff"
    },
    "chathistory.option.item": {
        "button.background.color": {
            "normal": "#fddb5c",
            "pressed": "#ffce38"
        },
        "bottom.divider.background.color": "#ffce38",
        "text.color": {
            "normal": "#76332e",
            "dimmed": "#6676332e"
        }
    },
    "profile.thumbnail": {
        "group.small.image": "group_thumbnail_small.png",
        "single.big.image": "user_thumbnail_large_00.png",
        "group.big.image": "group_thumbnail_large.png",
        "single.small.image": "user_thumbnail_small_00.png"
    },
    "chathistory.privatechat.view.common": {"background.image": "chatroom_bg_hidden.9.png"},
    "main.view.common": {"background.color": "#fffccc"},
    "chathistory.input.voice": {
        "voip.background.color": {
            "normal": "#ffc240",
            "pressed": "#ffab27"
        },
        "voip.icon.tintcolor": "#ffffff",
        "voip.text.color": "#ffffff",
        "close.background.color": {
            "normal": "#feb008",
            "pressed": "#fe9e08"
        },
        "close.icon.tintcolor": "#ffffff"
    },
    "manifest": {
        "schemaVersion": 1,
        "provider": {
            "name": "LINE Corporation",
            "url": "http://www.linecorp.com"
        },
        "themeVersion": "5.10.0",
        "name": "PompomPurin",
        "platform": "Android",
        "revision": 12,
        "quality": 85
    },
    "noticenter2": {
        "title.text.color": "#76332e",
        "arrow.icon.image": "timeline_img_tabarrow.png",
        "background.color": "#ffffff",
        "more.icon.tintcolor": "#ad8582"
    },
    "chathistory.link.send.msg": {
        "bottom.background.image": "chatroom_gamemsg_line_send.9.png",
        "detail.text.color": "#8b575b",
        "arrow.tintcolor": "#d2a54e",
        "text.color": "#45171b"
    },
    "chathistory.spammer": {
        "name.text.color": "#720f18",
        "button.background.image": {
            "normal": "button_r06_normal.9.png",
            "pressed": "button_r06_pressed.9.png"
        },
        "background.image": "chatroom_spammer_bg.9.png",
        "button.text.color": "#ffffff",
        "text.color": "#a6414d"
    },
    "navigationBar.moreMenu": {"item.text.color": "#76332e"},
    "tabBar.item": {"badge.background.image": "gnb_num_bg.9.png"},
    "chathistory.balloon.video.default.recv": {"background.color": "#ffffff"},
    "addFriend.tab.addGroup": {
        "icon.background.tintcolor": "#f4e8b0",
        "icon.tintcolor": "#76332e",
        "subtext.color": "#d7c387",
        "updateButton.tintcolor": {
            "normal": "#76332e",
            "pressed": "#612d29"
        },
        "background.color": {
            "normal": "#fffccc",
            "pressed": "#fffbbc"
        },
        "addButton.text.color": "#ffffff",
        "addButton.background.tintcolor": {
            "normal": "#76332e",
            "pressed": "#612d29"
        },
        "arrow.tintcolor": "#ebd8a3",
        "text.color": "#76332e"
    },
    "chathistory.contact.recv.msg": {
        "arrow.tintcolor": "#d3bdbc",
        "text.color": "#76332e"
    },
    "myhome.lineend.smiley": {"smiley.tintcolor": "#ffffff"},
    "splash": {
        "splash.background.image": {
            "normal": "",
            "top": [
                "splash_logo.png",
                "splash_img.png"
            ],
            "gravity": [
                "center",
                "bottom"
            ]
        },
        "background.color": "#fffdd1"
    },
    "passcode": {
        "number.background.tintcolor": {
            "normal": "#fedc5c",
            "pressed": "#fed246"
        },
        "passcode3.input.image": "password_ic_03_on.png",
        "passcode2.background.image": "password_ic_02_off.png",
        "passcode1.input.image": "password_ic_01_on.png",
        "number.text.tintcolor": "#ffffff",
        "passcode2.input.image": "password_ic_02_on.png",
        "passcode4.background.image": "password_ic_04_off.png",
        "background.color": "#fedc5c",
        "top.background.color": "#fffccc",
        "text.color": "#76332e",
        "infotext.color": "#b69278",
        "passcode1.background.image": "password_ic_01_off.png",
        "number.delete.tintcolor": {
            "normal": "#ffffff",
            "pressed": "#ffffff"
        },
        "passcode3.background.image": "password_ic_03_off.png",
        "number.cancel.text.color": {
            "normal": "#ffffff",
            "pressed": "#f7ffffff"
        },
        "passcode4.input.image": "password_ic_04_on.png"
    },
    "myhome.post.body": {"text.color": "#000000"}
}