{
    "calllist.item": {
        "dateText.color": "#99ccda",
        "phoneIcon.tintcolor": {
            "normal": "#55808b",
            "pressed": "#32626f"
        },
        "nameText.color": "#4f7c88",
        "phoneIcon.background.tintcolor": {
            "normal": "#8fc8d8",
            "pressed": "#7bbdcf"
        },
        "dateIcon.tintcolor": "#99ccda"
    },
    "chathistory.attach.header": {
        "background.image": "header_bg.9.png",
        "text.color": "#ffffff"
    },
    "friendlist.category": {
        "textSeeAll.color": "#80a2ab",
        "arrowClose.tintcolor": "#b4e0ec",
        "arrowOpen.tintcolor": "#b4e0ec",
        "textSeeAll.arrow.tintcolor": "#80a2ab",
        "background.color": "#f3fcff",
        "text.color": "#b4e0ec"
    },
    "chathistory.file.recv.msg": {
        "file.icon.tintcolor": "#475356",
        "expire.text.color": "#b5babb",
        "arrow.tintcolor": "#c7cbcc",
        "text.color": "#475356"
    },
    "tabBar.item.talk": {
        "normal.image": "gnb_ic_chats_normal.png",
        "selected.image": "gnb_ic_chats_selected.png"
    },
    "chathistory.text.send.msg": {"text.color": "#475356"},
    "grouphome.main": {
        "tab.text.color": "#cdedf5",
        "moreTab.icon.tintcolor": {
            "normal": "#cdedf5",
            "pressed": "#ffffff"
        },
        "albumCreateBtn.image": {
            "normal": "group_ic_postalbum.png",
            "pressed": "group_ic_postalbum_pressed.png"
        },
        "selectedTab.text.color": "#ffffff",
        "tab.background.color": "#abe1ef",
        "postWriteBtn.image": {
            "normal": "group_ic_writepost.png",
            "pressed": "group_ic_writepost_pressed.png"
        },
        "tabBottomLine.background.color": "#f4b4d0"
    },
    "chathistory.option.item.voip.video": {
        "background.color": {
            "normal": "#f3fcff",
            "pressed": "#eaf7fb"
        },
        "text.color": {
            "normal": "#4f7c88",
            "dimmed": "#664f7c88"
        }
    },
    "chathistory.text.recv.msg": {"text.color": "#475356"},
    "addFriend.tab.icon": {
        "idsearch.image": "gnb_ic_search.png",
        "invite.image": "gnb_ic_contacts.png",
        "qrcode.image": "gnb_ic_qrcode.png",
        "shakeit.image": "gnb_ic_shakeit.png"
    },
    "chathistory.balloon.text.send": {"background.image": {
        "normal": "chatroom_balloon_send_normal.9.png",
        "padding": "11 5 16 8",
        "pressed": "chatroom_balloon_send_pressed.9.png"
    }},
    "friendlist.common": {"noresult.text.color": "#80a2ab"},
    "chatlist.item": {
        "messageText.color": "#99ccda",
        "nameText.color": "#4f7c88",
        "newIcon.image": "list_category_chat_new.png",
        "timeText.color": "#99ccda",
        "muteIcon.tintcolor": "#c6e4ec",
        "messageCountText.color": "#ffffff",
        "messageCountText.background.image": "list_category_chat_num.9.png"
    },
    "chathistory.attach.item": {
        "icon.tintcolor": "#a1bcc3",
        "external.icon.tintcolor": "#9fbbc3",
        "background.color": {
            "normal": "#f3fcff",
            "pressed": "#eaf7fb"
        },
        "text.color": "#4f7c88"
    },
    "chathistory.common": {
        "datebar.background.image": "chatroom_date.9.png",
        "soundsticker.icon.tintcolor": "#b4d5dd",
        "autoresend.icon.tintcolor": "#b4d5dd",
        "checkBox.image": {
            "normal": "list_checkbox_img_normal.png",
            "selected": "list_checkbox_img_selected.png"
        },
        "time.color": "#b4d5dd",
        "name.color": "#475356",
        "datebar.text.color": "#ffffff"
    },
    "bottom.button.common": {
        "button1.background.color": {
            "normal": "#f1cada",
            "pressed": "#eac3d2",
            "dimmed": "#f1cada"
        },
        "button2.background.color": {
            "normal": "#98d8e9",
            "pressed": "#90d1e2",
            "dimmed": "#98d8e9"
        },
        "button1.text.color": {
            "normal": "#ffffff",
            "dimmed": "#66ffffff"
        },
        "button2.text.color": {
            "normal": "#ffffff",
            "dimmed": "#66ffffff"
        }
    },
    "invitemember.tab.item": {
        "icon.tintcolor": "#ffffff",
        "background.image": {
            "normal": "gnb_bg_addfriend_normal.9.png",
            "pressed": "gnb_bg_addfriend_pressed.9.png"
        },
        "text.color": "#ffffff"
    },
    "chathistory.music.recv.msg": {
        "title.text.color": "#475356",
        "playlist.default.image": "chatroom_ic_music_playlist.png",
        "playbtn.default.image": "chatroom_music_play_default.png",
        "playing.image": "chatroom_music_bar_playing.png",
        "playbtn.background.pressed.image": "chatroom_music_bar_pressed.png",
        "stopbtn.default.image": "chatroom_music_stop_default.png",
        "playbtn.pressed.image": "chatroom_music_play_pressed.png",
        "playbtn.background.default.image": "chatroom_music_bar_default.png",
        "typename.text.color": "#a3a9aa",
        "topic.default.image": "chatroom_ic_music_topic.png",
        "service.text.color": "#a3a9aa",
        "loading.image": "chatroom_music_loading.png",
        "artist.text.color": "#a3a9aa",
        "stopbtn.pressed.image": "chatroom_music_stop_pressed.png"
    },
    "myhome.post.bottom": {
        "commentText.color": "#4f7c88",
        "commentIcon.image": {
            "normal": "timeline_ic_postcomment.png",
            "selected": "timeline_ic_postcomment.png"
        },
        "likeText.color": "#4f7c88",
        "likeIcon.image": {
            "normal": "timeline_ic_postlike_off.png",
            "selected": "timeline_ic_postlike_on.png"
        },
        "likeCountText.color": "#4f7c88",
        "commentCountText.color": "#4f7c88"
    },
    "chathistory.balloon.recv": {"background.image": {
        "normal": "chatroom_balloon_rec_normal.9.png",
        "pressed": "chatroom_balloon_rec_pressed.9.png"
    }},
    "chathistory.memberlist.area": {"background.color": "#e5abe1ef"},
    "chathistory.contact.send.msg": {
        "arrow.tintcolor": "#c5c08e",
        "text.color": "#475356"
    },
    "tabBar.item.friend": {
        "normal.image": "gnb_ic_friends_normal.png",
        "selected.image": "gnb_ic_friends_selected.png"
    },
    "moreMenu.item": {
        "addfriend.image": "more_ic_addfriends.png",
        "newIcon.image": "more_ic_new.png",
        "setting.image": "more_ic_settings.png",
        "background.color": {
            "normal": "#f3fcff",
            "pressed": "#e8f8fd"
        },
        "text.color": "#99ccda"
    },
    "myhome.list.header": {
        "updateTitleText.color": "#99ccda",
        "updateText.color": "#99ccda",
        "updateTimeText.color": "#99ccda"
    },
    "chathistory.file.send.msg": {
        "file.icon.tintcolor": "#6b7266",
        "expire.text.color": "#a1a17e",
        "arrow.tintcolor": "#c5c08e",
        "text.color": "#475356"
    },
    "chathistory.privatechat.balloon.receive.text": {
        "background.image": {
            "normal": "chatroom_balloon_hidden.9.png",
            "pressed": "chatroom_balloon_hidden.9.png"
        },
        "icon.arrow.tintcolor": "#c7cbcc",
        "text.color": "#475356"
    },
    "common.empty.page": {
        "zero.subtitle.color": "#99ccda",
        "zerobutton.text.color": "#ffffff",
        "call.name.text.color": "#4f7c88",
        "zero.title.color": "#4f7c88",
        "zero.image": "zero_img_empty.png",
        "error.subtitle.color": "#99ccda",
        "error.button.background.image": {
            "normal": "button_r07_normal.9.png",
            "pressed": "button_r07_pressed.9.png"
        },
        "call.link.text.color": "#99ccda",
        "error.button.text.color": "#ffffff",
        "zerobutton.background.image": {
            "normal": "button_r07_normal.9.png",
            "pressed": "button_r07_pressed.9.png"
        },
        "error.image": "zero_img_error.png"
    },
    "grouphome.friend.request": {
        "btn.background.color": {
            "normal": "#abe1ef",
            "pressed": "#98d8e9"
        },
        "btn.text.color": "#ffffff",
        "background.color": "#7fcaeff9",
        "message.text.color": "#ffffff",
        "message.icon.tintcolor": "#ffffff"
    },
    "notification.popup": {
        "setting.checkbox.background.image": {
            "normal": "list_checkbox_img_normal.png",
            "selected": "list_checkbox_img_selected.png"
        },
        "title.logo.tintcolor": "#ffffff",
        "title.username.text.color": "#ffffff",
        "title.groupname.text.color": "#ffffff",
        "title.count.background.image": "popup_noti_img_num_bg.9.png",
        "title.background.image": "popup_noti_bg_top.9.png",
        "title.setting.image.tintcolor": "#ffffff",
        "reply.input.bar.background.color": {
            "normal": "#d6d6d6",
            "selected": "#a6e0f0"
        },
        "title.count.text.color": "#ffffff",
        "reply.sendbutton.tintcolor": {
            "normal": "#b8e8f5",
            "pressed": "#a6e0f0",
            "selected": "#a6e0f0"
        }
    },
    "tabBar.item.call": {
        "normal.image": "gnb_ic_call_normal.png",
        "selected.image": "gnb_ic_call_selected.png"
    },
    "tabBar": {
        "background.image.pattern": true,
        "background.image": "gnb_bg_pattern.png",
        "selectorBar.background.color": "#f4b4d0",
        "shadow.image": "gnb_gra.9.png"
    },
    "chathistory.attach.item.image": {
        "contact.image": {"normal": "chatroom_attach_ic_info.png"},
        "take.video.image": {"normal": "chatroom_attach_ic_takevideo.png"},
        "choose.video.image": {"normal": "chatroom_attach_ic_chooesvideo.png"},
        "take.photo.image": {"normal": "chatroom_attach_ic_takephoto.png"},
        "choose.photo.image": {"normal": "chatroom_attach_ic_photo.png"},
        "audio.image": {"normal": "chatroom_attach_ic_voicemessage.png"},
        "location.image": {"normal": "chatroom_attach_ic_location.png"}
    },
    "tabBar.item.more": {
        "normal.image": "gnb_ic_more_normal.png",
        "selected.image": "gnb_ic_more_selected.png"
    },
    "chathistory.groupboard.recv.msg": {
        "videoicon.tintcolor": "#b5babb",
        "more.text.color": "#b5babb",
        "photo.default.tintcolor": "#b5babb",
        "photoicon.tintcolor": "#b5babb",
        "bottom.background.image": "chatroom_gamemsg_line_rec.9.png",
        "sticker.default.tintcolor": "#b5babb",
        "video.default.tintcolor": "#b5babb",
        "location.text.color": "#475356",
        "arrow.tintcolor": "#c7cbcc",
        "text.color": "#475356",
        "bottom.text.color": "#b5babb"
    },
    "myhome.background": {"background.color": "#f3fcff"},
    "navigationBar.tab": {"text.color": {
        "normal": "#ffffff",
        "selected": "#66ffffff"
    }},
    "grouphome.member.category": {
        "edit.btn.background.image": {
            "normal": "button_r10_normal.9.png",
            "pressed": "button_r10_pressed.9.png"
        },
        "category.text.color": "#99ccda",
        "category.divider.background.color": "#daf2f8",
        "category.count.text.color": "#99ccda",
        "edit.btn.text.color": "#ffffff"
    },
    "chathistory.balloon.video.default.send": {"background.color": "#fcefa6"},
    "moreMenu.topbanner.item": {
        "subtext.color": "#99ccda",
        "arrowIcon.tintcolor": "#b8dde7",
        "background.color": "#f3fcff",
        "topDivider.background.color": "#daf2f8",
        "text.color": "#4f7c88"
    },
    "chathistory.music.send.msg": {
        "title.text.color": "#475356",
        "playlist.default.image": "chatroom_ic_music_playlist.png",
        "playbtn.default.image": "chatroom_music_play_default.png",
        "playing.image": "chatroom_music_bar_playing.png",
        "playbtn.background.pressed.image": "chatroom_music_bar_pressed.png",
        "stopbtn.default.image": "chatroom_music_stop_default.png",
        "playbtn.pressed.image": "chatroom_music_play_pressed.png",
        "playbtn.background.default.image": "chatroom_music_bar_default.png",
        "typename.text.color": "#a1a17e",
        "topic.default.image": "chatroom_ic_music_topic.png",
        "service.text.color": "#a1a17e",
        "loading.image": "chatroom_music_loading.png",
        "artist.text.color": "#a1a17e",
        "stopbtn.pressed.image": "chatroom_music_stop_pressed.png"
    },
    "grouphome.error": {
        "btn.text.color": "#ffffff",
        "sticker.image": "zero_img_error.png",
        "icon.tintcolor": "#99ccda",
        "msg.text.color": "#99ccda",
        "btn.text.background.image": {
            "normal": "button_r08_normal.9.png",
            "pressed": "button_r08_pressed.9.png"
        },
        "msg.text.shadow": "#00000000"
    },
    "select.chat.bottom": {
        "button.background.color": {
            "normal": "#98d8e9",
            "pressed": "#90d1e2"
        },
        "button.icon.tintcolor": "#ffffff",
        "button.text.color": {
            "normal": "#ffffff",
            "dimmed": "#7fffffff"
        }
    },
    "chathistory.option.item.voip.voice": {
        "background.color": {
            "normal": "#f3fcff",
            "pressed": "#eaf7fb"
        },
        "text.color": {
            "normal": "#4f7c88",
            "dimmed": "#664f7c88"
        }
    },
    "chathistory.view.common": {
        "background.image.pattern": true,
        "background.image": {"normal": "chatroom_bg_pattern.png"},
        "background.color": "#e5f5fa"
    },
    "chathistory.input": {
        "inputText.color": "#4f7c88",
        "photoButton.icon.image": "chatroom_ic_photo.png",
        "inputText.hint": "#a6b69b",
        "attachButton.icon.image": "chatroom_ic_add.png",
        "background.image": "chatroom_input_bg.9.png",
        "sendButton.background.color": {
            "normal": "#98d8e9",
            "pressed": "#90d1e2"
        },
        "sendButton.tintcolor": "#ffffff",
        "eskButton.icon.image": "chatroom_ic_stickers.png"
    },
    "friendlist.item.common": {
        "new.background.color": {
            "normal": "#fbfeff",
            "pressed": "#e8f8fd"
        },
        "checked.background.color": {
            "normal": "#e8f8fd",
            "pressed": "#e8f8fd"
        },
        "background.color": {
            "normal": "#f3fcff",
            "pressed": "#e8f8fd"
        }
    },
    "chathistory.privatechat.tooltip": {"text.color": "#99ccda"},
    "chathistory.option.item.image": {
        "block.image": "chatroom_option_ic_block.png",
        "timer.image": "chatroom_option_ic_timer_normal.png",
        "recommend.dimmed.image": "chatroom_option_ic_recom_disable.png",
        "edit.group.image": "chatroom_option_ic_editgroup_normal.png",
        "invite.image": "chatroom_option_ic_invite_normal.png",
        "leave.dimmed.image": "chatroom_option_ic_leave_disable.png",
        "leave.image": "chatroom_option_ic_leave_normal.png",
        "line.call.dimmed.image": "chatroom_option_ic_linecall_disable.png",
        "album.image": "chatroom_option_ic_albums_normal.png",
        "recommend.image": "chatroom_option_ic_recom_normal.png",
        "create.group.dimmed.image": "chatroom_option_ic_creategroup_disable.png",
        "timer.dimmed.image": "chatroom_option_ic_timer_disable.png",
        "create.group.image": "chatroom_option_ic_creategroup_normal.png",
        "edit.image": "chatroom_option_ic_edit_normal.png",
        "edit.group.dimmed.image": "chatroom_option_ic_editgroup_disable.png",
        "photo.video.dimmed.image": "chatroom_option_ic_pv_disable.png",
        "notification.on.image": "chatroom_option_ic_noti_on.png",
        "album.dimmed.image": "chatroom_option_ic_albums_disable.png",
        "setting.dimmed.image": "chatroom_option_ic_setting_disable.png",
        "invite.dimmed.image": "chatroom_option_ic_invite_disable.png",
        "notification.off.image": "chatroom_option_ic_noti_off.png",
        "setting.image": "chatroom_option_ic_setting_normal.png",
        "unblock.image": "chatroom_option_ic_unblock.png",
        "photo.video.image": "chatroom_option_ic_pv_normal.png",
        "edit.dimmed.image": "chatroom_option_ic_edit_disable.png",
        "line.call.image": "chatroom_option_ic_linecall_normal.png",
        "photo.image": "chatroom_option_ic_pv_normal.png",
        "send.gift.dimmed.image": "chatroom_option_ic_gift_disable.png",
        "send.gift.image": "chatroom_option_ic_gift_normal.png"
    },
    "myhome.write.post": {
        "icon.tintcolor": "#4f7c88",
        "text.color": "#4f7c88"
    },
    "chathistory.gift.send.msg": {
        "background.image": "chatroom_balloon_gift_send.9.png",
        "text.color": "#475356"
    },
    "chathistory.voip.send.msg": {
        "icon.tintcolor": "#6b7266",
        "linecall.text.color": "#475356",
        "text.color": "#475356"
    },
    "chathistory.privatechat.header.banner.item": {
        "icon.tintcolor": "#c2e0e9",
        "text.color": "#c2e0e9"
    },
    "view.common": {"background.color": "#f3fcff"},
    "chathistory.groupboard.tip": {"text.color": "#99ccda"},
    "search.chat.highlightColor": {
        "chatList.text.color": "#f4b4d0",
        "receiveMessage.text.color": "#ffa7e1",
        "sendMessage.text.color": "#ffa7e1"
    },
    "myhome.cover": {
        "officialHomeProfileText.color": "#4f7c88",
        "officialHomeProfileArrow.tintcolor": {
            "normal": "#a0abb6",
            "pressed": "#a0abb6"
        }
    },
    "navigationBar": {
        "title.text.color": "#ffffff",
        "button.background.color": {
            "normal": "#00000000",
            "pressed": "#00000000"
        },
        "badge.text.color": "#ffffff",
        "button.tintcolor": {
            "normal": "#ffffff",
            "pressed": "#cdedf5",
            "dimmed": "#cdedf5",
            "selected": "#ffffff"
        },
        "background.image": "header_bg.9.png",
        "badge.new.image": "header_ic_new.png",
        "button.text.color": {
            "normal": "#ffffff",
            "pressed": "#cdedf5",
            "dimmed": "#cdedf5",
            "selected": "#ffffff"
        },
        "title.button.tintcolor": "#ffffff",
        "status.background.color": "#98d8e9",
        "badge.count.background.image": "header_num_bg.9.png"
    },
    "chathistory.voice.recv.msg": {
        "speak.expire.image": "chatroom_ic_voicemsg_rec_x.png",
        "bottom.background.image": "chatroom_voicemsg_line_w_rec.9.png",
        "colon.tintcolor": {
            "normal": "#b5babb",
            "selected": "#6c7578"
        },
        "seperator.image": "chatroom_voicemsg_line_h_rec.9.png",
        "speak3.image": "chatroom_ic_voicemsg_rec_03.png",
        "speak1.image": "chatroom_ic_voicemsg_rec_01.png",
        "share.image": {
            "normal": "chatroom_ic_voicemsg_rec_share.png",
            "selected": "chatroom_ic_voicemsg_rec_share_pressed.png"
        },
        "play.image": {
            "normal": "chatroom_ic_voicemsg_rec_play.png",
            "selected": "chatroom_ic_voicemsg_rec_play_pressed.png"
        },
        "speak.image": "chatroom_ic_voicemsg_rec_00.png",
        "pause.image": {
            "normal": "chatroom_ic_voicemsg_rec_pause.png",
            "selected": "chatroom_ic_voicemsg_rec_pause_pressed.png"
        },
        "speak2.image": "chatroom_ic_voicemsg_rec_02.png",
        "text.color": {
            "normal": "#b5babb",
            "selected": "#6c7578"
        }
    },
    "tabBar.item.timeline": {
        "highlight.image": "gnb_ic_timeline_new.png",
        "normal.image": "gnb_ic_timeline_normal.png",
        "selected.image": "gnb_ic_timeline_selected.png"
    },
    "grouphome.member.profile": {
        "add.btn.icon.tintcolor": "#99ccda",
        "profile.name.text.color": "#4f7c88"
    },
    "addFriend.tab.item": {
        "background.image": {
            "normal": "gnb_bg_addfriend_normal.9.png",
            "pressed": "gnb_bg_addfriend_pressed.9.png"
        },
        "text.color": "#ffffff"
    },
    "chathistory.voice.send.msg": {
        "speak.expire.image": "chatroom_ic_voicemsg_send_x.png",
        "bottom.background.image": "chatroom_voicemsg_line_w_send.9.png",
        "colon.tintcolor": {
            "normal": "#b4b186",
            "selected": "#6b7266"
        },
        "seperator.image": "chatroom_voicemsg_line_h_send.9.png",
        "speak3.image": "chatroom_ic_voicemsg_send_03.png",
        "speak1.image": "chatroom_ic_voicemsg_send_01.png",
        "share.image": {
            "normal": "chatroom_ic_voicemsg_send_share.png",
            "selected": "chatroom_ic_voicemsg_send_share_pressed.png"
        },
        "play.image": {
            "normal": "chatroom_ic_voicemsg_send_play.png",
            "selected": "chatroom_ic_voicemsg_send_play_pressed.png"
        },
        "speak.image": "chatroom_ic_voicemsg_send_00.png",
        "pause.image": {
            "normal": "chatroom_ic_voicemsg_send_pause.png",
            "selected": "chatroom_ic_voicemsg_send_pause_pressed.png"
        },
        "speak2.image": "chatroom_ic_voicemsg_send_02.png",
        "text.color": {
            "normal": "#b4b186",
            "selected": "#6b7266"
        }
    },
    "chathistory.option.item.voip.voice.image": {
        "voice.call.dimmed.image": "chatroom_option_ic_freecall_disable.png",
        "voice.call.image": "chatroom_option_ic_freecall_normal.png"
    },
    "chathistory.onair": {
        "background.image": "chatroom_onair_bg.9.png",
        "subtext.color": "#4f7c88",
        "text.color": "#4f7c88"
    },
    "chathistory.voip.recv.msg": {
        "icon.tintcolor": "#6c7578",
        "linecall.text.color": "#475356",
        "text.color": "#475356"
    },
    "moreMenu.view": {"background.color": "#f3fcff"},
    "myhome.post.header": {
        "groupBtn.popup.arrow.tintcolor": "#eaf6fa",
        "nameText.color": "#4f7c88",
        "groupBtn.background.image": {
            "normal": "button_r09_normal.9.png",
            "pressed": "button_r09_pressed.9.png"
        },
        "groupBtn.text.color": "#bdd4db",
        "groupBtn.popup.background.image": "timeline_img_bg_see_bg01.9.png",
        "sharePostMessage.color": "#4f7c88",
        "groupBtn.popup.pressed.reverse.background.image": {
            "normal": "",
            "pressed": "timeline_img_bg_see_bg02_pressed.9.png"
        },
        "groupBtn.popup.divider.background.color": "#a7dae8",
        "groupBtn.icon.tintcolor": "#bdd4db",
        "groupBtn.popup.reverse.background.image": "timeline_img_bg_see_bg02.9.png",
        "timeText.color": "#c8d7dc",
        "groupBtn.popup.detail.text.color": "#eaf6fa",
        "groupBtn.popup.pressed.background.image": {
            "normal": "",
            "pressed": "timeline_img_bg_see_bg01_pressed.9.png"
        },
        "groupBtn.popup.text.color": "#ffffff"
    },
    "chathistory.balloon.text.recv": {"background.image": {
        "normal": "chatroom_balloon_rec_normal.9.png",
        "padding": "16 5 11 8",
        "pressed": "chatroom_balloon_rec_pressed.9.png"
    }},
    "timeline.list.newpost": {
        "background.image": {
            "normal": "timeline_newpost_btn.9.png",
            "pressed": "timeline_newpost_btn.9.png"
        },
        "text.color": "#e0cd66"
    },
    "chathistory.gift.recv.msg": {
        "button.background.image": {
            "normal": "button_r07_normal.9.png",
            "pressed": "button_r07_pressed.9.png"
        },
        "background.image": "chatroom_balloon_gift_rec.9.png",
        "button.text.color": "#ffffff",
        "button.text.shadow": "#00000000",
        "text.color": "#475356"
    },
    "grouphome.empty": {
        "empty.album.icon.image.tintcolor": "#99ccda",
        "empty.btn.text.color": "#ffffff",
        "empty.note.icon.image.tintcolor": "#99ccda",
        "empty.btn.background.image": {
            "normal": "button_r08_normal.9.png",
            "pressed": "button_r08_pressed.9.png"
        },
        "empty.text.color": "#99ccda"
    },
    "multi.userselect": {
        "name.text.color": "#4f7c88",
        "background.color": "#7fb8e8f5"
    },
    "chathistory.link.recv.msg": {
        "bottom.background.image": "chatroom_gamemsg_line_rec.9.png",
        "detail.text.color": "#b5babb",
        "arrow.tintcolor": "#c7cbcc",
        "text.color": "#475356"
    },
    "timeline.userrecall": {
        "recalled.user.text.color": "#f4b4d0",
        "recall.user.text.color": "#ffffff",
        "suggest.dialog.text.color": "#f4b4d0",
        "recall.user.text.background.color": "#f4b4d0"
    },
    "searchBar": {
        "underbar.background.color": {
            "normal": "#d1f1f9",
            "selected": "#a2d7e4"
        },
        "text.hint": "#c1e6f0",
        "search.icon.image": "list_ic_search.png",
        "cancel.icon.tintcolor": "#97b4bc",
        "text.color": "#7096a0"
    },
    "chathistory.groupboard.send.msg": {
        "videoicon.tintcolor": "#a1a17e",
        "more.text.color": "#a1a17e",
        "photo.default.tintcolor": "#a1a17e",
        "photoicon.tintcolor": "#a1a17e",
        "bottom.background.image": "chatroom_gamemsg_line_send.9.png",
        "sticker.default.tintcolor": "#a1a17e",
        "video.default.tintcolor": "#a1a17e",
        "location.text.color": "#475356",
        "arrow.tintcolor": "#c5c08e",
        "text.color": "#475356",
        "bottom.text.color": "#a1a17e"
    },
    "chathistory.privatechat.common": {
        "name.text.color": "#475356",
        "timer.text.color": "#b4d5dd",
        "autoresend.icon.tintcolor": "#b4d5dd",
        "time.text.color": "#b4d5dd"
    },
    "select.chat.tab": {
        "background.image": "gnb_bg_select.9.png",
        "selectorBar.background.color": "#f4b4d0",
        "text.shadow": "#00000000",
        "text.color": {
            "normal": "#cdedf5",
            "selected": "#ffffff"
        }
    },
    "chathistory.input.sendButton.selectType": {
        "icon.tintcolor": {
            "normal": "#c2e0e9",
            "selected": "#99ccda"
        },
        "text.color": {
            "normal": "#c2e0e9",
            "selected": "#99ccda"
        }
    },
    "chathistory.option.item.voip.video.image": {
        "video.call.image": "chatroom_option_ic_videocall_normal.png",
        "video.call.dimmed.image": "chatroom_option_ic_videocall_disable.png"
    },
    "moreMenu.lower.item": {
        "newIcon.image": "more_ic_new.png",
        "icon.tintcolor": "#99ccda",
        "background.color": {
            "normal": "#f3fcff",
            "pressed": "#e8f8fd"
        },
        "text.color": "#99ccda"
    },
    "list.common": {"divider.background.color": "#daf2f8"},
    "chathistory.balloon.send": {"background.image": {
        "normal": "chatroom_balloon_send_normal.9.png",
        "pressed": "chatroom_balloon_send_pressed.9.png"
    }},
    "navigationBar.search": {
        "back.icon.tintcolor": {
            "normal": "#4f7c88",
            "pressed": "#4f7c88"
        },
        "underbar.background.color": "#a2d7e4",
        "background.image": "header_bg.9.png",
        "text.hint": "#4f7c88",
        "cancel.icon.tintcolor": "#4f7c88",
        "text.color": "#4f7c88"
    },
    "album.detail.menu": {
        "checked.icon.tintcolor": "#99ccda",
        "item.color": {
            "normal": "#c2e0e9",
            "selected": "#99ccda"
        }
    },
    "friendlist.item": {
        "phoneIcon.tintcolor": {
            "normal": "#55808b",
            "pressed": "#32626f"
        },
        "phoneNumberText.color": "#99ccda",
        "nameText.color": "#4f7c88",
        "phoneIcon.background.tintcolor": {
            "normal": "#8fc8d8",
            "pressed": "#7bbdcf"
        },
        "addFriend.background.tintcolor": {
            "normal": "#8fc8d8",
            "pressed": "#7bbdcf"
        },
        "arrowIcon.tintcolor": "#80a2ab",
        "moreButton.text.color": "#ffffff",
        "updateIcon.tintcolor": "#f4b4d0",
        "addInviteButton.background.image": {
            "normal": "button_r10_normal.9.png",
            "pressed": "button_r10_pressed.9.png"
        },
        "addFriend.icon.tintcolor": "#4f7c88",
        "descriptionText.color": "#99ccda",
        "statusText.color": "#99ccda",
        "checkboxOff.image": "list_checkbox_img_normal.png",
        "checkboxOn.image": "list_checkbox_img_selected.png",
        "addInviteButton.color": "#ffffff",
        "moreButton.background.image": {
            "normal": "button_r01_normal.9.png",
            "pressed": "button_r01_pressed.9.png"
        }
    },
    "chathistory.option.item": {
        "button.background.color": {
            "normal": "#f3fcff",
            "pressed": "#eaf7fb"
        },
        "bottom.divider.background.color": "#daf2f8",
        "text.color": {
            "normal": "#4f7c88",
            "dimmed": "#664f7c88"
        }
    },
    "profile.thumbnail": {
        "group.small.image": "group_thumbnail_small.png",
        "single.big.image": "user_thumbnail_large_00.png",
        "group.big.image": "group_thumbnail_large.png",
        "single.small.image": "user_thumbnail_small_00.png"
    },
    "chathistory.privatechat.view.common": {"background.image": "chatroom_bg_hidden.9.png"},
    "main.view.common": {"background.color": "#f3fcff"},
    "chathistory.input.voice": {
        "voip.background.color": {
            "normal": "#abe1ef",
            "pressed": "#98d8e9"
        },
        "voip.icon.tintcolor": "#ffffff",
        "voip.text.color": "#ffffff",
        "close.background.color": {
            "normal": "#9fdbeb",
            "pressed": "#8fd4e6"
        },
        "close.icon.tintcolor": "#f9f9f9"
    },
    "manifest": {
        "schemaVersion": 1,
        "provider": {
            "name": "LINE Corporation",
            "url": "http://www.linecorp.com"
        },
        "themeVersion": "5.10.0",
        "name": "Cinnamoroll",
        "platform": "Android",
        "revision": 11,
        "quality": 85
    },
    "noticenter2": {
        "title.text.color": "#4f7c88",
        "arrow.icon.image": "timeline_img_tabarrow.png",
        "background.color": "#ffffff",
        "more.icon.tintcolor": "#95b0b8"
    },
    "chathistory.link.send.msg": {
        "bottom.background.image": "chatroom_gamemsg_line_send.9.png",
        "detail.text.color": "#a1a17e",
        "arrow.tintcolor": "#c5c08e",
        "text.color": "#475356"
    },
    "chathistory.spammer": {
        "name.text.color": "#4f7c88",
        "button.background.image": {
            "normal": "button_r06_normal.9.png",
            "pressed": "button_r06_pressed.9.png"
        },
        "background.image": "chatroom_spammer_bg.9.png",
        "button.text.color": "#ffffff",
        "text.color": "#4f7c88"
    },
    "navigationBar.moreMenu": {"item.text.color": "#99ccda"},
    "tabBar.item": {"badge.background.image": "gnb_num_bg.9.png"},
    "chathistory.balloon.video.default.recv": {"background.color": "#ffffff"},
    "addFriend.tab.addGroup": {
        "icon.background.tintcolor": "#8fc8d8",
        "icon.tintcolor": "#4f7c88",
        "subtext.color": "#99ccda",
        "updateButton.tintcolor": {
            "normal": "#abe1ef",
            "pressed": "#98d8e9"
        },
        "background.color": {
            "normal": "#f3fcff",
            "pressed": "#e8f8fd"
        },
        "addButton.text.color": "#ffffff",
        "addButton.background.tintcolor": {
            "normal": "#abe1ef",
            "pressed": "#98d8e9"
        },
        "arrow.tintcolor": "#82a4ad",
        "text.color": "#4f7c88"
    },
    "chathistory.contact.recv.msg": {
        "arrow.tintcolor": "#c7cbcc",
        "text.color": "#475356"
    },
    "myhome.lineend.smiley": {"smiley.tintcolor": "#ffffff"},
    "splash": {
        "splash.background.image": {
            "normal": "",
            "top": [
                "splash_logo.png",
                "splash_img.png"
            ],
            "gravity": [
                "center",
                "bottom"
            ]
        },
        "background.color": "#bceaf6"
    },
    "passcode": {
        "number.background.tintcolor": {
            "normal": "#b6e8f5",
            "pressed": "#ace0ee"
        },
        "passcode3.input.image": "password_ic_03_on.png",
        "passcode2.background.image": "password_ic_02_off.png",
        "passcode1.input.image": "password_ic_01_on.png",
        "number.text.tintcolor": "#ffffff",
        "passcode2.input.image": "password_ic_02_on.png",
        "passcode4.background.image": "password_ic_04_off.png",
        "background.color": "#b6e8f5",
        "top.background.color": "#fffccc",
        "text.color": "#e0cd66",
        "infotext.color": "#ece08f",
        "passcode1.background.image": "password_ic_01_off.png",
        "number.delete.tintcolor": {
            "normal": "#ffffff",
            "pressed": "#ffffff"
        },
        "passcode3.background.image": "password_ic_03_off.png",
        "number.cancel.text.color": {
            "normal": "#ffffff",
            "pressed": "#f7ffffff"
        },
        "passcode4.input.image": "password_ic_04_on.png"
    },
    "myhome.post.body": {"text.color": "#000000"}
}